[
    {
        "user": "U3N3TBZPT",
        "type": "message",
        "ts": "1487368542.000160",
        "text": "hey folks, a bit of a protip for y’all; i’ve discovered that if you need to restart the bridge or the Elko server, be sure your avatars are not in context-test; if that happens and you haven’t corrupted your client, you can get everything to reconnect by trying a region change",
        "team": "T3NRU3N8L",
        "user_team": "T3NRU3N8L",
        "source_team": "T3NRU3N8L",
        "user_profile": {
            "avatar_hash": "g96f16513098",
            "image_72": "https:\/\/secure.gravatar.com\/avatar\/296f1651309839191e53ca51b0cca0cc.jpg?s=72&d=https%3A%2F%2Fa.slack-edge.com%2Fdf10d%2Fimg%2Favatars%2Fava_0001-72.png",
            "first_name": "Steve",
            "real_name": "Steve Salevan",
            "display_name": "steve",
            "team": "T3NRU3N8L",
            "name": "steve",
            "is_restricted": false,
            "is_ultra_restricted": false
        },
        "blocks": [
            {
                "type": "rich_text",
                "block_id": "WtcgA",
                "elements": [
                    {
                        "type": "rich_text_section",
                        "elements": [
                            {
                                "type": "text",
                                "text": "hey folks, a bit of a protip for y’all; i’ve discovered that if you need to restart the bridge or the Elko server, be sure your avatars are not in context-test; if that happens and you haven’t corrupted your client, you can get everything to reconnect by trying a region change"
                            }
                        ]
                    }
                ]
            }
        ]
    },
    {
        "user": "U3N3P0V89",
        "type": "message",
        "ts": "1487368585.000161",
        "text": "so even if you restart the bridge and elko server, as long as you didn't corrupt anything you'll still be fine?",
        "team": "T3NRU3N8L",
        "user_team": "T3NRU3N8L",
        "source_team": "T3NRU3N8L",
        "user_profile": {
            "avatar_hash": "6dcfc9e0d4c7",
            "image_72": "https:\/\/avatars.slack-edge.com\/2017-06-07\/195047001686_6dcfc9e0d4c71e750732_72.png",
            "first_name": "Stu",
            "real_name": "Stu",
            "display_name": "stu",
            "team": "T3NRU3N8L",
            "name": "stu",
            "is_restricted": false,
            "is_ultra_restricted": false
        },
        "blocks": [
            {
                "type": "rich_text",
                "block_id": "Rrpwm",
                "elements": [
                    {
                        "type": "rich_text_section",
                        "elements": [
                            {
                                "type": "text",
                                "text": "so even if you restart the bridge and elko server, as long as you didn't corrupt anything you'll still be fine?"
                            }
                        ]
                    }
                ]
            }
        ]
    },
    {
        "user": "U3N3P0V89",
        "type": "message",
        "ts": "1487368590.000162",
        "text": "that's pretty interesting",
        "team": "T3NRU3N8L",
        "user_team": "T3NRU3N8L",
        "source_team": "T3NRU3N8L",
        "user_profile": {
            "avatar_hash": "6dcfc9e0d4c7",
            "image_72": "https:\/\/avatars.slack-edge.com\/2017-06-07\/195047001686_6dcfc9e0d4c71e750732_72.png",
            "first_name": "Stu",
            "real_name": "Stu",
            "display_name": "stu",
            "team": "T3NRU3N8L",
            "name": "stu",
            "is_restricted": false,
            "is_ultra_restricted": false
        },
        "blocks": [
            {
                "type": "rich_text",
                "block_id": "FrmY",
                "elements": [
                    {
                        "type": "rich_text_section",
                        "elements": [
                            {
                                "type": "text",
                                "text": "that's pretty interesting"
                            }
                        ]
                    }
                ]
            }
        ]
    },
    {
        "user": "U3N3TBZPT",
        "type": "message",
        "ts": "1487368595.000163",
        "text": "yeah looks like it",
        "team": "T3NRU3N8L",
        "user_team": "T3NRU3N8L",
        "source_team": "T3NRU3N8L",
        "user_profile": {
            "avatar_hash": "g96f16513098",
            "image_72": "https:\/\/secure.gravatar.com\/avatar\/296f1651309839191e53ca51b0cca0cc.jpg?s=72&d=https%3A%2F%2Fa.slack-edge.com%2Fdf10d%2Fimg%2Favatars%2Fava_0001-72.png",
            "first_name": "Steve",
            "real_name": "Steve Salevan",
            "display_name": "steve",
            "team": "T3NRU3N8L",
            "name": "steve",
            "is_restricted": false,
            "is_ultra_restricted": false
        },
        "blocks": [
            {
                "type": "rich_text",
                "block_id": "I2uN",
                "elements": [
                    {
                        "type": "rich_text_section",
                        "elements": [
                            {
                                "type": "text",
                                "text": "yeah looks like it"
                            }
                        ]
                    }
                ]
            }
        ]
    }
]