[
    {
        "user": "U3NS4Q413",
        "type": "message",
        "ts": "1489099301.000188",
        "text": "",
        "team": "T3NRU3N8L",
        "user_team": "T3NRU3N8L",
        "source_team": "T3NRU3N8L",
        "user_profile": {
            "avatar_hash": "9a824257f5f9",
            "image_72": "https:\/\/avatars.slack-edge.com\/2017-06-19\/200099674645_9a824257f5f9fea53c25_72.png",
            "first_name": "Randy",
            "real_name": "Randy Farmer",
            "display_name": "randy",
            "team": "T3NRU3N8L",
            "name": "randy",
            "is_restricted": false,
            "is_ultra_restricted": false
        },
        "attachments": [
            {
                "fallback": "[March 9th, 2017 2:34 PM] thecarlsaganexpress: I just got home. I'm going to start working on lighting and I'll try to see if I can make any meaningful progress on it.",
                "ts": "1489098852.002977",
                "author_subname": "thecarlsaganexpress",
                "channel_id": "C410SRYFN",
                "is_msg_unfurl": true,
                "text": "I just got home. I'm going to start working on lighting and I'll try to see if I can make any meaningful progress on it.",
                "author_name": "Jason Goodman",
                "author_link": "https:\/\/neohabitat.slack.com\/team\/thecarlsaganexpress",
                "author_icon": "https:\/\/secure.gravatar.com\/avatar\/2f7a4fdd78a77c9889503ff2f6932e21.jpg?s=48&d=https%3A%2F%2Fa.slack-edge.com%2F66f9%2Fimg%2Favatars%2Fava_0009-48.png",
                "mrkdwn_in": [
                    "text"
                ],
                "color": "D0D0D0",
                "from_url": "https:\/\/neohabitat.slack.com\/archives\/geography\/p1489098852002977",
                "is_share": true,
                "footer": "Slack Conversation"
            }
        ]
    },
    {
        "user": "U3NS4Q413",
        "type": "message",
        "ts": "1489099324.000189",
        "text": "",
        "team": "T3NRU3N8L",
        "user_team": "T3NRU3N8L",
        "source_team": "T3NRU3N8L",
        "user_profile": {
            "avatar_hash": "9a824257f5f9",
            "image_72": "https:\/\/avatars.slack-edge.com\/2017-06-19\/200099674645_9a824257f5f9fea53c25_72.png",
            "first_name": "Randy",
            "real_name": "Randy Farmer",
            "display_name": "randy",
            "team": "T3NRU3N8L",
            "name": "randy",
            "is_restricted": false,
            "is_ultra_restricted": false
        },
        "attachments": [
            {
                "fallback": "[March 9th, 2017 2:41 PM] randy: Let me know if you want to go through any of it together. Remember for grep for FLASHLIGHT and the lighting state variable in all the pl1 code.",
                "ts": "1489099267.002978",
                "author_subname": "randy",
                "channel_id": "C410SRYFN",
                "is_msg_unfurl": true,
                "text": "Let me know if you want to go through any of it together. Remember for grep for FLASHLIGHT and the lighting state variable in all the pl1 code.",
                "author_name": "Randy Farmer",
                "author_link": "https:\/\/neohabitat.slack.com\/team\/randy",
                "author_icon": "https:\/\/avatars.slack-edge.com\/2017-01-09\/125299312132_2181d28d453db23dd8bd_48.png",
                "mrkdwn_in": [
                    "text"
                ],
                "color": "D0D0D0",
                "from_url": "https:\/\/neohabitat.slack.com\/archives\/geography\/p1489099267002978",
                "is_share": true,
                "footer": "Slack Conversation"
            }
        ]
    },
    {
        "user": "U3NS4Q413",
        "type": "message",
        "ts": "1489099363.000190",
        "text": "<@U42TSUYKS> Moved the discussion here.",
        "team": "T3NRU3N8L",
        "user_team": "T3NRU3N8L",
        "source_team": "T3NRU3N8L",
        "user_profile": {
            "avatar_hash": "9a824257f5f9",
            "image_72": "https:\/\/avatars.slack-edge.com\/2017-06-19\/200099674645_9a824257f5f9fea53c25_72.png",
            "first_name": "Randy",
            "real_name": "Randy Farmer",
            "display_name": "randy",
            "team": "T3NRU3N8L",
            "name": "randy",
            "is_restricted": false,
            "is_ultra_restricted": false
        },
        "blocks": [
            {
                "type": "rich_text",
                "block_id": "qG\/ts",
                "elements": [
                    {
                        "type": "rich_text_section",
                        "elements": [
                            {
                                "type": "user",
                                "user_id": "U42TSUYKS"
                            },
                            {
                                "type": "text",
                                "text": " Moved the discussion here."
                            }
                        ]
                    }
                ]
            }
        ]
    },
    {
        "user": "U42TSUYKS",
        "type": "message",
        "ts": "1489099392.000191",
        "text": "Thanks Randy!",
        "team": "T3NRU3N8L",
        "user_team": "T3NRU3N8L",
        "source_team": "T3NRU3N8L",
        "user_profile": {
            "avatar_hash": "ba39872df5d8",
            "image_72": "https:\/\/avatars.slack-edge.com\/2017-10-28\/263402517778_ba39872df5d83fd28588_72.jpg",
            "first_name": "Jason",
            "real_name": "Jason Goodman",
            "display_name": "thecarlsaganexpress",
            "team": "T3NRU3N8L",
            "name": "thecarlsaganexpress",
            "is_restricted": false,
            "is_ultra_restricted": false
        },
        "blocks": [
            {
                "type": "rich_text",
                "block_id": "UERpF",
                "elements": [
                    {
                        "type": "rich_text_section",
                        "elements": [
                            {
                                "type": "text",
                                "text": "Thanks Randy!"
                            }
                        ]
                    }
                ]
            }
        ]
    },
    {
        "text": "<@U42TSUYKS|thecarlsaganexpress> uploaded a file: <https:\/\/neohabitat.slack.com\/files\/thecarlsaganexpress\/F4GE1JB37\/light_off.jpg|Light off.JPG> and commented: Here's the context-test room with the lighting variable set to -1. Also, is this what a dark area is supposed to look like? I didn't really even have to implement anything, everything was basically already done from what I saw.",
        "files": [
            {
                "id": "F4GE1JB37",
                "created": 1489107012,
                "timestamp": 1489107012,
                "name": "Light off.JPG",
                "title": "Light off.JPG",
                "mimetype": "image\/jpeg",
                "filetype": "jpg",
                "pretty_type": "JPEG",
                "user": "U42TSUYKS",
                "user_team": "T3NRU3N8L",
                "editable": false,
                "size": 36834,
                "mode": "hosted",
                "is_external": false,
                "external_type": "",
                "is_public": true,
                "public_url_shared": false,
                "display_as_bot": false,
                "username": "",
                "url_private": "https:\/\/files.slack.com\/files-pri\/T3NRU3N8L-F4GE1JB37\/light_off.jpg?t=xoxe-124878124292-7467719047090-7480385333457-4296bbd25a5710071a4df099b64b6f19",
                "url_private_download": "https:\/\/files.slack.com\/files-pri\/T3NRU3N8L-F4GE1JB37\/download\/light_off.jpg?t=xoxe-124878124292-7467719047090-7480385333457-4296bbd25a5710071a4df099b64b6f19",
                "media_display_type": "unknown",
                "thumb_64": "https:\/\/files.slack.com\/files-tmb\/T3NRU3N8L-F4GE1JB37-7e36c49e48\/light_off_64.jpg?t=xoxe-124878124292-7467719047090-7480385333457-4296bbd25a5710071a4df099b64b6f19",
                "thumb_80": "https:\/\/files.slack.com\/files-tmb\/T3NRU3N8L-F4GE1JB37-7e36c49e48\/light_off_80.jpg?t=xoxe-124878124292-7467719047090-7480385333457-4296bbd25a5710071a4df099b64b6f19",
                "thumb_360": "https:\/\/files.slack.com\/files-tmb\/T3NRU3N8L-F4GE1JB37-7e36c49e48\/light_off_360.jpg?t=xoxe-124878124292-7467719047090-7480385333457-4296bbd25a5710071a4df099b64b6f19",
                "thumb_360_w": 360,
                "thumb_360_h": 313,
                "thumb_480": "https:\/\/files.slack.com\/files-tmb\/T3NRU3N8L-F4GE1JB37-7e36c49e48\/light_off_480.jpg?t=xoxe-124878124292-7467719047090-7480385333457-4296bbd25a5710071a4df099b64b6f19",
                "thumb_480_w": 480,
                "thumb_480_h": 417,
                "thumb_160": "https:\/\/files.slack.com\/files-tmb\/T3NRU3N8L-F4GE1JB37-7e36c49e48\/light_off_160.jpg?t=xoxe-124878124292-7467719047090-7480385333457-4296bbd25a5710071a4df099b64b6f19",
                "thumb_720": "https:\/\/files.slack.com\/files-tmb\/T3NRU3N8L-F4GE1JB37-7e36c49e48\/light_off_720.jpg?t=xoxe-124878124292-7467719047090-7480385333457-4296bbd25a5710071a4df099b64b6f19",
                "thumb_720_w": 720,
                "thumb_720_h": 625,
                "image_exif_rotation": 1,
                "original_w": 730,
                "original_h": 634,
                "permalink": "https:\/\/neohabitat.slack.com\/files\/U42TSUYKS\/F4GE1JB37\/light_off.jpg",
                "permalink_public": "https:\/\/slack-files.com\/T3NRU3N8L-F4GE1JB37-2246a583be",
                "is_starred": false,
                "has_rich_preview": false,
                "file_access": "visible"
            }
        ],
        "upload": true,
        "user": "U42TSUYKS",
        "display_as_bot": false,
        "blocks": [
            {
                "type": "rich_text",
                "block_id": "DAw",
                "elements": [
                    {
                        "type": "rich_text_section",
                        "elements": [
                            {
                                "type": "user",
                                "user_id": "U42TSUYKS"
                            },
                            {
                                "type": "text",
                                "text": " uploaded a file: "
                            },
                            {
                                "type": "link",
                                "url": "https:\/\/neohabitat.slack.com\/files\/thecarlsaganexpress\/F4GE1JB37\/light_off.jpg",
                                "text": "Light off.JPG",
                                "unsafe": true
                            },
                            {
                                "type": "text",
                                "text": " and commented: Here's the context-test room with the lighting variable set to -1. Also, is this what a dark area is supposed to look like? I didn't really even have to implement anything, everything was basically already done from what I saw."
                            }
                        ]
                    }
                ]
            }
        ],
        "type": "message",
        "ts": "1489107014.000192"
    },
    {
        "text": "<@U42TSUYKS|thecarlsaganexpress> uploaded a file: <https:\/\/neohabitat.slack.com\/files\/thecarlsaganexpress\/F4H21PS3G\/light_on.jpg|Light on.JPG> and commented: And here is the same room with the flashlight turned on.",
        "files": [
            {
                "id": "F4H21PS3G",
                "created": 1489107032,
                "timestamp": 1489107032,
                "name": "Light on.JPG",
                "title": "Light on.JPG",
                "mimetype": "image\/jpeg",
                "filetype": "jpg",
                "pretty_type": "JPEG",
                "user": "U42TSUYKS",
                "user_team": "T3NRU3N8L",
                "editable": false,
                "size": 66078,
                "mode": "hosted",
                "is_external": false,
                "external_type": "",
                "is_public": true,
                "public_url_shared": false,
                "display_as_bot": false,
                "username": "",
                "url_private": "https:\/\/files.slack.com\/files-pri\/T3NRU3N8L-F4H21PS3G\/light_on.jpg?t=xoxe-124878124292-7467719047090-7480385333457-4296bbd25a5710071a4df099b64b6f19",
                "url_private_download": "https:\/\/files.slack.com\/files-pri\/T3NRU3N8L-F4H21PS3G\/download\/light_on.jpg?t=xoxe-124878124292-7467719047090-7480385333457-4296bbd25a5710071a4df099b64b6f19",
                "media_display_type": "unknown",
                "thumb_64": "https:\/\/files.slack.com\/files-tmb\/T3NRU3N8L-F4H21PS3G-09df48fff3\/light_on_64.jpg?t=xoxe-124878124292-7467719047090-7480385333457-4296bbd25a5710071a4df099b64b6f19",
                "thumb_80": "https:\/\/files.slack.com\/files-tmb\/T3NRU3N8L-F4H21PS3G-09df48fff3\/light_on_80.jpg?t=xoxe-124878124292-7467719047090-7480385333457-4296bbd25a5710071a4df099b64b6f19",
                "thumb_360": "https:\/\/files.slack.com\/files-tmb\/T3NRU3N8L-F4H21PS3G-09df48fff3\/light_on_360.jpg?t=xoxe-124878124292-7467719047090-7480385333457-4296bbd25a5710071a4df099b64b6f19",
                "thumb_360_w": 360,
                "thumb_360_h": 314,
                "thumb_480": "https:\/\/files.slack.com\/files-tmb\/T3NRU3N8L-F4H21PS3G-09df48fff3\/light_on_480.jpg?t=xoxe-124878124292-7467719047090-7480385333457-4296bbd25a5710071a4df099b64b6f19",
                "thumb_480_w": 480,
                "thumb_480_h": 419,
                "thumb_160": "https:\/\/files.slack.com\/files-tmb\/T3NRU3N8L-F4H21PS3G-09df48fff3\/light_on_160.jpg?t=xoxe-124878124292-7467719047090-7480385333457-4296bbd25a5710071a4df099b64b6f19",
                "thumb_720": "https:\/\/files.slack.com\/files-tmb\/T3NRU3N8L-F4H21PS3G-09df48fff3\/light_on_720.jpg?t=xoxe-124878124292-7467719047090-7480385333457-4296bbd25a5710071a4df099b64b6f19",
                "thumb_720_w": 720,
                "thumb_720_h": 628,
                "image_exif_rotation": 1,
                "original_w": 727,
                "original_h": 634,
                "permalink": "https:\/\/neohabitat.slack.com\/files\/U42TSUYKS\/F4H21PS3G\/light_on.jpg",
                "permalink_public": "https:\/\/slack-files.com\/T3NRU3N8L-F4H21PS3G-a993b51bf3",
                "is_starred": false,
                "has_rich_preview": false,
                "file_access": "visible"
            }
        ],
        "upload": true,
        "user": "U42TSUYKS",
        "display_as_bot": false,
        "blocks": [
            {
                "type": "rich_text",
                "block_id": "MBGa1",
                "elements": [
                    {
                        "type": "rich_text_section",
                        "elements": [
                            {
                                "type": "user",
                                "user_id": "U42TSUYKS"
                            },
                            {
                                "type": "text",
                                "text": " uploaded a file: "
                            },
                            {
                                "type": "link",
                                "url": "https:\/\/neohabitat.slack.com\/files\/thecarlsaganexpress\/F4H21PS3G\/light_on.jpg",
                                "text": "Light on.JPG",
                                "unsafe": true
                            },
                            {
                                "type": "text",
                                "text": " and commented: And here is the same room with the flashlight turned on."
                            }
                        ]
                    }
                ]
            }
        ],
        "type": "message",
        "ts": "1489107034.000193"
    },
    {
        "user": "U3NS4Q413",
        "type": "message",
        "ts": "1489107034.000194",
        "text": "Yup.",
        "team": "T3NRU3N8L",
        "user_team": "T3NRU3N8L",
        "source_team": "T3NRU3N8L",
        "user_profile": {
            "avatar_hash": "9a824257f5f9",
            "image_72": "https:\/\/avatars.slack-edge.com\/2017-06-19\/200099674645_9a824257f5f9fea53c25_72.png",
            "first_name": "Randy",
            "real_name": "Randy Farmer",
            "display_name": "randy",
            "team": "T3NRU3N8L",
            "name": "randy",
            "is_restricted": false,
            "is_ultra_restricted": false
        },
        "blocks": [
            {
                "type": "rich_text",
                "block_id": "Y848",
                "elements": [
                    {
                        "type": "rich_text_section",
                        "elements": [
                            {
                                "type": "text",
                                "text": "Yup."
                            }
                        ]
                    }
                ]
            }
        ]
    },
    {
        "user": "U3NS4Q413",
        "type": "message",
        "ts": "1489107064.000195",
        "text": "Please go through every place in the PL1 that mentions light level.",
        "team": "T3NRU3N8L",
        "user_team": "T3NRU3N8L",
        "source_team": "T3NRU3N8L",
        "user_profile": {
            "avatar_hash": "9a824257f5f9",
            "image_72": "https:\/\/avatars.slack-edge.com\/2017-06-19\/200099674645_9a824257f5f9fea53c25_72.png",
            "first_name": "Randy",
            "real_name": "Randy Farmer",
            "display_name": "randy",
            "team": "T3NRU3N8L",
            "name": "randy",
            "is_restricted": false,
            "is_ultra_restricted": false
        },
        "blocks": [
            {
                "type": "rich_text",
                "block_id": "B2H",
                "elements": [
                    {
                        "type": "rich_text_section",
                        "elements": [
                            {
                                "type": "text",
                                "text": "Please go through every place in the PL1 that mentions light level."
                            }
                        ]
                    }
                ]
            }
        ]
    },
    {
        "user": "U3NS4Q413",
        "type": "message",
        "ts": "1489107083.000196",
        "text": "Many of those aren't yet implemented. Lots of TODOs in the java code...",
        "team": "T3NRU3N8L",
        "user_team": "T3NRU3N8L",
        "source_team": "T3NRU3N8L",
        "user_profile": {
            "avatar_hash": "9a824257f5f9",
            "image_72": "https:\/\/avatars.slack-edge.com\/2017-06-19\/200099674645_9a824257f5f9fea53c25_72.png",
            "first_name": "Randy",
            "real_name": "Randy Farmer",
            "display_name": "randy",
            "team": "T3NRU3N8L",
            "name": "randy",
            "is_restricted": false,
            "is_ultra_restricted": false
        },
        "blocks": [
            {
                "type": "rich_text",
                "block_id": "wwxJ",
                "elements": [
                    {
                        "type": "rich_text_section",
                        "elements": [
                            {
                                "type": "text",
                                "text": "Many of those aren't yet implemented. Lots of TODOs in the java code..."
                            }
                        ]
                    }
                ]
            }
        ]
    },
    {
        "user": "U3NS4Q413",
        "type": "message",
        "ts": "1489107110.000197",
        "text": "Also, you need to test it on at least 2 clients.",
        "team": "T3NRU3N8L",
        "user_team": "T3NRU3N8L",
        "source_team": "T3NRU3N8L",
        "user_profile": {
            "avatar_hash": "9a824257f5f9",
            "image_72": "https:\/\/avatars.slack-edge.com\/2017-06-19\/200099674645_9a824257f5f9fea53c25_72.png",
            "first_name": "Randy",
            "real_name": "Randy Farmer",
            "display_name": "randy",
            "team": "T3NRU3N8L",
            "name": "randy",
            "is_restricted": false,
            "is_ultra_restricted": false
        },
        "blocks": [
            {
                "type": "rich_text",
                "block_id": "OLZD",
                "elements": [
                    {
                        "type": "rich_text_section",
                        "elements": [
                            {
                                "type": "text",
                                "text": "Also, you need to test it on at least 2 clients."
                            }
                        ]
                    }
                ]
            }
        ]
    },
    {
        "user": "U42TSUYKS",
        "type": "message",
        "ts": "1489107134.000198",
        "text": "Indeed, there are a handful of methods in regionproc.pl1 that still need to be implemented.",
        "team": "T3NRU3N8L",
        "user_team": "T3NRU3N8L",
        "source_team": "T3NRU3N8L",
        "user_profile": {
            "avatar_hash": "ba39872df5d8",
            "image_72": "https:\/\/avatars.slack-edge.com\/2017-10-28\/263402517778_ba39872df5d83fd28588_72.jpg",
            "first_name": "Jason",
            "real_name": "Jason Goodman",
            "display_name": "thecarlsaganexpress",
            "team": "T3NRU3N8L",
            "name": "thecarlsaganexpress",
            "is_restricted": false,
            "is_ultra_restricted": false
        },
        "blocks": [
            {
                "type": "rich_text",
                "block_id": "vhgrS",
                "elements": [
                    {
                        "type": "rich_text_section",
                        "elements": [
                            {
                                "type": "text",
                                "text": "Indeed, there are a handful of methods in regionproc.pl1 that still need to be implemented."
                            }
                        ]
                    }
                ]
            }
        ]
    },
    {
        "user": "U42TSUYKS",
        "type": "message",
        "ts": "1489107155.000199",
        "text": "Would I just need to run another emulator at the same time for two clients?",
        "team": "T3NRU3N8L",
        "user_team": "T3NRU3N8L",
        "source_team": "T3NRU3N8L",
        "user_profile": {
            "avatar_hash": "ba39872df5d8",
            "image_72": "https:\/\/avatars.slack-edge.com\/2017-10-28\/263402517778_ba39872df5d83fd28588_72.jpg",
            "first_name": "Jason",
            "real_name": "Jason Goodman",
            "display_name": "thecarlsaganexpress",
            "team": "T3NRU3N8L",
            "name": "thecarlsaganexpress",
            "is_restricted": false,
            "is_ultra_restricted": false
        },
        "blocks": [
            {
                "type": "rich_text",
                "block_id": "OkxQ",
                "elements": [
                    {
                        "type": "rich_text_section",
                        "elements": [
                            {
                                "type": "text",
                                "text": "Would I just need to run another emulator at the same time for two clients?"
                            }
                        ]
                    }
                ]
            }
        ]
    },
    {
        "user": "U3NS4Q413",
        "type": "message",
        "ts": "1489107503.000200",
        "text": "You'll need to open a different copy of the Quantumlink disk that is copied from the \"blank\" original. Be sure to get the one from the read.MD as it has the CC patch already applied.",
        "team": "T3NRU3N8L",
        "user_team": "T3NRU3N8L",
        "source_team": "T3NRU3N8L",
        "user_profile": {
            "avatar_hash": "9a824257f5f9",
            "image_72": "https:\/\/avatars.slack-edge.com\/2017-06-19\/200099674645_9a824257f5f9fea53c25_72.png",
            "first_name": "Randy",
            "real_name": "Randy Farmer",
            "display_name": "randy",
            "team": "T3NRU3N8L",
            "name": "randy",
            "is_restricted": false,
            "is_ultra_restricted": false
        },
        "blocks": [
            {
                "type": "rich_text",
                "block_id": "Jb9Ge",
                "elements": [
                    {
                        "type": "rich_text_section",
                        "elements": [
                            {
                                "type": "text",
                                "text": "You'll need to open a different copy of the Quantumlink disk that is copied from the \"blank\" original. Be sure to get the one from the read.MD as it has the CC patch already applied."
                            }
                        ]
                    }
                ]
            }
        ]
    },
    {
        "user": "U3NS4Q413",
        "type": "message",
        "ts": "1489107522.000201",
        "text": "I'm surprised you have been checking in stuff without testing with a second user.",
        "team": "T3NRU3N8L",
        "user_team": "T3NRU3N8L",
        "source_team": "T3NRU3N8L",
        "user_profile": {
            "avatar_hash": "9a824257f5f9",
            "image_72": "https:\/\/avatars.slack-edge.com\/2017-06-19\/200099674645_9a824257f5f9fea53c25_72.png",
            "first_name": "Randy",
            "real_name": "Randy Farmer",
            "display_name": "randy",
            "team": "T3NRU3N8L",
            "name": "randy",
            "is_restricted": false,
            "is_ultra_restricted": false
        },
        "blocks": [
            {
                "type": "rich_text",
                "block_id": "FIwIf",
                "elements": [
                    {
                        "type": "rich_text_section",
                        "elements": [
                            {
                                "type": "text",
                                "text": "I'm surprised you have been checking in stuff without testing with a second user."
                            }
                        ]
                    }
                ]
            }
        ]
    },
    {
        "user": "U3NS4Q413",
        "type": "message",
        "ts": "1489107529.000202",
        "text": "That's a *requirement*!",
        "team": "T3NRU3N8L",
        "user_team": "T3NRU3N8L",
        "source_team": "T3NRU3N8L",
        "user_profile": {
            "avatar_hash": "9a824257f5f9",
            "image_72": "https:\/\/avatars.slack-edge.com\/2017-06-19\/200099674645_9a824257f5f9fea53c25_72.png",
            "first_name": "Randy",
            "real_name": "Randy Farmer",
            "display_name": "randy",
            "team": "T3NRU3N8L",
            "name": "randy",
            "is_restricted": false,
            "is_ultra_restricted": false
        },
        "blocks": [
            {
                "type": "rich_text",
                "block_id": "cu1Gn",
                "elements": [
                    {
                        "type": "rich_text_section",
                        "elements": [
                            {
                                "type": "text",
                                "text": "That's a "
                            },
                            {
                                "type": "text",
                                "text": "requirement",
                                "style": {
                                    "bold": true
                                }
                            },
                            {
                                "type": "text",
                                "text": "!"
                            }
                        ]
                    }
                ]
            }
        ]
    },
    {
        "user": "U3NS4Q413",
        "type": "message",
        "ts": "1489107535.000204",
        "text": ":slightly_smiling_face:",
        "team": "T3NRU3N8L",
        "user_team": "T3NRU3N8L",
        "source_team": "T3NRU3N8L",
        "user_profile": {
            "avatar_hash": "9a824257f5f9",
            "image_72": "https:\/\/avatars.slack-edge.com\/2017-06-19\/200099674645_9a824257f5f9fea53c25_72.png",
            "first_name": "Randy",
            "real_name": "Randy Farmer",
            "display_name": "randy",
            "team": "T3NRU3N8L",
            "name": "randy",
            "is_restricted": false,
            "is_ultra_restricted": false
        },
        "blocks": [
            {
                "type": "rich_text",
                "block_id": "Qks",
                "elements": [
                    {
                        "type": "rich_text_section",
                        "elements": [
                            {
                                "type": "emoji",
                                "name": "slightly_smiling_face",
                                "unicode": "1f642"
                            }
                        ]
                    }
                ]
            }
        ]
    },
    {
        "user": "U42TSUYKS",
        "type": "message",
        "ts": "1489107629.000206",
        "text": "Well! I don't even  have a good excuse for that one",
        "team": "T3NRU3N8L",
        "user_team": "T3NRU3N8L",
        "source_team": "T3NRU3N8L",
        "user_profile": {
            "avatar_hash": "ba39872df5d8",
            "image_72": "https:\/\/avatars.slack-edge.com\/2017-10-28\/263402517778_ba39872df5d83fd28588_72.jpg",
            "first_name": "Jason",
            "real_name": "Jason Goodman",
            "display_name": "thecarlsaganexpress",
            "team": "T3NRU3N8L",
            "name": "thecarlsaganexpress",
            "is_restricted": false,
            "is_ultra_restricted": false
        },
        "blocks": [
            {
                "type": "rich_text",
                "block_id": "+fR",
                "elements": [
                    {
                        "type": "rich_text_section",
                        "elements": [
                            {
                                "type": "text",
                                "text": "Well! I don't even  have a good excuse for that one"
                            }
                        ]
                    }
                ]
            }
        ]
    },
    {
        "text": "<@U42TSUYKS|thecarlsaganexpress> uploaded a file: <https:\/\/neohabitat.slack.com\/files\/thecarlsaganexpress\/F4FM4QGEM\/lighting_with_two_clients.jpg|Lighting with two clients.JPG> and commented: Good news, it works with two clients. Now to move on to other things",
        "files": [
            {
                "id": "F4FM4QGEM",
                "created": 1489108337,
                "timestamp": 1489108337,
                "name": "Lighting with two clients.JPG",
                "title": "Lighting with two clients.JPG",
                "mimetype": "image\/jpeg",
                "filetype": "jpg",
                "pretty_type": "JPEG",
                "user": "U42TSUYKS",
                "user_team": "T3NRU3N8L",
                "editable": false,
                "size": 71750,
                "mode": "hosted",
                "is_external": false,
                "external_type": "",
                "is_public": true,
                "public_url_shared": false,
                "display_as_bot": false,
                "username": "",
                "url_private": "https:\/\/files.slack.com\/files-pri\/T3NRU3N8L-F4FM4QGEM\/lighting_with_two_clients.jpg?t=xoxe-124878124292-7467719047090-7480385333457-4296bbd25a5710071a4df099b64b6f19",
                "url_private_download": "https:\/\/files.slack.com\/files-pri\/T3NRU3N8L-F4FM4QGEM\/download\/lighting_with_two_clients.jpg?t=xoxe-124878124292-7467719047090-7480385333457-4296bbd25a5710071a4df099b64b6f19",
                "media_display_type": "unknown",
                "thumb_64": "https:\/\/files.slack.com\/files-tmb\/T3NRU3N8L-F4FM4QGEM-ca3928eef2\/lighting_with_two_clients_64.jpg?t=xoxe-124878124292-7467719047090-7480385333457-4296bbd25a5710071a4df099b64b6f19",
                "thumb_80": "https:\/\/files.slack.com\/files-tmb\/T3NRU3N8L-F4FM4QGEM-ca3928eef2\/lighting_with_two_clients_80.jpg?t=xoxe-124878124292-7467719047090-7480385333457-4296bbd25a5710071a4df099b64b6f19",
                "thumb_360": "https:\/\/files.slack.com\/files-tmb\/T3NRU3N8L-F4FM4QGEM-ca3928eef2\/lighting_with_two_clients_360.jpg?t=xoxe-124878124292-7467719047090-7480385333457-4296bbd25a5710071a4df099b64b6f19",
                "thumb_360_w": 360,
                "thumb_360_h": 155,
                "thumb_480": "https:\/\/files.slack.com\/files-tmb\/T3NRU3N8L-F4FM4QGEM-ca3928eef2\/lighting_with_two_clients_480.jpg?t=xoxe-124878124292-7467719047090-7480385333457-4296bbd25a5710071a4df099b64b6f19",
                "thumb_480_w": 480,
                "thumb_480_h": 207,
                "thumb_160": "https:\/\/files.slack.com\/files-tmb\/T3NRU3N8L-F4FM4QGEM-ca3928eef2\/lighting_with_two_clients_160.jpg?t=xoxe-124878124292-7467719047090-7480385333457-4296bbd25a5710071a4df099b64b6f19",
                "thumb_720": "https:\/\/files.slack.com\/files-tmb\/T3NRU3N8L-F4FM4QGEM-ca3928eef2\/lighting_with_two_clients_720.jpg?t=xoxe-124878124292-7467719047090-7480385333457-4296bbd25a5710071a4df099b64b6f19",
                "thumb_720_w": 720,
                "thumb_720_h": 310,
                "thumb_960": "https:\/\/files.slack.com\/files-tmb\/T3NRU3N8L-F4FM4QGEM-ca3928eef2\/lighting_with_two_clients_960.jpg?t=xoxe-124878124292-7467719047090-7480385333457-4296bbd25a5710071a4df099b64b6f19",
                "thumb_960_w": 960,
                "thumb_960_h": 413,
                "thumb_1024": "https:\/\/files.slack.com\/files-tmb\/T3NRU3N8L-F4FM4QGEM-ca3928eef2\/lighting_with_two_clients_1024.jpg?t=xoxe-124878124292-7467719047090-7480385333457-4296bbd25a5710071a4df099b64b6f19",
                "thumb_1024_w": 1024,
                "thumb_1024_h": 441,
                "image_exif_rotation": 1,
                "original_w": 1473,
                "original_h": 634,
                "permalink": "https:\/\/neohabitat.slack.com\/files\/U42TSUYKS\/F4FM4QGEM\/lighting_with_two_clients.jpg",
                "permalink_public": "https:\/\/slack-files.com\/T3NRU3N8L-F4FM4QGEM-ab91ee93c7",
                "is_starred": false,
                "has_rich_preview": false,
                "file_access": "visible"
            }
        ],
        "upload": true,
        "user": "U42TSUYKS",
        "display_as_bot": false,
        "blocks": [
            {
                "type": "rich_text",
                "block_id": "FlgPt",
                "elements": [
                    {
                        "type": "rich_text_section",
                        "elements": [
                            {
                                "type": "user",
                                "user_id": "U42TSUYKS"
                            },
                            {
                                "type": "text",
                                "text": " uploaded a file: "
                            },
                            {
                                "type": "link",
                                "url": "https:\/\/neohabitat.slack.com\/files\/thecarlsaganexpress\/F4FM4QGEM\/lighting_with_two_clients.jpg",
                                "text": "Lighting with two clients.JPG",
                                "unsafe": true
                            },
                            {
                                "type": "text",
                                "text": " and commented: Good news, it works with two clients. Now to move on to other things"
                            }
                        ]
                    }
                ]
            }
        ],
        "type": "message",
        "ts": "1489108340.000207"
    },
    {
        "user": "U3NS4Q413",
        "type": "message",
        "ts": "1489108406.000208",
        "text": "Make a double dark room and test that too.",
        "team": "T3NRU3N8L",
        "user_team": "T3NRU3N8L",
        "source_team": "T3NRU3N8L",
        "user_profile": {
            "avatar_hash": "9a824257f5f9",
            "image_72": "https:\/\/avatars.slack-edge.com\/2017-06-19\/200099674645_9a824257f5f9fea53c25_72.png",
            "first_name": "Randy",
            "real_name": "Randy Farmer",
            "display_name": "randy",
            "team": "T3NRU3N8L",
            "name": "randy",
            "is_restricted": false,
            "is_ultra_restricted": false
        },
        "blocks": [
            {
                "type": "rich_text",
                "block_id": "=1J",
                "elements": [
                    {
                        "type": "rich_text_section",
                        "elements": [
                            {
                                "type": "text",
                                "text": "Make a double dark room and test that too."
                            }
                        ]
                    }
                ]
            }
        ]
    },
    {
        "user": "U42TSUYKS",
        "type": "message",
        "ts": "1489108481.000209",
        "text": "Sure",
        "team": "T3NRU3N8L",
        "user_team": "T3NRU3N8L",
        "source_team": "T3NRU3N8L",
        "user_profile": {
            "avatar_hash": "ba39872df5d8",
            "image_72": "https:\/\/avatars.slack-edge.com\/2017-10-28\/263402517778_ba39872df5d83fd28588_72.jpg",
            "first_name": "Jason",
            "real_name": "Jason Goodman",
            "display_name": "thecarlsaganexpress",
            "team": "T3NRU3N8L",
            "name": "thecarlsaganexpress",
            "is_restricted": false,
            "is_ultra_restricted": false
        },
        "blocks": [
            {
                "type": "rich_text",
                "block_id": "0hf",
                "elements": [
                    {
                        "type": "rich_text_section",
                        "elements": [
                            {
                                "type": "text",
                                "text": "Sure"
                            }
                        ]
                    }
                ]
            }
        ]
    },
    {
        "user": "U3NS4Q413",
        "type": "message",
        "ts": "1489108525.000210",
        "text": "Did you already implement the rest of the lighting code reference in the pl1 already?",
        "team": "T3NRU3N8L",
        "user_team": "T3NRU3N8L",
        "source_team": "T3NRU3N8L",
        "user_profile": {
            "avatar_hash": "9a824257f5f9",
            "image_72": "https:\/\/avatars.slack-edge.com\/2017-06-19\/200099674645_9a824257f5f9fea53c25_72.png",
            "first_name": "Randy",
            "real_name": "Randy Farmer",
            "display_name": "randy",
            "team": "T3NRU3N8L",
            "name": "randy",
            "is_restricted": false,
            "is_ultra_restricted": false
        },
        "blocks": [
            {
                "type": "rich_text",
                "block_id": "CNYJq",
                "elements": [
                    {
                        "type": "rich_text_section",
                        "elements": [
                            {
                                "type": "text",
                                "text": "Did you already implement the rest of the lighting code reference in the pl1 already?"
                            }
                        ]
                    }
                ]
            }
        ]
    },
    {
        "user": "U3NS4Q413",
        "type": "message",
        "ts": "1489108531.000211",
        "text": "How are you testing those?",
        "team": "T3NRU3N8L",
        "user_team": "T3NRU3N8L",
        "source_team": "T3NRU3N8L",
        "user_profile": {
            "avatar_hash": "9a824257f5f9",
            "image_72": "https:\/\/avatars.slack-edge.com\/2017-06-19\/200099674645_9a824257f5f9fea53c25_72.png",
            "first_name": "Randy",
            "real_name": "Randy Farmer",
            "display_name": "randy",
            "team": "T3NRU3N8L",
            "name": "randy",
            "is_restricted": false,
            "is_ultra_restricted": false
        },
        "blocks": [
            {
                "type": "rich_text",
                "block_id": "MXsXY",
                "elements": [
                    {
                        "type": "rich_text_section",
                        "elements": [
                            {
                                "type": "text",
                                "text": "How are you testing those?"
                            }
                        ]
                    }
                ]
            }
        ]
    },
    {
        "user": "U42TSUYKS",
        "type": "message",
        "ts": "1489108812.000212",
        "text": "I actually haven't even implemented any new lighting code references. To my surprise, most of the lighting code was already done. From what I can see the only file with unimplemented lighting code is in the regionproc.pl1. I've also just been testing as usual by using vagrant shh and looking at the logs.",
        "team": "T3NRU3N8L",
        "user_team": "T3NRU3N8L",
        "source_team": "T3NRU3N8L",
        "user_profile": {
            "avatar_hash": "ba39872df5d8",
            "image_72": "https:\/\/avatars.slack-edge.com\/2017-10-28\/263402517778_ba39872df5d83fd28588_72.jpg",
            "first_name": "Jason",
            "real_name": "Jason Goodman",
            "display_name": "thecarlsaganexpress",
            "team": "T3NRU3N8L",
            "name": "thecarlsaganexpress",
            "is_restricted": false,
            "is_ultra_restricted": false
        },
        "blocks": [
            {
                "type": "rich_text",
                "block_id": "TNXHU",
                "elements": [
                    {
                        "type": "rich_text_section",
                        "elements": [
                            {
                                "type": "text",
                                "text": "I actually haven't even implemented any new lighting code references. To my surprise, most of the lighting code was already done. From what I can see the only file with unimplemented lighting code is in the regionproc.pl1. I've also just been testing as usual by using vagrant shh and looking at the logs."
                            }
                        ]
                    }
                ]
            }
        ]
    },
    {
        "user": "U42TSUYKS",
        "type": "message",
        "ts": "1489108936.000213",
        "text": "Actually, I also need to see if the lighting code in actions_gpt_incl1.pl1 is working.",
        "team": "T3NRU3N8L",
        "user_team": "T3NRU3N8L",
        "source_team": "T3NRU3N8L",
        "user_profile": {
            "avatar_hash": "ba39872df5d8",
            "image_72": "https:\/\/avatars.slack-edge.com\/2017-10-28\/263402517778_ba39872df5d83fd28588_72.jpg",
            "first_name": "Jason",
            "real_name": "Jason Goodman",
            "display_name": "thecarlsaganexpress",
            "team": "T3NRU3N8L",
            "name": "thecarlsaganexpress",
            "is_restricted": false,
            "is_ultra_restricted": false
        },
        "blocks": [
            {
                "type": "rich_text",
                "block_id": "V17sY",
                "elements": [
                    {
                        "type": "rich_text_section",
                        "elements": [
                            {
                                "type": "text",
                                "text": "Actually, I also need to see if the lighting code in actions_gpt_incl1.pl1 is working."
                            }
                        ]
                    }
                ]
            }
        ]
    },
    {
        "user": "U42TSUYKS",
        "type": "message",
        "ts": "1489109554.000214",
        "text": "I can also confirm that it works with a double dark room.",
        "team": "T3NRU3N8L",
        "user_team": "T3NRU3N8L",
        "source_team": "T3NRU3N8L",
        "user_profile": {
            "avatar_hash": "ba39872df5d8",
            "image_72": "https:\/\/avatars.slack-edge.com\/2017-10-28\/263402517778_ba39872df5d83fd28588_72.jpg",
            "first_name": "Jason",
            "real_name": "Jason Goodman",
            "display_name": "thecarlsaganexpress",
            "team": "T3NRU3N8L",
            "name": "thecarlsaganexpress",
            "is_restricted": false,
            "is_ultra_restricted": false
        },
        "blocks": [
            {
                "type": "rich_text",
                "block_id": "JEFAr",
                "elements": [
                    {
                        "type": "rich_text_section",
                        "elements": [
                            {
                                "type": "text",
                                "text": "I can also confirm that it works with a double dark room."
                            }
                        ]
                    }
                ]
            }
        ]
    },
    {
        "user": "U42TSUYKS",
        "type": "message",
        "ts": "1489110018.000215",
        "text": "So for the most part, most of the lighting functionality has already been implemented. But I narrowed down which methods are missing\/need to be implemented. Like right now as an example putting your flashlight in your pocket does not decrease the light level.",
        "team": "T3NRU3N8L",
        "user_team": "T3NRU3N8L",
        "source_team": "T3NRU3N8L",
        "user_profile": {
            "avatar_hash": "ba39872df5d8",
            "image_72": "https:\/\/avatars.slack-edge.com\/2017-10-28\/263402517778_ba39872df5d83fd28588_72.jpg",
            "first_name": "Jason",
            "real_name": "Jason Goodman",
            "display_name": "thecarlsaganexpress",
            "team": "T3NRU3N8L",
            "name": "thecarlsaganexpress",
            "is_restricted": false,
            "is_ultra_restricted": false
        },
        "blocks": [
            {
                "type": "rich_text",
                "block_id": "2rq2G",
                "elements": [
                    {
                        "type": "rich_text_section",
                        "elements": [
                            {
                                "type": "text",
                                "text": "So for the most part, most of the lighting functionality has already been implemented. But I narrowed down which methods are missing\/need to be implemented. Like right now as an example putting your flashlight in your pocket does not decrease the light level."
                            }
                        ]
                    }
                ]
            }
        ]
    },
    {
        "user": "U3NSHCBNH",
        "type": "message",
        "ts": "1489115383.000216",
        "text": "Very nice!  That is exactly how I remember it..  Just some blues visible",
        "team": "T3NRU3N8L",
        "user_team": "T3NRU3N8L",
        "source_team": "T3NRU3N8L",
        "user_profile": {
            "avatar_hash": "f99a50cbd973",
            "image_72": "https:\/\/avatars.slack-edge.com\/2017-02-02\/136493625749_f99a50cbd973bb658f83_72.jpg",
            "first_name": "Keith",
            "real_name": "Keith Elkin",
            "display_name": "kelkin",
            "team": "T3NRU3N8L",
            "name": "kelkin",
            "is_restricted": false,
            "is_ultra_restricted": false
        },
        "blocks": [
            {
                "type": "rich_text",
                "block_id": "RngN",
                "elements": [
                    {
                        "type": "rich_text_section",
                        "elements": [
                            {
                                "type": "text",
                                "text": "Very nice!  That is exactly how I remember it..  Just some blues visible"
                            }
                        ]
                    }
                ]
            }
        ]
    },
    {
        "user": "U42TSUYKS",
        "type": "message",
        "ts": "1489118544.000217",
        "text": "<@U3NS4Q413> I'm not having much luck with implementing and fixing some of the lighting code. It's little bit too much for me at the moment and I think I need more time to familiarize with some of the other finer details of the habitat code. Also, in HabitatMod.java on lines 436 and 695 shouldn't it be sending the attribute \"SUCCESS\" instead of \"change\" and \"state?\"",
        "team": "T3NRU3N8L",
        "user_team": "T3NRU3N8L",
        "source_team": "T3NRU3N8L",
        "user_profile": {
            "avatar_hash": "ba39872df5d8",
            "image_72": "https:\/\/avatars.slack-edge.com\/2017-10-28\/263402517778_ba39872df5d83fd28588_72.jpg",
            "first_name": "Jason",
            "real_name": "Jason Goodman",
            "display_name": "thecarlsaganexpress",
            "team": "T3NRU3N8L",
            "name": "thecarlsaganexpress",
            "is_restricted": false,
            "is_ultra_restricted": false
        },
        "blocks": [
            {
                "type": "rich_text",
                "block_id": "v9mEL",
                "elements": [
                    {
                        "type": "rich_text_section",
                        "elements": [
                            {
                                "type": "user",
                                "user_id": "U3NS4Q413"
                            },
                            {
                                "type": "text",
                                "text": " I'm not having much luck with implementing and fixing some of the lighting code. It's little bit too much for me at the moment and I think I need more time to familiarize with some of the other finer details of the habitat code. Also, in HabitatMod.java on lines 436 and 695 shouldn't it be sending the attribute \"SUCCESS\" instead of \"change\" and \"state?\""
                            }
                        ]
                    }
                ]
            }
        ]
    },
    {
        "user": "U3NS4Q413",
        "type": "message",
        "ts": "1489120518.000218",
        "text": "No rush.",
        "team": "T3NRU3N8L",
        "user_team": "T3NRU3N8L",
        "source_team": "T3NRU3N8L",
        "user_profile": {
            "avatar_hash": "9a824257f5f9",
            "image_72": "https:\/\/avatars.slack-edge.com\/2017-06-19\/200099674645_9a824257f5f9fea53c25_72.png",
            "first_name": "Randy",
            "real_name": "Randy Farmer",
            "display_name": "randy",
            "team": "T3NRU3N8L",
            "name": "randy",
            "is_restricted": false,
            "is_ultra_restricted": false
        },
        "blocks": [
            {
                "type": "rich_text",
                "block_id": "SiVsz",
                "elements": [
                    {
                        "type": "rich_text_section",
                        "elements": [
                            {
                                "type": "text",
                                "text": "No rush."
                            }
                        ]
                    }
                ]
            }
        ]
    },
    {
        "user": "U3NS4Q413",
        "type": "message",
        "ts": "1489120553.000219",
        "text": "I'm off for the next couple of hours, but can either go into it with you after that, or tomorrow before 4pm pacific.",
        "team": "T3NRU3N8L",
        "user_team": "T3NRU3N8L",
        "source_team": "T3NRU3N8L",
        "user_profile": {
            "avatar_hash": "9a824257f5f9",
            "image_72": "https:\/\/avatars.slack-edge.com\/2017-06-19\/200099674645_9a824257f5f9fea53c25_72.png",
            "first_name": "Randy",
            "real_name": "Randy Farmer",
            "display_name": "randy",
            "team": "T3NRU3N8L",
            "name": "randy",
            "is_restricted": false,
            "is_ultra_restricted": false
        },
        "blocks": [
            {
                "type": "rich_text",
                "block_id": "QlJAT",
                "elements": [
                    {
                        "type": "rich_text_section",
                        "elements": [
                            {
                                "type": "text",
                                "text": "I'm off for the next couple of hours, but can either go into it with you after that, or tomorrow before 4pm pacific."
                            }
                        ]
                    }
                ]
            }
        ]
    },
    {
        "user": "U3NS4Q413",
        "type": "message",
        "ts": "1489120581.000220",
        "text": "Look at the reference code in .pl1 to compare the .java too.",
        "team": "T3NRU3N8L",
        "user_team": "T3NRU3N8L",
        "source_team": "T3NRU3N8L",
        "user_profile": {
            "avatar_hash": "9a824257f5f9",
            "image_72": "https:\/\/avatars.slack-edge.com\/2017-06-19\/200099674645_9a824257f5f9fea53c25_72.png",
            "first_name": "Randy",
            "real_name": "Randy Farmer",
            "display_name": "randy",
            "team": "T3NRU3N8L",
            "name": "randy",
            "is_restricted": false,
            "is_ultra_restricted": false
        },
        "blocks": [
            {
                "type": "rich_text",
                "block_id": "pWy",
                "elements": [
                    {
                        "type": "rich_text_section",
                        "elements": [
                            {
                                "type": "text",
                                "text": "Look at the reference code in .pl1 to compare the .java too."
                            }
                        ]
                    }
                ]
            }
        ]
    },
    {
        "user": "U3NS4Q413",
        "type": "message",
        "ts": "1489120632.000221",
        "text": "If I coded it with a temporary change, it *should* be marked with TODO. But I'm certainly not perfect. That's why I wanted you to crawl all the places.",
        "team": "T3NRU3N8L",
        "user_team": "T3NRU3N8L",
        "source_team": "T3NRU3N8L",
        "user_profile": {
            "avatar_hash": "9a824257f5f9",
            "image_72": "https:\/\/avatars.slack-edge.com\/2017-06-19\/200099674645_9a824257f5f9fea53c25_72.png",
            "first_name": "Randy",
            "real_name": "Randy Farmer",
            "display_name": "randy",
            "team": "T3NRU3N8L",
            "name": "randy",
            "is_restricted": false,
            "is_ultra_restricted": false
        },
        "blocks": [
            {
                "type": "rich_text",
                "block_id": "v6eB",
                "elements": [
                    {
                        "type": "rich_text_section",
                        "elements": [
                            {
                                "type": "text",
                                "text": "If I coded it with a temporary change, it "
                            },
                            {
                                "type": "text",
                                "text": "should",
                                "style": {
                                    "bold": true
                                }
                            },
                            {
                                "type": "text",
                                "text": " be marked with TODO. But I'm certainly not perfect. That's why I wanted you to crawl all the places."
                            }
                        ]
                    }
                ]
            }
        ]
    },
    {
        "user": "U3NS4Q413",
        "type": "message",
        "ts": "1489120655.000222",
        "text": "Every reference should have matching pl1 code.",
        "team": "T3NRU3N8L",
        "user_team": "T3NRU3N8L",
        "source_team": "T3NRU3N8L",
        "user_profile": {
            "avatar_hash": "9a824257f5f9",
            "image_72": "https:\/\/avatars.slack-edge.com\/2017-06-19\/200099674645_9a824257f5f9fea53c25_72.png",
            "first_name": "Randy",
            "real_name": "Randy Farmer",
            "display_name": "randy",
            "team": "T3NRU3N8L",
            "name": "randy",
            "is_restricted": false,
            "is_ultra_restricted": false
        },
        "blocks": [
            {
                "type": "rich_text",
                "block_id": "h7FwG",
                "elements": [
                    {
                        "type": "rich_text_section",
                        "elements": [
                            {
                                "type": "text",
                                "text": "Every reference should have matching pl1 code."
                            }
                        ]
                    }
                ]
            }
        ]
    },
    {
        "user": "U3NS4Q413",
        "type": "message",
        "ts": "1489120677.000223",
        "text": "If you can figure it out, that'd be great.",
        "team": "T3NRU3N8L",
        "user_team": "T3NRU3N8L",
        "source_team": "T3NRU3N8L",
        "user_profile": {
            "avatar_hash": "9a824257f5f9",
            "image_72": "https:\/\/avatars.slack-edge.com\/2017-06-19\/200099674645_9a824257f5f9fea53c25_72.png",
            "first_name": "Randy",
            "real_name": "Randy Farmer",
            "display_name": "randy",
            "team": "T3NRU3N8L",
            "name": "randy",
            "is_restricted": false,
            "is_ultra_restricted": false
        },
        "blocks": [
            {
                "type": "rich_text",
                "block_id": "e\/k",
                "elements": [
                    {
                        "type": "rich_text_section",
                        "elements": [
                            {
                                "type": "text",
                                "text": "If you can figure it out, that'd be great."
                            }
                        ]
                    }
                ]
            }
        ]
    },
    {
        "user": "U3NS4Q413",
        "type": "message",
        "ts": "1489120689.000224",
        "text": "OK. Off to pick up the wife.",
        "team": "T3NRU3N8L",
        "user_team": "T3NRU3N8L",
        "source_team": "T3NRU3N8L",
        "user_profile": {
            "avatar_hash": "9a824257f5f9",
            "image_72": "https:\/\/avatars.slack-edge.com\/2017-06-19\/200099674645_9a824257f5f9fea53c25_72.png",
            "first_name": "Randy",
            "real_name": "Randy Farmer",
            "display_name": "randy",
            "team": "T3NRU3N8L",
            "name": "randy",
            "is_restricted": false,
            "is_ultra_restricted": false
        },
        "blocks": [
            {
                "type": "rich_text",
                "block_id": "1nc",
                "elements": [
                    {
                        "type": "rich_text_section",
                        "elements": [
                            {
                                "type": "text",
                                "text": "OK. Off to pick up the wife."
                            }
                        ]
                    }
                ]
            }
        ]
    },
    {
        "user": "U42TSUYKS",
        "type": "message",
        "ts": "1489123604.000225",
        "text": "I think I'll be picking lighting back up tomorrow. I should also be free after 1pm est.",
        "team": "T3NRU3N8L",
        "user_team": "T3NRU3N8L",
        "source_team": "T3NRU3N8L",
        "user_profile": {
            "avatar_hash": "ba39872df5d8",
            "image_72": "https:\/\/avatars.slack-edge.com\/2017-10-28\/263402517778_ba39872df5d83fd28588_72.jpg",
            "first_name": "Jason",
            "real_name": "Jason Goodman",
            "display_name": "thecarlsaganexpress",
            "team": "T3NRU3N8L",
            "name": "thecarlsaganexpress",
            "is_restricted": false,
            "is_ultra_restricted": false
        },
        "blocks": [
            {
                "type": "rich_text",
                "block_id": "K7AZ",
                "elements": [
                    {
                        "type": "rich_text_section",
                        "elements": [
                            {
                                "type": "text",
                                "text": "I think I'll be picking lighting back up tomorrow. I should also be free after 1pm est."
                            }
                        ]
                    }
                ]
            }
        ]
    }
]