[
    {
        "user": "U3NS4Q413",
        "type": "message",
        "ts": "1487407729.000164",
        "text": "merge troubles do not pull for now.",
        "team": "T3NRU3N8L",
        "user_team": "T3NRU3N8L",
        "source_team": "T3NRU3N8L",
        "user_profile": {
            "avatar_hash": "9a824257f5f9",
            "image_72": "https:\/\/avatars.slack-edge.com\/2017-06-19\/200099674645_9a824257f5f9fea53c25_72.png",
            "first_name": "Randy",
            "real_name": "Randy Farmer",
            "display_name": "randy",
            "team": "T3NRU3N8L",
            "name": "randy",
            "is_restricted": false,
            "is_ultra_restricted": false
        },
        "blocks": [
            {
                "type": "rich_text",
                "block_id": "fG\/",
                "elements": [
                    {
                        "type": "rich_text_section",
                        "elements": [
                            {
                                "type": "text",
                                "text": "merge troubles do not pull for now."
                            }
                        ]
                    }
                ]
            }
        ]
    },
    {
        "user": "U3NS4Q413",
        "type": "message",
        "ts": "1487409052.000167",
        "text": "",
        "team": "T3NRU3N8L",
        "user_team": "T3NRU3N8L",
        "source_team": "T3NRU3N8L",
        "user_profile": {
            "avatar_hash": "9a824257f5f9",
            "image_72": "https:\/\/avatars.slack-edge.com\/2017-06-19\/200099674645_9a824257f5f9fea53c25_72.png",
            "first_name": "Randy",
            "real_name": "Randy Farmer",
            "display_name": "randy",
            "team": "T3NRU3N8L",
            "name": "randy",
            "is_restricted": false,
            "is_ultra_restricted": false
        },
        "attachments": [
            {
                "fallback": "[February 18th, 2017 1:09 AM] randy: ALL CLEAR TO PULL both Elko and Neohabitat",
                "ts": "1487408957.001745",
                "author_subname": "randy",
                "channel_id": "C410SRYFN",
                "is_msg_unfurl": true,
                "text": "ALL CLEAR TO PULL both Elko and Neohabitat",
                "author_name": "Randy Farmer",
                "author_link": "https:\/\/neohabitat.slack.com\/team\/randy",
                "author_icon": "https:\/\/avatars.slack-edge.com\/2017-01-09\/125299312132_2181d28d453db23dd8bd_48.png",
                "mrkdwn_in": [
                    "text"
                ],
                "color": "D0D0D0",
                "from_url": "https:\/\/neohabitat.slack.com\/archives\/geography\/p1487408957001745",
                "is_share": true,
                "footer": "Slack Conversation"
            }
        ]
    },
    {
        "user": "U3NS4Q413",
        "type": "message",
        "ts": "1487459902.000168",
        "text": "",
        "team": "T3NRU3N8L",
        "user_team": "T3NRU3N8L",
        "source_team": "T3NRU3N8L",
        "user_profile": {
            "avatar_hash": "9a824257f5f9",
            "image_72": "https:\/\/avatars.slack-edge.com\/2017-06-19\/200099674645_9a824257f5f9fea53c25_72.png",
            "first_name": "Randy",
            "real_name": "Randy Farmer",
            "display_name": "randy",
            "team": "T3NRU3N8L",
            "name": "randy",
            "is_restricted": false,
            "is_ultra_restricted": false
        },
        "attachments": [
            {
                "fallback": "[February 18th, 2017 3:16 PM] randy: So - starting with the next pull, db-teleport.json is ephemeral - built when you make the database out of the objects in the database.",
                "ts": "1487459775.001837",
                "author_subname": "randy",
                "channel_id": "C410SRYFN",
                "is_msg_unfurl": true,
                "text": "So - starting with the next pull, db-teleport.json is ephemeral - built when you make the database out of the objects in the database.",
                "author_name": "Randy Farmer",
                "author_link": "https:\/\/neohabitat.slack.com\/team\/randy",
                "author_icon": "https:\/\/avatars.slack-edge.com\/2017-01-09\/125299312132_2181d28d453db23dd8bd_48.png",
                "mrkdwn_in": [
                    "text"
                ],
                "color": "D0D0D0",
                "from_url": "https:\/\/neohabitat.slack.com\/archives\/geography\/p1487459775001837",
                "is_share": true,
                "footer": "Slack Conversation"
            }
        ]
    },
    {
        "user": "U3NS4Q413",
        "type": "message",
        "ts": "1487459914.000169",
        "text": "",
        "team": "T3NRU3N8L",
        "user_team": "T3NRU3N8L",
        "source_team": "T3NRU3N8L",
        "user_profile": {
            "avatar_hash": "9a824257f5f9",
            "image_72": "https:\/\/avatars.slack-edge.com\/2017-06-19\/200099674645_9a824257f5f9fea53c25_72.png",
            "first_name": "Randy",
            "real_name": "Randy Farmer",
            "display_name": "randy",
            "team": "T3NRU3N8L",
            "name": "randy",
            "is_restricted": false,
            "is_ultra_restricted": false
        },
        "attachments": [
            {
                "fallback": "[February 18th, 2017 3:18 PM] randy: It looks for the \"address\": \"name\" of a teleporter and \"aliases\": [\"name\",\"name\",\"name\"] on either the teleporter mod or in the context itself. Aliases may exist in a context that does NOT have a teleporter, but that should be rare as the address cannot be discovered by the public, since there is no teleport with that name\/address.",
                "ts": "1487459892.001838",
                "author_subname": "randy",
                "channel_id": "C410SRYFN",
                "is_msg_unfurl": true,
                "text": "It looks for the \"address\": \"name\" of a teleporter and \"aliases\": [\"name\",\"name\",\"name\"] on either the teleporter mod or in the context itself. Aliases may exist in a context that does NOT have a teleporter, but that should be rare as the address cannot be discovered by the public, since there is no teleport with that name\/address.",
                "author_name": "Randy Farmer",
                "author_link": "https:\/\/neohabitat.slack.com\/team\/randy",
                "author_icon": "https:\/\/avatars.slack-edge.com\/2017-01-09\/125299312132_2181d28d453db23dd8bd_48.png",
                "mrkdwn_in": [
                    "text"
                ],
                "color": "D0D0D0",
                "from_url": "https:\/\/neohabitat.slack.com\/archives\/geography\/p1487459892001838",
                "is_share": true,
                "footer": "Slack Conversation"
            }
        ]
    },
    {
        "user": "U3NS4Q413",
        "type": "message",
        "ts": "1487459966.000170",
        "text": "",
        "team": "T3NRU3N8L",
        "user_team": "T3NRU3N8L",
        "source_team": "T3NRU3N8L",
        "user_profile": {
            "avatar_hash": "9a824257f5f9",
            "image_72": "https:\/\/avatars.slack-edge.com\/2017-06-19\/200099674645_9a824257f5f9fea53c25_72.png",
            "first_name": "Randy",
            "real_name": "Randy Farmer",
            "display_name": "randy",
            "team": "T3NRU3N8L",
            "name": "randy",
            "is_restricted": false,
            "is_ultra_restricted": false
        },
        "attachments": [
            {
                "fallback": "[February 18th, 2017 3:19 PM] randy: There are NO magic addresses that aren't from a .json file. Just the way I like it. :slightly_smiling_face:",
                "ts": "1487459956.001839",
                "author_subname": "randy",
                "channel_id": "C410SRYFN",
                "is_msg_unfurl": true,
                "text": "There are NO magic addresses that aren't from a .json file. Just the way I like it. :slightly_smiling_face:",
                "author_name": "Randy Farmer",
                "author_link": "https:\/\/neohabitat.slack.com\/team\/randy",
                "author_icon": "https:\/\/avatars.slack-edge.com\/2017-01-09\/125299312132_2181d28d453db23dd8bd_48.png",
                "mrkdwn_in": [
                    "text"
                ],
                "color": "D0D0D0",
                "from_url": "https:\/\/neohabitat.slack.com\/archives\/geography\/p1487459956001839",
                "is_share": true,
                "footer": "Slack Conversation"
            }
        ]
    },
    {
        "user": "U3NS4Q413",
        "type": "message",
        "ts": "1487460109.000171",
        "text": "",
        "team": "T3NRU3N8L",
        "user_team": "T3NRU3N8L",
        "source_team": "T3NRU3N8L",
        "user_profile": {
            "avatar_hash": "9a824257f5f9",
            "image_72": "https:\/\/avatars.slack-edge.com\/2017-06-19\/200099674645_9a824257f5f9fea53c25_72.png",
            "first_name": "Randy",
            "real_name": "Randy Farmer",
            "display_name": "randy",
            "team": "T3NRU3N8L",
            "name": "randy",
            "is_restricted": false,
            "is_ultra_restricted": false
        },
        "attachments": [
            {
                "fallback": "[February 18th, 2017 3:21 PM] randy: As the teleport directory is stored in a Static that is loaded at startup, you must restart any server after a database update that changes the teleport directory listings in order for them to work. [This should be a very rare testing case.] You do NOT have to restart the server on a DB update if you didn't change the teleport directory.",
                "ts": "1487460100.001840",
                "author_subname": "randy",
                "channel_id": "C410SRYFN",
                "is_msg_unfurl": true,
                "text": "As the teleport directory is stored in a Static that is loaded at startup, you must restart any server after a database update that changes the teleport directory listings in order for them to work. [This should be a very rare testing case.] You do NOT have to restart the server on a DB update if you didn't change the teleport directory.",
                "author_name": "Randy Farmer",
                "author_link": "https:\/\/neohabitat.slack.com\/team\/randy",
                "author_icon": "https:\/\/avatars.slack-edge.com\/2017-01-09\/125299312132_2181d28d453db23dd8bd_48.png",
                "mrkdwn_in": [
                    "text"
                ],
                "color": "D0D0D0",
                "from_url": "https:\/\/neohabitat.slack.com\/archives\/geography\/p1487460100001840",
                "is_share": true,
                "footer": "Slack Conversation"
            }
        ]
    }
]