[
    {
        "user": "U3NS4Q413",
        "type": "message",
        "ts": "1501870871.281843",
        "text": "I'm thinking of including a slide that show's the PL1 side by side with the Java code for Neohabitat. Any suggestions for a great match between the two?",
        "team": "T3NRU3N8L",
        "user_team": "T3NRU3N8L",
        "source_team": "T3NRU3N8L",
        "user_profile": {
            "avatar_hash": "9a824257f5f9",
            "image_72": "https:\/\/avatars.slack-edge.com\/2017-06-19\/200099674645_9a824257f5f9fea53c25_72.png",
            "first_name": "Randy",
            "real_name": "Randy Farmer",
            "display_name": "randy",
            "team": "T3NRU3N8L",
            "name": "randy",
            "is_restricted": false,
            "is_ultra_restricted": false
        },
        "blocks": [
            {
                "type": "rich_text",
                "block_id": "HPdE",
                "elements": [
                    {
                        "type": "rich_text_section",
                        "elements": [
                            {
                                "type": "text",
                                "text": "I'm thinking of including a slide that show's the PL1 side by side with the Java code for Neohabitat. Any suggestions for a great match between the two?"
                            }
                        ]
                    }
                ]
            }
        ]
    },
    {
        "user": "U42TSUYKS",
        "type": "message",
        "ts": "1501871207.453784",
        "text": "Steve's work for the Spray_can class is really great for that. <https:\/\/github.com\/Museum-of-Art-and-Digital-Entertainment\/habitat\/blob\/master\/chip\/habitat\/stratus\/class_spray_can.pl1>",
        "team": "T3NRU3N8L",
        "user_team": "T3NRU3N8L",
        "source_team": "T3NRU3N8L",
        "user_profile": {
            "avatar_hash": "ba39872df5d8",
            "image_72": "https:\/\/avatars.slack-edge.com\/2017-10-28\/263402517778_ba39872df5d83fd28588_72.jpg",
            "first_name": "Jason",
            "real_name": "Jason Goodman",
            "display_name": "thecarlsaganexpress",
            "team": "T3NRU3N8L",
            "name": "thecarlsaganexpress",
            "is_restricted": false,
            "is_ultra_restricted": false
        },
        "attachments": [
            {
                "service_name": "GitHub",
                "title": "Museum-of-Art-and-Digital-Entertainment\/habitat",
                "title_link": "https:\/\/github.com\/Museum-of-Art-and-Digital-Entertainment\/habitat\/blob\/master\/chip\/habitat\/stratus\/class_spray_can.pl1",
                "text": "habitat - Habitat is a massively multiplayer online role-playing game for the Commodore 64 on top of the QuantumLink online platform.",
                "fallback": "GitHub: Museum-of-Art-and-Digital-Entertainment\/habitat",
                "from_url": "https:\/\/github.com\/Museum-of-Art-and-Digital-Entertainment\/habitat\/blob\/master\/chip\/habitat\/stratus\/class_spray_can.pl1",
                "thumb_url": "https:\/\/avatars2.githubusercontent.com\/u\/16657384?v=4&s=400",
                "thumb_width": 250,
                "thumb_height": 250,
                "service_icon": "https:\/\/a.slack-edge.com\/bfaba\/img\/unfurl_icons\/github.png",
                "id": 1
            }
        ],
        "blocks": [
            {
                "type": "rich_text",
                "block_id": "c0G",
                "elements": [
                    {
                        "type": "rich_text_section",
                        "elements": [
                            {
                                "type": "text",
                                "text": "Steve's work for the Spray_can class is really great for that. "
                            },
                            {
                                "type": "link",
                                "url": "https:\/\/github.com\/Museum-of-Art-and-Digital-Entertainment\/habitat\/blob\/master\/chip\/habitat\/stratus\/class_spray_can.pl1"
                            }
                        ]
                    }
                ]
            }
        ]
    },
    {
        "user": "U42TSUYKS",
        "type": "message",
        "ts": "1501871217.459020",
        "text": "<https:\/\/github.com\/frandallfarmer\/neohabitat\/blob\/master\/src\/main\/java\/org\/made\/neohabitat\/mods\/Spray_can.java>",
        "team": "T3NRU3N8L",
        "user_team": "T3NRU3N8L",
        "source_team": "T3NRU3N8L",
        "user_profile": {
            "avatar_hash": "ba39872df5d8",
            "image_72": "https:\/\/avatars.slack-edge.com\/2017-10-28\/263402517778_ba39872df5d83fd28588_72.jpg",
            "first_name": "Jason",
            "real_name": "Jason Goodman",
            "display_name": "thecarlsaganexpress",
            "team": "T3NRU3N8L",
            "name": "thecarlsaganexpress",
            "is_restricted": false,
            "is_ultra_restricted": false
        },
        "attachments": [
            {
                "service_name": "GitHub",
                "title": "frandallfarmer\/neohabitat",
                "title_link": "https:\/\/github.com\/frandallfarmer\/neohabitat\/blob\/master\/src\/main\/java\/org\/made\/neohabitat\/mods\/Spray_can.java",
                "text": "neohabitat - Repository for the NeoClassical Habitat Server Project",
                "fallback": "GitHub: frandallfarmer\/neohabitat",
                "from_url": "https:\/\/github.com\/frandallfarmer\/neohabitat\/blob\/master\/src\/main\/java\/org\/made\/neohabitat\/mods\/Spray_can.java",
                "thumb_url": "https:\/\/avatars2.githubusercontent.com\/u\/314896?v=4&s=400",
                "thumb_width": 250,
                "thumb_height": 250,
                "service_icon": "https:\/\/a.slack-edge.com\/bfaba\/img\/unfurl_icons\/github.png",
                "id": 1
            }
        ],
        "blocks": [
            {
                "type": "rich_text",
                "block_id": "9tx\/O",
                "elements": [
                    {
                        "type": "rich_text_section",
                        "elements": [
                            {
                                "type": "link",
                                "url": "https:\/\/github.com\/frandallfarmer\/neohabitat\/blob\/master\/src\/main\/java\/org\/made\/neohabitat\/mods\/Spray_can.java"
                            }
                        ]
                    }
                ]
            }
        ]
    },
    {
        "user": "U42TSUYKS",
        "type": "message",
        "ts": "1501871732.727815",
        "text": "The Frisbee is also a good choice. You can show what it takes to implement one of the easier classes in Habitat.  <https:\/\/github.com\/Museum-of-Art-and-Digital-Entertainment\/habitat\/blob\/master\/sources\/stratus\/Classes\/class_frisbee.pl1>",
        "team": "T3NRU3N8L",
        "user_team": "T3NRU3N8L",
        "source_team": "T3NRU3N8L",
        "user_profile": {
            "avatar_hash": "ba39872df5d8",
            "image_72": "https:\/\/avatars.slack-edge.com\/2017-10-28\/263402517778_ba39872df5d83fd28588_72.jpg",
            "first_name": "Jason",
            "real_name": "Jason Goodman",
            "display_name": "thecarlsaganexpress",
            "team": "T3NRU3N8L",
            "name": "thecarlsaganexpress",
            "is_restricted": false,
            "is_ultra_restricted": false
        },
        "attachments": [
            {
                "service_name": "GitHub",
                "title": "Museum-of-Art-and-Digital-Entertainment\/habitat",
                "title_link": "https:\/\/github.com\/Museum-of-Art-and-Digital-Entertainment\/habitat\/blob\/master\/sources\/stratus\/Classes\/class_frisbee.pl1",
                "text": "habitat - Habitat is a massively multiplayer online role-playing game for the Commodore 64 on top of the QuantumLink online platform.",
                "fallback": "GitHub: Museum-of-Art-and-Digital-Entertainment\/habitat",
                "from_url": "https:\/\/github.com\/Museum-of-Art-and-Digital-Entertainment\/habitat\/blob\/master\/sources\/stratus\/Classes\/class_frisbee.pl1",
                "thumb_url": "https:\/\/avatars2.githubusercontent.com\/u\/16657384?v=4&s=400",
                "thumb_width": 250,
                "thumb_height": 250,
                "service_icon": "https:\/\/a.slack-edge.com\/bfaba\/img\/unfurl_icons\/github.png",
                "id": 1
            }
        ],
        "blocks": [
            {
                "type": "rich_text",
                "block_id": "kdK",
                "elements": [
                    {
                        "type": "rich_text_section",
                        "elements": [
                            {
                                "type": "text",
                                "text": "The Frisbee is also a good choice. You can show what it takes to implement one of the easier classes in Habitat.  "
                            },
                            {
                                "type": "link",
                                "url": "https:\/\/github.com\/Museum-of-Art-and-Digital-Entertainment\/habitat\/blob\/master\/sources\/stratus\/Classes\/class_frisbee.pl1"
                            }
                        ]
                    }
                ]
            }
        ]
    },
    {
        "text": "<@U3NS4Q413|randy> uploaded a file: <https:\/\/neohabitat.slack.com\/files\/randy\/F6JFQN0S0\/pasted_image_at_2017_08_04_12_23_pm.png|Pasted image at 2017-08-04, 12:23 PM>",
        "files": [
            {
                "id": "F6JFQN0S0",
                "created": 1501874587,
                "timestamp": 1501874587,
                "name": "Pasted image at 2017_08_04 12_23 PM.png",
                "title": "Pasted image at 2017-08-04, 12:23 PM",
                "mimetype": "image\/png",
                "filetype": "png",
                "pretty_type": "PNG",
                "user": "U3NS4Q413",
                "user_team": "T3NRU3N8L",
                "editable": false,
                "size": 340829,
                "mode": "hosted",
                "is_external": false,
                "external_type": "",
                "is_public": true,
                "public_url_shared": false,
                "display_as_bot": false,
                "username": "",
                "url_private": "https:\/\/files.slack.com\/files-pri\/T3NRU3N8L-F6JFQN0S0\/pasted_image_at_2017_08_04_12_23_pm.png?t=xoxe-124878124292-7467719047090-7480385333457-4296bbd25a5710071a4df099b64b6f19",
                "url_private_download": "https:\/\/files.slack.com\/files-pri\/T3NRU3N8L-F6JFQN0S0\/download\/pasted_image_at_2017_08_04_12_23_pm.png?t=xoxe-124878124292-7467719047090-7480385333457-4296bbd25a5710071a4df099b64b6f19",
                "media_display_type": "unknown",
                "thumb_64": "https:\/\/files.slack.com\/files-tmb\/T3NRU3N8L-F6JFQN0S0-bcbc239be9\/pasted_image_at_2017_08_04_12_23_pm_64.png?t=xoxe-124878124292-7467719047090-7480385333457-4296bbd25a5710071a4df099b64b6f19",
                "thumb_80": "https:\/\/files.slack.com\/files-tmb\/T3NRU3N8L-F6JFQN0S0-bcbc239be9\/pasted_image_at_2017_08_04_12_23_pm_80.png?t=xoxe-124878124292-7467719047090-7480385333457-4296bbd25a5710071a4df099b64b6f19",
                "thumb_360": "https:\/\/files.slack.com\/files-tmb\/T3NRU3N8L-F6JFQN0S0-bcbc239be9\/pasted_image_at_2017_08_04_12_23_pm_360.png?t=xoxe-124878124292-7467719047090-7480385333457-4296bbd25a5710071a4df099b64b6f19",
                "thumb_360_w": 360,
                "thumb_360_h": 148,
                "thumb_480": "https:\/\/files.slack.com\/files-tmb\/T3NRU3N8L-F6JFQN0S0-bcbc239be9\/pasted_image_at_2017_08_04_12_23_pm_480.png?t=xoxe-124878124292-7467719047090-7480385333457-4296bbd25a5710071a4df099b64b6f19",
                "thumb_480_w": 480,
                "thumb_480_h": 197,
                "thumb_160": "https:\/\/files.slack.com\/files-tmb\/T3NRU3N8L-F6JFQN0S0-bcbc239be9\/pasted_image_at_2017_08_04_12_23_pm_160.png?t=xoxe-124878124292-7467719047090-7480385333457-4296bbd25a5710071a4df099b64b6f19",
                "thumb_720": "https:\/\/files.slack.com\/files-tmb\/T3NRU3N8L-F6JFQN0S0-bcbc239be9\/pasted_image_at_2017_08_04_12_23_pm_720.png?t=xoxe-124878124292-7467719047090-7480385333457-4296bbd25a5710071a4df099b64b6f19",
                "thumb_720_w": 720,
                "thumb_720_h": 296,
                "thumb_800": "https:\/\/files.slack.com\/files-tmb\/T3NRU3N8L-F6JFQN0S0-bcbc239be9\/pasted_image_at_2017_08_04_12_23_pm_800.png?t=xoxe-124878124292-7467719047090-7480385333457-4296bbd25a5710071a4df099b64b6f19",
                "thumb_800_w": 800,
                "thumb_800_h": 329,
                "thumb_960": "https:\/\/files.slack.com\/files-tmb\/T3NRU3N8L-F6JFQN0S0-bcbc239be9\/pasted_image_at_2017_08_04_12_23_pm_960.png?t=xoxe-124878124292-7467719047090-7480385333457-4296bbd25a5710071a4df099b64b6f19",
                "thumb_960_w": 960,
                "thumb_960_h": 395,
                "thumb_1024": "https:\/\/files.slack.com\/files-tmb\/T3NRU3N8L-F6JFQN0S0-bcbc239be9\/pasted_image_at_2017_08_04_12_23_pm_1024.png?t=xoxe-124878124292-7467719047090-7480385333457-4296bbd25a5710071a4df099b64b6f19",
                "thumb_1024_w": 1024,
                "thumb_1024_h": 421,
                "image_exif_rotation": 1,
                "original_w": 2946,
                "original_h": 1211,
                "permalink": "https:\/\/neohabitat.slack.com\/files\/U3NS4Q413\/F6JFQN0S0\/pasted_image_at_2017_08_04_12_23_pm.png",
                "permalink_public": "https:\/\/slack-files.com\/T3NRU3N8L-F6JFQN0S0-88fb1b80bf",
                "is_starred": false,
                "has_rich_preview": false,
                "file_access": "visible"
            }
        ],
        "upload": true,
        "user": "U3NS4Q413",
        "display_as_bot": false,
        "blocks": [
            {
                "type": "rich_text",
                "block_id": "JNG",
                "elements": [
                    {
                        "type": "rich_text_section",
                        "elements": [
                            {
                                "type": "user",
                                "user_id": "U3NS4Q413"
                            },
                            {
                                "type": "text",
                                "text": " uploaded a file: "
                            },
                            {
                                "type": "link",
                                "url": "https:\/\/neohabitat.slack.com\/files\/randy\/F6JFQN0S0\/pasted_image_at_2017_08_04_12_23_pm.png",
                                "text": "Pasted image at 2017-08-04, 12:23 PM"
                            }
                        ]
                    }
                ]
            }
        ],
        "type": "message",
        "ts": "1501874591.118049"
    }
]