[
    {
        "user": "U3NS4Q413",
        "type": "message",
        "ts": "1487017683.000105",
        "text": "Welcome <@U451ELH3R> to <#C42SBF0SG|server>",
        "team": "T3NRU3N8L",
        "user_team": "T3NRU3N8L",
        "source_team": "T3NRU3N8L",
        "user_profile": {
            "avatar_hash": "9a824257f5f9",
            "image_72": "https:\/\/avatars.slack-edge.com\/2017-06-19\/200099674645_9a824257f5f9fea53c25_72.png",
            "first_name": "Randy",
            "real_name": "Randy Farmer",
            "display_name": "randy",
            "team": "T3NRU3N8L",
            "name": "randy",
            "is_restricted": false,
            "is_ultra_restricted": false
        },
        "blocks": [
            {
                "type": "rich_text",
                "block_id": "Wsoj",
                "elements": [
                    {
                        "type": "rich_text_section",
                        "elements": [
                            {
                                "type": "text",
                                "text": "Welcome "
                            },
                            {
                                "type": "user",
                                "user_id": "U451ELH3R"
                            },
                            {
                                "type": "text",
                                "text": " to "
                            },
                            {
                                "type": "channel",
                                "channel_id": "C42SBF0SG"
                            }
                        ]
                    }
                ]
            }
        ]
    },
    {
        "user": "U3NS4Q413",
        "type": "message",
        "ts": "1487017975.000109",
        "edited": {
            "user": "U3NS4Q413",
            "ts": "1487017999.000000"
        },
        "text": "<@U42TSUYKS> Do you need any help with CLASS_DIE? Are you still planning on implementing it?",
        "team": "T3NRU3N8L",
        "user_team": "T3NRU3N8L",
        "source_team": "T3NRU3N8L",
        "user_profile": {
            "avatar_hash": "9a824257f5f9",
            "image_72": "https:\/\/avatars.slack-edge.com\/2017-06-19\/200099674645_9a824257f5f9fea53c25_72.png",
            "first_name": "Randy",
            "real_name": "Randy Farmer",
            "display_name": "randy",
            "team": "T3NRU3N8L",
            "name": "randy",
            "is_restricted": false,
            "is_ultra_restricted": false
        },
        "blocks": [
            {
                "type": "rich_text",
                "block_id": "264T",
                "elements": [
                    {
                        "type": "rich_text_section",
                        "elements": [
                            {
                                "type": "user",
                                "user_id": "U42TSUYKS"
                            },
                            {
                                "type": "text",
                                "text": " Do you need any help with CLASS_DIE? Are you still planning on implementing it?"
                            }
                        ]
                    }
                ]
            }
        ]
    },
    {
        "user": "U42TSUYKS",
        "type": "message",
        "ts": "1487018308.000113",
        "text": "Yes, I do need some help with it. I've been following the examples of converting pl1 code java fairly well, but I'm having difficulty with some of the \"ambiguous\" aspects. When I get home from class I'll give a more detailed example of what I need help with.",
        "team": "T3NRU3N8L",
        "user_team": "T3NRU3N8L",
        "source_team": "T3NRU3N8L",
        "user_profile": {
            "avatar_hash": "ba39872df5d8",
            "image_72": "https:\/\/avatars.slack-edge.com\/2017-10-28\/263402517778_ba39872df5d83fd28588_72.jpg",
            "first_name": "Jason",
            "real_name": "Jason Goodman",
            "display_name": "thecarlsaganexpress",
            "team": "T3NRU3N8L",
            "name": "thecarlsaganexpress",
            "is_restricted": false,
            "is_ultra_restricted": false
        },
        "blocks": [
            {
                "type": "rich_text",
                "block_id": "764",
                "elements": [
                    {
                        "type": "rich_text_section",
                        "elements": [
                            {
                                "type": "text",
                                "text": "Yes, I do need some help with it. I've been following the examples of converting pl1 code java fairly well, but I'm having difficulty with some of the \"ambiguous\" aspects. When I get home from class I'll give a more detailed example of what I need help with."
                            }
                        ]
                    }
                ]
            }
        ]
    },
    {
        "user": "U3NS4Q413",
        "type": "message",
        "ts": "1487018365.000114",
        "text": "OK. Thanks. Those notes are too sparse, to be sure. It isn't you, it's me not sharing enough detail. It will a great help to note what isn't clear so we can improve that document for others.",
        "team": "T3NRU3N8L",
        "user_team": "T3NRU3N8L",
        "source_team": "T3NRU3N8L",
        "user_profile": {
            "avatar_hash": "9a824257f5f9",
            "image_72": "https:\/\/avatars.slack-edge.com\/2017-06-19\/200099674645_9a824257f5f9fea53c25_72.png",
            "first_name": "Randy",
            "real_name": "Randy Farmer",
            "display_name": "randy",
            "team": "T3NRU3N8L",
            "name": "randy",
            "is_restricted": false,
            "is_ultra_restricted": false
        },
        "blocks": [
            {
                "type": "rich_text",
                "block_id": "Sgr",
                "elements": [
                    {
                        "type": "rich_text_section",
                        "elements": [
                            {
                                "type": "text",
                                "text": "OK. Thanks. Those notes are too sparse, to be sure. It isn't you, it's me not sharing enough detail. It will a great help to note what isn't clear so we can improve that document for others."
                            }
                        ]
                    }
                ]
            }
        ]
    },
    {
        "user": "U42TSUYKS",
        "type": "message",
        "ts": "1487026272.000115",
        "text": "I'm back, sorry that took a while. I put my changes in piratepad so that's it's easier to take a look at and make changes. I'm mainly having trouble with the implementation for hcode.js",
        "team": "T3NRU3N8L",
        "user_team": "T3NRU3N8L",
        "source_team": "T3NRU3N8L",
        "user_profile": {
            "avatar_hash": "ba39872df5d8",
            "image_72": "https:\/\/avatars.slack-edge.com\/2017-10-28\/263402517778_ba39872df5d83fd28588_72.jpg",
            "first_name": "Jason",
            "real_name": "Jason Goodman",
            "display_name": "thecarlsaganexpress",
            "team": "T3NRU3N8L",
            "name": "thecarlsaganexpress",
            "is_restricted": false,
            "is_ultra_restricted": false
        },
        "blocks": [
            {
                "type": "rich_text",
                "block_id": "t4UzK",
                "elements": [
                    {
                        "type": "rich_text_section",
                        "elements": [
                            {
                                "type": "text",
                                "text": "I'm back, sorry that took a while. I put my changes in piratepad so that's it's easier to take a look at and make changes. I'm mainly having trouble with the implementation for hcode.js"
                            }
                        ]
                    }
                ]
            }
        ]
    },
    {
        "user": "U42TSUYKS",
        "type": "message",
        "ts": "1487026283.000116",
        "text": "<http:\/\/piratepad.net\/FiTjrdecPG> forgot the link",
        "team": "T3NRU3N8L",
        "user_team": "T3NRU3N8L",
        "source_team": "T3NRU3N8L",
        "user_profile": {
            "avatar_hash": "ba39872df5d8",
            "image_72": "https:\/\/avatars.slack-edge.com\/2017-10-28\/263402517778_ba39872df5d83fd28588_72.jpg",
            "first_name": "Jason",
            "real_name": "Jason Goodman",
            "display_name": "thecarlsaganexpress",
            "team": "T3NRU3N8L",
            "name": "thecarlsaganexpress",
            "is_restricted": false,
            "is_ultra_restricted": false
        },
        "blocks": [
            {
                "type": "rich_text",
                "block_id": "rP4YI",
                "elements": [
                    {
                        "type": "rich_text_section",
                        "elements": [
                            {
                                "type": "link",
                                "url": "http:\/\/piratepad.net\/FiTjrdecPG"
                            },
                            {
                                "type": "text",
                                "text": " forgot the link"
                            }
                        ]
                    }
                ]
            }
        ]
    },
    {
        "user": "U3NS4Q413",
        "type": "message",
        "ts": "1487030859.000117",
        "text": "Peeking now\/",
        "team": "T3NRU3N8L",
        "user_team": "T3NRU3N8L",
        "source_team": "T3NRU3N8L",
        "user_profile": {
            "avatar_hash": "9a824257f5f9",
            "image_72": "https:\/\/avatars.slack-edge.com\/2017-06-19\/200099674645_9a824257f5f9fea53c25_72.png",
            "first_name": "Randy",
            "real_name": "Randy Farmer",
            "display_name": "randy",
            "team": "T3NRU3N8L",
            "name": "randy",
            "is_restricted": false,
            "is_ultra_restricted": false
        },
        "blocks": [
            {
                "type": "rich_text",
                "block_id": "opsHK",
                "elements": [
                    {
                        "type": "rich_text_section",
                        "elements": [
                            {
                                "type": "text",
                                "text": "Peeking now\/"
                            }
                        ]
                    }
                ]
            }
        ]
    },
    {
        "user": "U3NS4Q413",
        "type": "message",
        "ts": "1487030917.000118",
        "text": "Are you available to chat\/share screen?",
        "team": "T3NRU3N8L",
        "user_team": "T3NRU3N8L",
        "source_team": "T3NRU3N8L",
        "user_profile": {
            "avatar_hash": "9a824257f5f9",
            "image_72": "https:\/\/avatars.slack-edge.com\/2017-06-19\/200099674645_9a824257f5f9fea53c25_72.png",
            "first_name": "Randy",
            "real_name": "Randy Farmer",
            "display_name": "randy",
            "team": "T3NRU3N8L",
            "name": "randy",
            "is_restricted": false,
            "is_ultra_restricted": false
        },
        "blocks": [
            {
                "type": "rich_text",
                "block_id": "utxN",
                "elements": [
                    {
                        "type": "rich_text_section",
                        "elements": [
                            {
                                "type": "text",
                                "text": "Are you available to chat\/share screen?"
                            }
                        ]
                    }
                ]
            }
        ]
    },
    {
        "user": "U42TSUYKS",
        "type": "message",
        "ts": "1487031049.000119",
        "text": "Yes.",
        "team": "T3NRU3N8L",
        "user_team": "T3NRU3N8L",
        "source_team": "T3NRU3N8L",
        "user_profile": {
            "avatar_hash": "ba39872df5d8",
            "image_72": "https:\/\/avatars.slack-edge.com\/2017-10-28\/263402517778_ba39872df5d83fd28588_72.jpg",
            "first_name": "Jason",
            "real_name": "Jason Goodman",
            "display_name": "thecarlsaganexpress",
            "team": "T3NRU3N8L",
            "name": "thecarlsaganexpress",
            "is_restricted": false,
            "is_ultra_restricted": false
        },
        "blocks": [
            {
                "type": "rich_text",
                "block_id": "0Fuf",
                "elements": [
                    {
                        "type": "rich_text_section",
                        "elements": [
                            {
                                "type": "text",
                                "text": "Yes."
                            }
                        ]
                    }
                ]
            }
        ]
    }
]