[
    {
        "user": "UJLK3K4DS",
        "type": "message",
        "ts": "1591686621.034400",
        "client_msg_id": "4857747a-7e1e-4173-acb3-9b070f28cad4",
        "text": "hello <@U3N3TBZPT> this is the out of the command :",
        "team": "T3NRU3N8L",
        "user_team": "T3NRU3N8L",
        "source_team": "T3NRU3N8L",
        "user_profile": {
            "avatar_hash": "639e026641d3",
            "image_72": "https:\/\/avatars.slack-edge.com\/2022-03-25\/3296810688003_639e026641d3dc2c2ae2_72.jpg",
            "first_name": "Naibor",
            "real_name": "Naibor",
            "display_name": "Naibor",
            "team": "T3NRU3N8L",
            "name": "pedrouran",
            "is_restricted": false,
            "is_ultra_restricted": false
        },
        "blocks": [
            {
                "type": "rich_text",
                "block_id": "=vA22",
                "elements": [
                    {
                        "type": "rich_text_section",
                        "elements": [
                            {
                                "type": "text",
                                "text": "hello "
                            },
                            {
                                "type": "user",
                                "user_id": "U3N3TBZPT"
                            },
                            {
                                "type": "text",
                                "text": " this is the out of the command :"
                            }
                        ]
                    }
                ]
            }
        ]
    },
    {
        "user": "UJLK3K4DS",
        "type": "message",
        "ts": "1591686624.034600",
        "client_msg_id": "e6bf1b63-2be5-4771-a085-d5b8f5669d99",
        "text": "xp@Neohabitat-server:~\/neohabitat-master\/habibots$ HABITAT_HOST=localhost .\/run eliza\nLaunching eliza...\n.\/run: línea 54: supervisor: orden no encontrada",
        "team": "T3NRU3N8L",
        "user_team": "T3NRU3N8L",
        "source_team": "T3NRU3N8L",
        "user_profile": {
            "avatar_hash": "639e026641d3",
            "image_72": "https:\/\/avatars.slack-edge.com\/2022-03-25\/3296810688003_639e026641d3dc2c2ae2_72.jpg",
            "first_name": "Naibor",
            "real_name": "Naibor",
            "display_name": "Naibor",
            "team": "T3NRU3N8L",
            "name": "pedrouran",
            "is_restricted": false,
            "is_ultra_restricted": false
        },
        "blocks": [
            {
                "type": "rich_text",
                "block_id": "28i9W",
                "elements": [
                    {
                        "type": "rich_text_section",
                        "elements": [
                            {
                                "type": "text",
                                "text": "xp@Neohabitat-server:~\/neohabitat-master\/habibots$ HABITAT_HOST=localhost .\/run eliza\nLaunching eliza...\n.\/run: línea 54: supervisor: orden no encontrada"
                            }
                        ]
                    }
                ]
            }
        ]
    },
    {
        "user": "UJLK3K4DS",
        "type": "message",
        "ts": "1591686659.035000",
        "client_msg_id": "49aed5e6-8c83-4f31-b532-b009a227aa99",
        "text": "orden no encontrada means command not found",
        "team": "T3NRU3N8L",
        "user_team": "T3NRU3N8L",
        "source_team": "T3NRU3N8L",
        "user_profile": {
            "avatar_hash": "639e026641d3",
            "image_72": "https:\/\/avatars.slack-edge.com\/2022-03-25\/3296810688003_639e026641d3dc2c2ae2_72.jpg",
            "first_name": "Naibor",
            "real_name": "Naibor",
            "display_name": "Naibor",
            "team": "T3NRU3N8L",
            "name": "pedrouran",
            "is_restricted": false,
            "is_ultra_restricted": false
        },
        "blocks": [
            {
                "type": "rich_text",
                "block_id": "i1G",
                "elements": [
                    {
                        "type": "rich_text_section",
                        "elements": [
                            {
                                "type": "text",
                                "text": "orden no encontrada means command not found"
                            }
                        ]
                    }
                ]
            }
        ]
    },
    {
        "user": "UJLK3K4DS",
        "type": "message",
        "ts": "1591686754.035600",
        "client_msg_id": "bf092a15-2379-4ca7-a8cc-368478794e06",
        "text": "this is the 54 line:  supervisor -w \"${DIR}\" -- bots\/eliza.js \\",
        "team": "T3NRU3N8L",
        "user_team": "T3NRU3N8L",
        "source_team": "T3NRU3N8L",
        "user_profile": {
            "avatar_hash": "639e026641d3",
            "image_72": "https:\/\/avatars.slack-edge.com\/2022-03-25\/3296810688003_639e026641d3dc2c2ae2_72.jpg",
            "first_name": "Naibor",
            "real_name": "Naibor",
            "display_name": "Naibor",
            "team": "T3NRU3N8L",
            "name": "pedrouran",
            "is_restricted": false,
            "is_ultra_restricted": false
        },
        "blocks": [
            {
                "type": "rich_text",
                "block_id": "+k\/tL",
                "elements": [
                    {
                        "type": "rich_text_section",
                        "elements": [
                            {
                                "type": "text",
                                "text": "this is the 54 line:  supervisor -w \"${DIR}\" -- bots\/eliza.js \\"
                            }
                        ]
                    }
                ]
            }
        ]
    },
    {
        "user": "UJLK3K4DS",
        "type": "message",
        "ts": "1591686832.036300",
        "client_msg_id": "4d662d92-37eb-4575-b467-6e6ba36eb62f",
        "text": "I have checked the path bots\/eliza.js and it exists",
        "team": "T3NRU3N8L",
        "user_team": "T3NRU3N8L",
        "source_team": "T3NRU3N8L",
        "user_profile": {
            "avatar_hash": "639e026641d3",
            "image_72": "https:\/\/avatars.slack-edge.com\/2022-03-25\/3296810688003_639e026641d3dc2c2ae2_72.jpg",
            "first_name": "Naibor",
            "real_name": "Naibor",
            "display_name": "Naibor",
            "team": "T3NRU3N8L",
            "name": "pedrouran",
            "is_restricted": false,
            "is_ultra_restricted": false
        },
        "blocks": [
            {
                "type": "rich_text",
                "block_id": "j5vu",
                "elements": [
                    {
                        "type": "rich_text_section",
                        "elements": [
                            {
                                "type": "text",
                                "text": "I have checked the path bots\/eliza.js and it exists"
                            }
                        ]
                    }
                ]
            }
        ]
    },
    {
        "user": "U3N3TBZPT",
        "type": "message",
        "ts": "1591711903.036500",
        "client_msg_id": "c9190abe-e2ae-47d0-9365-52c1463f2762",
        "text": "i’d run `npm install -g supervisor`",
        "team": "T3NRU3N8L",
        "user_team": "T3NRU3N8L",
        "source_team": "T3NRU3N8L",
        "user_profile": {
            "avatar_hash": "g96f16513098",
            "image_72": "https:\/\/secure.gravatar.com\/avatar\/296f1651309839191e53ca51b0cca0cc.jpg?s=72&d=https%3A%2F%2Fa.slack-edge.com%2Fdf10d%2Fimg%2Favatars%2Fava_0001-72.png",
            "first_name": "Steve",
            "real_name": "Steve Salevan",
            "display_name": "steve",
            "team": "T3NRU3N8L",
            "name": "steve",
            "is_restricted": false,
            "is_ultra_restricted": false
        },
        "blocks": [
            {
                "type": "rich_text",
                "block_id": "AF1p4",
                "elements": [
                    {
                        "type": "rich_text_section",
                        "elements": [
                            {
                                "type": "text",
                                "text": "i’d run "
                            },
                            {
                                "type": "text",
                                "text": "npm install -g supervisor",
                                "style": {
                                    "code": true
                                }
                            }
                        ]
                    }
                ]
            }
        ]
    },
    {
        "user": "U3N3TBZPT",
        "type": "message",
        "ts": "1591714853.036800",
        "client_msg_id": "e55c4034-a225-443d-8687-8aee01dc17df",
        "text": "it appears that you’re pointing it to the production server",
        "team": "T3NRU3N8L",
        "user_team": "T3NRU3N8L",
        "source_team": "T3NRU3N8L",
        "user_profile": {
            "avatar_hash": "g96f16513098",
            "image_72": "https:\/\/secure.gravatar.com\/avatar\/296f1651309839191e53ca51b0cca0cc.jpg?s=72&d=https%3A%2F%2Fa.slack-edge.com%2Fdf10d%2Fimg%2Favatars%2Fava_0001-72.png",
            "first_name": "Steve",
            "real_name": "Steve Salevan",
            "display_name": "steve",
            "team": "T3NRU3N8L",
            "name": "steve",
            "is_restricted": false,
            "is_ultra_restricted": false
        },
        "blocks": [
            {
                "type": "rich_text",
                "block_id": "8Zav",
                "elements": [
                    {
                        "type": "rich_text_section",
                        "elements": [
                            {
                                "type": "text",
                                "text": "it appears that you’re pointing it to the production server"
                            }
                        ]
                    }
                ]
            }
        ]
    },
    {
        "user": "UJLK3K4DS",
        "type": "message",
        "ts": "1591715104.037900",
        "client_msg_id": "fac2d3ee-adc7-4c8a-9fe9-e6c7fc5059c7",
        "text": "yes it is, I have changed <http:\/\/app.neohabitat.slack.com|app.neohabitat.slack.com> to localhost",
        "team": "T3NRU3N8L",
        "user_team": "T3NRU3N8L",
        "source_team": "T3NRU3N8L",
        "user_profile": {
            "avatar_hash": "639e026641d3",
            "image_72": "https:\/\/avatars.slack-edge.com\/2022-03-25\/3296810688003_639e026641d3dc2c2ae2_72.jpg",
            "first_name": "Naibor",
            "real_name": "Naibor",
            "display_name": "Naibor",
            "team": "T3NRU3N8L",
            "name": "pedrouran",
            "is_restricted": false,
            "is_ultra_restricted": false
        },
        "blocks": [
            {
                "type": "rich_text",
                "block_id": "FvYv",
                "elements": [
                    {
                        "type": "rich_text_section",
                        "elements": [
                            {
                                "type": "text",
                                "text": "yes it is, I have changed "
                            },
                            {
                                "type": "link",
                                "url": "http:\/\/app.neohabitat.slack.com",
                                "text": "app.neohabitat.slack.com"
                            },
                            {
                                "type": "text",
                                "text": " to localhost"
                            }
                        ]
                    }
                ]
            }
        ]
    },
    {
        "user": "UJLK3K4DS",
        "type": "message",
        "ts": "1591715296.038200",
        "client_msg_id": "df266976-e85c-44f0-9254-6738c565c62d",
        "text": "npm install -g supervisor works fine",
        "team": "T3NRU3N8L",
        "user_team": "T3NRU3N8L",
        "source_team": "T3NRU3N8L",
        "user_profile": {
            "avatar_hash": "639e026641d3",
            "image_72": "https:\/\/avatars.slack-edge.com\/2022-03-25\/3296810688003_639e026641d3dc2c2ae2_72.jpg",
            "first_name": "Naibor",
            "real_name": "Naibor",
            "display_name": "Naibor",
            "team": "T3NRU3N8L",
            "name": "pedrouran",
            "is_restricted": false,
            "is_ultra_restricted": false
        },
        "blocks": [
            {
                "type": "rich_text",
                "block_id": "dad",
                "elements": [
                    {
                        "type": "rich_text_section",
                        "elements": [
                            {
                                "type": "text",
                                "text": "npm install -g supervisor works fine"
                            }
                        ]
                    }
                ]
            }
        ]
    },
    {
        "user": "UJLK3K4DS",
        "type": "message",
        "ts": "1591715339.039100",
        "edited": {
            "user": "UJLK3K4DS",
            "ts": "1591715388.000000"
        },
        "client_msg_id": "c755d28a-a16c-488d-aae6-7aab5499e8e9",
        "text": "i'm launching elizabot, but do i have to run \"HABITAT_HOST=localhost .\/run eliza\"  with server up?",
        "team": "T3NRU3N8L",
        "user_team": "T3NRU3N8L",
        "source_team": "T3NRU3N8L",
        "user_profile": {
            "avatar_hash": "639e026641d3",
            "image_72": "https:\/\/avatars.slack-edge.com\/2022-03-25\/3296810688003_639e026641d3dc2c2ae2_72.jpg",
            "first_name": "Naibor",
            "real_name": "Naibor",
            "display_name": "Naibor",
            "team": "T3NRU3N8L",
            "name": "pedrouran",
            "is_restricted": false,
            "is_ultra_restricted": false
        },
        "blocks": [
            {
                "type": "rich_text",
                "block_id": "vXi1",
                "elements": [
                    {
                        "type": "rich_text_section",
                        "elements": [
                            {
                                "type": "text",
                                "text": "i'm launching elizabot, but do i have to run \"HABITAT_HOST=localhost .\/run eliza\"  with server up?"
                            }
                        ]
                    }
                ]
            }
        ]
    },
    {
        "user": "U3N3TBZPT",
        "type": "message",
        "ts": "1591715655.039400",
        "client_msg_id": "c7666827-47a9-42da-84fb-b8cabf977728",
        "text": "yes",
        "team": "T3NRU3N8L",
        "user_team": "T3NRU3N8L",
        "source_team": "T3NRU3N8L",
        "user_profile": {
            "avatar_hash": "g96f16513098",
            "image_72": "https:\/\/secure.gravatar.com\/avatar\/296f1651309839191e53ca51b0cca0cc.jpg?s=72&d=https%3A%2F%2Fa.slack-edge.com%2Fdf10d%2Fimg%2Favatars%2Fava_0001-72.png",
            "first_name": "Steve",
            "real_name": "Steve Salevan",
            "display_name": "steve",
            "team": "T3NRU3N8L",
            "name": "steve",
            "is_restricted": false,
            "is_ultra_restricted": false
        },
        "blocks": [
            {
                "type": "rich_text",
                "block_id": "g+ZTC",
                "elements": [
                    {
                        "type": "rich_text_section",
                        "elements": [
                            {
                                "type": "text",
                                "text": "yes"
                            }
                        ]
                    }
                ]
            }
        ]
    },
    {
        "user": "UJLK3K4DS",
        "type": "message",
        "ts": "1591715749.039800",
        "client_msg_id": "52ff1ed5-a58d-467a-8464-13bedbd5f831",
        "text": "cool, that is!!!",
        "team": "T3NRU3N8L",
        "user_team": "T3NRU3N8L",
        "source_team": "T3NRU3N8L",
        "user_profile": {
            "avatar_hash": "639e026641d3",
            "image_72": "https:\/\/avatars.slack-edge.com\/2022-03-25\/3296810688003_639e026641d3dc2c2ae2_72.jpg",
            "first_name": "Naibor",
            "real_name": "Naibor",
            "display_name": "Naibor",
            "team": "T3NRU3N8L",
            "name": "pedrouran",
            "is_restricted": false,
            "is_ultra_restricted": false
        },
        "blocks": [
            {
                "type": "rich_text",
                "block_id": "UDZ",
                "elements": [
                    {
                        "type": "rich_text_section",
                        "elements": [
                            {
                                "type": "text",
                                "text": "cool, that is!!!"
                            }
                        ]
                    }
                ]
            }
        ]
    },
    {
        "user": "UJLK3K4DS",
        "type": "message",
        "ts": "1591715806.040900",
        "client_msg_id": "e3a47b27-cf43-4f12-89cf-229811380617",
        "text": "I 've got Oracle !!!! he is not Mr. Farmer but it is very cool :grinning:",
        "team": "T3NRU3N8L",
        "user_team": "T3NRU3N8L",
        "source_team": "T3NRU3N8L",
        "user_profile": {
            "avatar_hash": "639e026641d3",
            "image_72": "https:\/\/avatars.slack-edge.com\/2022-03-25\/3296810688003_639e026641d3dc2c2ae2_72.jpg",
            "first_name": "Naibor",
            "real_name": "Naibor",
            "display_name": "Naibor",
            "team": "T3NRU3N8L",
            "name": "pedrouran",
            "is_restricted": false,
            "is_ultra_restricted": false
        },
        "blocks": [
            {
                "type": "rich_text",
                "block_id": "tu+5R",
                "elements": [
                    {
                        "type": "rich_text_section",
                        "elements": [
                            {
                                "type": "text",
                                "text": "I 've got Oracle !!!! he is not Mr. Farmer but it is very cool "
                            },
                            {
                                "type": "emoji",
                                "name": "grinning",
                                "unicode": "1f600"
                            }
                        ]
                    }
                ]
            }
        ]
    },
    {
        "user": "UJLK3K4DS",
        "type": "message",
        "ts": "1591715828.041400",
        "client_msg_id": "7592df1d-7ba7-44d5-901c-8e15837f201f",
        "text": "thanks a lot again Steve",
        "team": "T3NRU3N8L",
        "user_team": "T3NRU3N8L",
        "source_team": "T3NRU3N8L",
        "user_profile": {
            "avatar_hash": "639e026641d3",
            "image_72": "https:\/\/avatars.slack-edge.com\/2022-03-25\/3296810688003_639e026641d3dc2c2ae2_72.jpg",
            "first_name": "Naibor",
            "real_name": "Naibor",
            "display_name": "Naibor",
            "team": "T3NRU3N8L",
            "name": "pedrouran",
            "is_restricted": false,
            "is_ultra_restricted": false
        },
        "blocks": [
            {
                "type": "rich_text",
                "block_id": "xCiYD",
                "elements": [
                    {
                        "type": "rich_text_section",
                        "elements": [
                            {
                                "type": "text",
                                "text": "thanks a lot again Steve"
                            }
                        ]
                    }
                ]
            }
        ]
    },
    {
        "user": "UJLK3K4DS",
        "type": "message",
        "ts": "1591715873.041900",
        "client_msg_id": "10268dda-24d6-4385-96c0-e3851d4e8170",
        "text": "and can I run the others bots?",
        "team": "T3NRU3N8L",
        "user_team": "T3NRU3N8L",
        "source_team": "T3NRU3N8L",
        "user_profile": {
            "avatar_hash": "639e026641d3",
            "image_72": "https:\/\/avatars.slack-edge.com\/2022-03-25\/3296810688003_639e026641d3dc2c2ae2_72.jpg",
            "first_name": "Naibor",
            "real_name": "Naibor",
            "display_name": "Naibor",
            "team": "T3NRU3N8L",
            "name": "pedrouran",
            "is_restricted": false,
            "is_ultra_restricted": false
        },
        "blocks": [
            {
                "type": "rich_text",
                "block_id": "CnA",
                "elements": [
                    {
                        "type": "rich_text_section",
                        "elements": [
                            {
                                "type": "text",
                                "text": "and can I run the others bots?"
                            }
                        ]
                    }
                ]
            }
        ]
    },
    {
        "user": "UJLK3K4DS",
        "type": "message",
        "ts": "1591715888.042300",
        "client_msg_id": "76c9f974-af3d-4e7b-9544-1851f53a1bb5",
        "text": "Who is welcome bot?",
        "team": "T3NRU3N8L",
        "user_team": "T3NRU3N8L",
        "source_team": "T3NRU3N8L",
        "user_profile": {
            "avatar_hash": "639e026641d3",
            "image_72": "https:\/\/avatars.slack-edge.com\/2022-03-25\/3296810688003_639e026641d3dc2c2ae2_72.jpg",
            "first_name": "Naibor",
            "real_name": "Naibor",
            "display_name": "Naibor",
            "team": "T3NRU3N8L",
            "name": "pedrouran",
            "is_restricted": false,
            "is_ultra_restricted": false
        },
        "blocks": [
            {
                "type": "rich_text",
                "block_id": "iR+pc",
                "elements": [
                    {
                        "type": "rich_text_section",
                        "elements": [
                            {
                                "type": "text",
                                "text": "Who is welcome bot?"
                            }
                        ]
                    }
                ]
            }
        ]
    },
    {
        "user": "U3N3TBZPT",
        "type": "message",
        "ts": "1591715957.042600",
        "client_msg_id": "dce3d9f9-e2d0-4c42-bf04-2b500bb0bc59",
        "text": "welcomebot hangs around in the hatchery",
        "team": "T3NRU3N8L",
        "user_team": "T3NRU3N8L",
        "source_team": "T3NRU3N8L",
        "user_profile": {
            "avatar_hash": "g96f16513098",
            "image_72": "https:\/\/secure.gravatar.com\/avatar\/296f1651309839191e53ca51b0cca0cc.jpg?s=72&d=https%3A%2F%2Fa.slack-edge.com%2Fdf10d%2Fimg%2Favatars%2Fava_0001-72.png",
            "first_name": "Steve",
            "real_name": "Steve Salevan",
            "display_name": "steve",
            "team": "T3NRU3N8L",
            "name": "steve",
            "is_restricted": false,
            "is_ultra_restricted": false
        },
        "blocks": [
            {
                "type": "rich_text",
                "block_id": "+y86X",
                "elements": [
                    {
                        "type": "rich_text_section",
                        "elements": [
                            {
                                "type": "text",
                                "text": "welcomebot hangs around in the hatchery"
                            }
                        ]
                    }
                ]
            }
        ]
    },
    {
        "user": "UJLK3K4DS",
        "type": "message",
        "ts": "1591718989.043800",
        "client_msg_id": "551096b3-1df8-42da-827b-a88ce6c28747",
        "text": "who are the rest of the bots: connector, greeter1, protestor, walker, conversationalist",
        "team": "T3NRU3N8L",
        "user_team": "T3NRU3N8L",
        "source_team": "T3NRU3N8L",
        "user_profile": {
            "avatar_hash": "639e026641d3",
            "image_72": "https:\/\/avatars.slack-edge.com\/2022-03-25\/3296810688003_639e026641d3dc2c2ae2_72.jpg",
            "first_name": "Naibor",
            "real_name": "Naibor",
            "display_name": "Naibor",
            "team": "T3NRU3N8L",
            "name": "pedrouran",
            "is_restricted": false,
            "is_ultra_restricted": false
        },
        "blocks": [
            {
                "type": "rich_text",
                "block_id": "sQWge",
                "elements": [
                    {
                        "type": "rich_text_section",
                        "elements": [
                            {
                                "type": "text",
                                "text": "who are the rest of the bots: connector, greeter1, protestor, walker, conversationalist"
                            }
                        ]
                    }
                ]
            }
        ]
    },
    {
        "user": "U3NS4Q413",
        "type": "message",
        "ts": "1591718999.044100",
        "client_msg_id": "287c029d-8e9d-4cb7-86eb-dce949e144a8",
        "text": "Gonna build us some bots, <@UJLK3K4DS>? Or perhaps help <@U3N3P0V89> build out Club Caribe? :slightly_smiling_face:",
        "team": "T3NRU3N8L",
        "user_team": "T3NRU3N8L",
        "source_team": "T3NRU3N8L",
        "user_profile": {
            "avatar_hash": "9a824257f5f9",
            "image_72": "https:\/\/avatars.slack-edge.com\/2017-06-19\/200099674645_9a824257f5f9fea53c25_72.png",
            "first_name": "Randy",
            "real_name": "Randy Farmer",
            "display_name": "randy",
            "team": "T3NRU3N8L",
            "name": "randy",
            "is_restricted": false,
            "is_ultra_restricted": false
        },
        "blocks": [
            {
                "type": "rich_text",
                "block_id": "kPMB6",
                "elements": [
                    {
                        "type": "rich_text_section",
                        "elements": [
                            {
                                "type": "text",
                                "text": "Gonna build us some bots, "
                            },
                            {
                                "type": "user",
                                "user_id": "UJLK3K4DS"
                            },
                            {
                                "type": "text",
                                "text": "? Or perhaps help "
                            },
                            {
                                "type": "user",
                                "user_id": "U3N3P0V89"
                            },
                            {
                                "type": "text",
                                "text": " build out Club Caribe? "
                            },
                            {
                                "type": "emoji",
                                "name": "slightly_smiling_face",
                                "unicode": "1f642"
                            }
                        ]
                    }
                ]
            }
        ]
    },
    {
        "user": "UJLK3K4DS",
        "type": "message",
        "ts": "1591719106.045500",
        "client_msg_id": "bac57079-af96-4804-999e-af8fb5e41683",
        "text": "Hello Randy, I would like to do something of that, something simple to startint with this",
        "team": "T3NRU3N8L",
        "user_team": "T3NRU3N8L",
        "source_team": "T3NRU3N8L",
        "user_profile": {
            "avatar_hash": "639e026641d3",
            "image_72": "https:\/\/avatars.slack-edge.com\/2022-03-25\/3296810688003_639e026641d3dc2c2ae2_72.jpg",
            "first_name": "Naibor",
            "real_name": "Naibor",
            "display_name": "Naibor",
            "team": "T3NRU3N8L",
            "name": "pedrouran",
            "is_restricted": false,
            "is_ultra_restricted": false
        },
        "blocks": [
            {
                "type": "rich_text",
                "block_id": "nnk",
                "elements": [
                    {
                        "type": "rich_text_section",
                        "elements": [
                            {
                                "type": "text",
                                "text": "Hello Randy, I would like to do something of that, something simple to startint with this"
                            }
                        ]
                    }
                ]
            }
        ]
    },
    {
        "user": "U3NS4Q413",
        "type": "message",
        "ts": "1591719265.046100",
        "client_msg_id": "80013771-4fb1-4880-8f35-a350c7540571",
        "text": "A wander-bot would be cool. Moves from region to region and announces something, maybe?",
        "team": "T3NRU3N8L",
        "user_team": "T3NRU3N8L",
        "source_team": "T3NRU3N8L",
        "user_profile": {
            "avatar_hash": "9a824257f5f9",
            "image_72": "https:\/\/avatars.slack-edge.com\/2017-06-19\/200099674645_9a824257f5f9fea53c25_72.png",
            "first_name": "Randy",
            "real_name": "Randy Farmer",
            "display_name": "randy",
            "team": "T3NRU3N8L",
            "name": "randy",
            "is_restricted": false,
            "is_ultra_restricted": false
        },
        "blocks": [
            {
                "type": "rich_text",
                "block_id": "4ZBNi",
                "elements": [
                    {
                        "type": "rich_text_section",
                        "elements": [
                            {
                                "type": "text",
                                "text": "A wander-bot would be cool. Moves from region to region and announces something, maybe?"
                            }
                        ]
                    }
                ]
            }
        ]
    },
    {
        "user": "U3NS4Q413",
        "type": "message",
        "ts": "1591719308.047100",
        "client_msg_id": "5c74018d-b662-4eb4-a36b-2d661a572264",
        "text": "Or a bot that gives away a token to everyone it's ever met, until it runs out.",
        "team": "T3NRU3N8L",
        "user_team": "T3NRU3N8L",
        "source_team": "T3NRU3N8L",
        "user_profile": {
            "avatar_hash": "9a824257f5f9",
            "image_72": "https:\/\/avatars.slack-edge.com\/2017-06-19\/200099674645_9a824257f5f9fea53c25_72.png",
            "first_name": "Randy",
            "real_name": "Randy Farmer",
            "display_name": "randy",
            "team": "T3NRU3N8L",
            "name": "randy",
            "is_restricted": false,
            "is_ultra_restricted": false
        },
        "blocks": [
            {
                "type": "rich_text",
                "block_id": "fH5",
                "elements": [
                    {
                        "type": "rich_text_section",
                        "elements": [
                            {
                                "type": "text",
                                "text": "Or a bot that gives away a token to everyone it's ever met, until it runs out."
                            }
                        ]
                    }
                ]
            }
        ]
    },
    {
        "user": "U3NS4Q413",
        "type": "message",
        "ts": "1591719320.047300",
        "client_msg_id": "3179a99f-9300-4f30-8f53-f470a94b5b83",
        "text": "Or any idea you may have...",
        "team": "T3NRU3N8L",
        "user_team": "T3NRU3N8L",
        "source_team": "T3NRU3N8L",
        "user_profile": {
            "avatar_hash": "9a824257f5f9",
            "image_72": "https:\/\/avatars.slack-edge.com\/2017-06-19\/200099674645_9a824257f5f9fea53c25_72.png",
            "first_name": "Randy",
            "real_name": "Randy Farmer",
            "display_name": "randy",
            "team": "T3NRU3N8L",
            "name": "randy",
            "is_restricted": false,
            "is_ultra_restricted": false
        },
        "blocks": [
            {
                "type": "rich_text",
                "block_id": "WNfRN",
                "elements": [
                    {
                        "type": "rich_text_section",
                        "elements": [
                            {
                                "type": "text",
                                "text": "Or any idea you may have..."
                            }
                        ]
                    }
                ]
            }
        ]
    },
    {
        "user": "UJLK3K4DS",
        "type": "message",
        "ts": "1591719775.048000",
        "client_msg_id": "931d2dbf-6f59-470f-831c-27fa63700cf9",
        "text": "<@U3NS4Q413> there was bots in Habitat in the back 80's?",
        "team": "T3NRU3N8L",
        "user_team": "T3NRU3N8L",
        "source_team": "T3NRU3N8L",
        "user_profile": {
            "avatar_hash": "639e026641d3",
            "image_72": "https:\/\/avatars.slack-edge.com\/2022-03-25\/3296810688003_639e026641d3dc2c2ae2_72.jpg",
            "first_name": "Naibor",
            "real_name": "Naibor",
            "display_name": "Naibor",
            "team": "T3NRU3N8L",
            "name": "pedrouran",
            "is_restricted": false,
            "is_ultra_restricted": false
        },
        "blocks": [
            {
                "type": "rich_text",
                "block_id": "PJp64",
                "elements": [
                    {
                        "type": "rich_text_section",
                        "elements": [
                            {
                                "type": "user",
                                "user_id": "U3NS4Q413"
                            },
                            {
                                "type": "text",
                                "text": " there was bots in Habitat in the back 80's?"
                            }
                        ]
                    }
                ]
            }
        ]
    },
    {
        "user": "UJLK3K4DS",
        "type": "message",
        "ts": "1591719902.049200",
        "client_msg_id": "bf96e95a-97e2-40e6-a398-028c12d93b8d",
        "text": "I have read your web page \"Habitat Anectotes\" talking about Habitat, but I don't remember to read nothing about that",
        "team": "T3NRU3N8L",
        "user_team": "T3NRU3N8L",
        "source_team": "T3NRU3N8L",
        "user_profile": {
            "avatar_hash": "639e026641d3",
            "image_72": "https:\/\/avatars.slack-edge.com\/2022-03-25\/3296810688003_639e026641d3dc2c2ae2_72.jpg",
            "first_name": "Naibor",
            "real_name": "Naibor",
            "display_name": "Naibor",
            "team": "T3NRU3N8L",
            "name": "pedrouran",
            "is_restricted": false,
            "is_ultra_restricted": false
        },
        "blocks": [
            {
                "type": "rich_text",
                "block_id": "g4Qq",
                "elements": [
                    {
                        "type": "rich_text_section",
                        "elements": [
                            {
                                "type": "text",
                                "text": "I have read your web page \"Habitat Anectotes\" talking about Habitat, but I don't remember to read nothing about that"
                            }
                        ]
                    }
                ]
            }
        ]
    },
    {
        "user": "U3NS4Q413",
        "type": "message",
        "ts": "1591720170.049500",
        "edited": {
            "user": "U3NS4Q413",
            "ts": "1591720181.000000"
        },
        "client_msg_id": "af6a4ab3-5384-4384-a73d-c50a86d73481",
        "text": "No bots during the time of Lucasfilm's Habitat.",
        "team": "T3NRU3N8L",
        "user_team": "T3NRU3N8L",
        "source_team": "T3NRU3N8L",
        "user_profile": {
            "avatar_hash": "9a824257f5f9",
            "image_72": "https:\/\/avatars.slack-edge.com\/2017-06-19\/200099674645_9a824257f5f9fea53c25_72.png",
            "first_name": "Randy",
            "real_name": "Randy Farmer",
            "display_name": "randy",
            "team": "T3NRU3N8L",
            "name": "randy",
            "is_restricted": false,
            "is_ultra_restricted": false
        },
        "blocks": [
            {
                "type": "rich_text",
                "block_id": "qUl",
                "elements": [
                    {
                        "type": "rich_text_section",
                        "elements": [
                            {
                                "type": "text",
                                "text": "No bots during the time of Lucasfilm's Habitat."
                            }
                        ]
                    }
                ]
            }
        ]
    },
    {
        "user": "U3NS4Q413",
        "type": "message",
        "ts": "1591720197.050000",
        "client_msg_id": "5e9c7826-70d9-4dd9-aa73-392178d6292e",
        "text": "Well - not exactly.",
        "team": "T3NRU3N8L",
        "user_team": "T3NRU3N8L",
        "source_team": "T3NRU3N8L",
        "user_profile": {
            "avatar_hash": "9a824257f5f9",
            "image_72": "https:\/\/avatars.slack-edge.com\/2017-06-19\/200099674645_9a824257f5f9fea53c25_72.png",
            "first_name": "Randy",
            "real_name": "Randy Farmer",
            "display_name": "randy",
            "team": "T3NRU3N8L",
            "name": "randy",
            "is_restricted": false,
            "is_ultra_restricted": false
        },
        "blocks": [
            {
                "type": "rich_text",
                "block_id": "uGc",
                "elements": [
                    {
                        "type": "rich_text_section",
                        "elements": [
                            {
                                "type": "text",
                                "text": "Well - not exactly."
                            }
                        ]
                    }
                ]
            }
        ]
    },
    {
        "user": "U3NS4Q413",
        "type": "message",
        "ts": "1591720256.051200",
        "client_msg_id": "e634ecf7-7711-4087-835e-bc78ff6bc490",
        "text": "There was the Bureaucrat in a Box - that was supposed to allow people to do property transactions. I'm not sure that ever worked in Habitat. I know it did for WorldsAway.",
        "team": "T3NRU3N8L",
        "user_team": "T3NRU3N8L",
        "source_team": "T3NRU3N8L",
        "user_profile": {
            "avatar_hash": "9a824257f5f9",
            "image_72": "https:\/\/avatars.slack-edge.com\/2017-06-19\/200099674645_9a824257f5f9fea53c25_72.png",
            "first_name": "Randy",
            "real_name": "Randy Farmer",
            "display_name": "randy",
            "team": "T3NRU3N8L",
            "name": "randy",
            "is_restricted": false,
            "is_ultra_restricted": false
        },
        "blocks": [
            {
                "type": "rich_text",
                "block_id": "dwZ",
                "elements": [
                    {
                        "type": "rich_text_section",
                        "elements": [
                            {
                                "type": "text",
                                "text": "There was the Bureaucrat in a Box - that was supposed to allow people to do property transactions. I'm not sure that ever worked in Habitat. I know it did for WorldsAway."
                            }
                        ]
                    }
                ]
            }
        ]
    },
    {
        "user": "U3NS4Q413",
        "type": "message",
        "ts": "1591720288.051600",
        "client_msg_id": "952a3d98-deff-4a6a-a81c-b6d81139fdc3",
        "text": "Bots, in the sense of artificial avatars? No.",
        "team": "T3NRU3N8L",
        "user_team": "T3NRU3N8L",
        "source_team": "T3NRU3N8L",
        "user_profile": {
            "avatar_hash": "9a824257f5f9",
            "image_72": "https:\/\/avatars.slack-edge.com\/2017-06-19\/200099674645_9a824257f5f9fea53c25_72.png",
            "first_name": "Randy",
            "real_name": "Randy Farmer",
            "display_name": "randy",
            "team": "T3NRU3N8L",
            "name": "randy",
            "is_restricted": false,
            "is_ultra_restricted": false
        },
        "blocks": [
            {
                "type": "rich_text",
                "block_id": "FuS35",
                "elements": [
                    {
                        "type": "rich_text_section",
                        "elements": [
                            {
                                "type": "text",
                                "text": "Bots, in the sense of artificial avatars? No."
                            }
                        ]
                    }
                ]
            }
        ]
    },
    {
        "user": "U3NS4Q413",
        "type": "message",
        "ts": "1591720326.052200",
        "client_msg_id": "721481ef-bdf4-4325-9aab-43c90a14eef3",
        "text": "I'm liking them for NeoHabitat because they can simulate having people on the server.",
        "team": "T3NRU3N8L",
        "user_team": "T3NRU3N8L",
        "source_team": "T3NRU3N8L",
        "user_profile": {
            "avatar_hash": "9a824257f5f9",
            "image_72": "https:\/\/avatars.slack-edge.com\/2017-06-19\/200099674645_9a824257f5f9fea53c25_72.png",
            "first_name": "Randy",
            "real_name": "Randy Farmer",
            "display_name": "randy",
            "team": "T3NRU3N8L",
            "name": "randy",
            "is_restricted": false,
            "is_ultra_restricted": false
        },
        "blocks": [
            {
                "type": "rich_text",
                "block_id": "Oy=C",
                "elements": [
                    {
                        "type": "rich_text_section",
                        "elements": [
                            {
                                "type": "text",
                                "text": "I'm liking them for NeoHabitat because they can simulate having people on the server."
                            }
                        ]
                    }
                ]
            }
        ]
    },
    {
        "user": "U3NS4Q413",
        "type": "message",
        "ts": "1591720353.052900",
        "client_msg_id": "5e9670b4-b438-4dc8-ab15-e5b22c9c4413",
        "text": "Since it's meant to be a museum recreation, the bots are like \"docents\" in the world.",
        "team": "T3NRU3N8L",
        "user_team": "T3NRU3N8L",
        "source_team": "T3NRU3N8L",
        "user_profile": {
            "avatar_hash": "9a824257f5f9",
            "image_72": "https:\/\/avatars.slack-edge.com\/2017-06-19\/200099674645_9a824257f5f9fea53c25_72.png",
            "first_name": "Randy",
            "real_name": "Randy Farmer",
            "display_name": "randy",
            "team": "T3NRU3N8L",
            "name": "randy",
            "is_restricted": false,
            "is_ultra_restricted": false
        },
        "blocks": [
            {
                "type": "rich_text",
                "block_id": "p9qed",
                "elements": [
                    {
                        "type": "rich_text_section",
                        "elements": [
                            {
                                "type": "text",
                                "text": "Since it's meant to be a museum recreation, the bots are like \"docents\" in the world."
                            }
                        ]
                    }
                ]
            }
        ]
    },
    {
        "user": "U3NS4Q413",
        "type": "message",
        "ts": "1591720402.053600",
        "client_msg_id": "da50b66e-b2b7-47da-8d8a-3b7ac2b58dde",
        "text": "My ultimate wish would be literally that: a docent bot that gives guided tours. But that's probably not worth the effort.",
        "team": "T3NRU3N8L",
        "user_team": "T3NRU3N8L",
        "source_team": "T3NRU3N8L",
        "user_profile": {
            "avatar_hash": "9a824257f5f9",
            "image_72": "https:\/\/avatars.slack-edge.com\/2017-06-19\/200099674645_9a824257f5f9fea53c25_72.png",
            "first_name": "Randy",
            "real_name": "Randy Farmer",
            "display_name": "randy",
            "team": "T3NRU3N8L",
            "name": "randy",
            "is_restricted": false,
            "is_ultra_restricted": false
        },
        "blocks": [
            {
                "type": "rich_text",
                "block_id": "XoBt5",
                "elements": [
                    {
                        "type": "rich_text_section",
                        "elements": [
                            {
                                "type": "text",
                                "text": "My ultimate wish would be literally that: a docent bot that gives guided tours. But that's probably not worth the effort."
                            }
                        ]
                    }
                ]
            }
        ]
    },
    {
        "user": "U3NS4Q413",
        "type": "message",
        "ts": "1591720422.054000",
        "client_msg_id": "8fd9e64e-a67c-4529-8552-40e8088144dc",
        "text": "I have LOTS of wishes.",
        "team": "T3NRU3N8L",
        "user_team": "T3NRU3N8L",
        "source_team": "T3NRU3N8L",
        "user_profile": {
            "avatar_hash": "9a824257f5f9",
            "image_72": "https:\/\/avatars.slack-edge.com\/2017-06-19\/200099674645_9a824257f5f9fea53c25_72.png",
            "first_name": "Randy",
            "real_name": "Randy Farmer",
            "display_name": "randy",
            "team": "T3NRU3N8L",
            "name": "randy",
            "is_restricted": false,
            "is_ultra_restricted": false
        },
        "blocks": [
            {
                "type": "rich_text",
                "block_id": "bmQ",
                "elements": [
                    {
                        "type": "rich_text_section",
                        "elements": [
                            {
                                "type": "text",
                                "text": "I have LOTS of wishes."
                            }
                        ]
                    }
                ]
            }
        ]
    },
    {
        "user": "UJLK3K4DS",
        "type": "message",
        "ts": "1591721241.055300",
        "client_msg_id": "46a80c68-63e3-4243-beed-83b107a470eb",
        "text": "This game has many possibilities, it is an open virtual world. It is a work of art that deserves to be preserved and improved.",
        "team": "T3NRU3N8L",
        "user_team": "T3NRU3N8L",
        "source_team": "T3NRU3N8L",
        "user_profile": {
            "avatar_hash": "639e026641d3",
            "image_72": "https:\/\/avatars.slack-edge.com\/2022-03-25\/3296810688003_639e026641d3dc2c2ae2_72.jpg",
            "first_name": "Naibor",
            "real_name": "Naibor",
            "display_name": "Naibor",
            "team": "T3NRU3N8L",
            "name": "pedrouran",
            "is_restricted": false,
            "is_ultra_restricted": false
        },
        "blocks": [
            {
                "type": "rich_text",
                "block_id": "XPf",
                "elements": [
                    {
                        "type": "rich_text_section",
                        "elements": [
                            {
                                "type": "text",
                                "text": "This game has many possibilities, it is an open virtual world. It is a work of art that deserves to be preserved and improved."
                            }
                        ]
                    }
                ]
            }
        ]
    },
    {
        "user": "UJLK3K4DS",
        "type": "message",
        "ts": "1591722167.056000",
        "client_msg_id": "a02e8e9a-9c84-4731-94e5-4aef07e6a589",
        "text": "Elizabot and connectorbot runs fine, but hatchery gives this error:",
        "team": "T3NRU3N8L",
        "user_team": "T3NRU3N8L",
        "source_team": "T3NRU3N8L",
        "user_profile": {
            "avatar_hash": "639e026641d3",
            "image_72": "https:\/\/avatars.slack-edge.com\/2022-03-25\/3296810688003_639e026641d3dc2c2ae2_72.jpg",
            "first_name": "Naibor",
            "real_name": "Naibor",
            "display_name": "Naibor",
            "team": "T3NRU3N8L",
            "name": "pedrouran",
            "is_restricted": false,
            "is_ultra_restricted": false
        },
        "blocks": [
            {
                "type": "rich_text",
                "block_id": "ymU9",
                "elements": [
                    {
                        "type": "rich_text_section",
                        "elements": [
                            {
                                "type": "text",
                                "text": "Elizabot and connectorbot runs fine, but hatchery gives this error:"
                            }
                        ]
                    }
                ]
            }
        ]
    },
    {
        "user": "UJLK3K4DS",
        "type": "message",
        "ts": "1591722170.056200",
        "client_msg_id": "be485ade-0da9-4535-9a92-f7d0b2211d40",
        "text": "xp@Neohabitat-server:~\/neohabitat-master\/habibots$  .\/run hatchery\nLaunching hatchery...\n\nRunning node-supervisor with\n  program 'bots\/hatchery.js -g \/home\/xp\/neohabitat-master\/habibots\/assets\/hatchery.txt -c context-hatchery -h localhost -p 1337 -s XXXXXXXXXXXXXXXXXXXXXXXXXXXX -l general -u welcomebot'\n  --watch '\/home\/xp\/neohabitat-master\/habibots'\n  --extensions 'node,js,txt'\n  --exec 'node'\n\nStarting child process with 'node bots\/hatchery.js -g \/home\/xp\/neohabitat-master\/habibots\/assets\/hatchery.txt -c context-hatchery -h localhost -p 1337 -s XXXXXXXXXXXXXXXXXXXXXXXXXXXX -l general -u welcomebot'\nWatching directory '\/home\/xp\/neohabitat-master\/habibots' for changes.\nPress rs for restarting the process.\n2020-06-09T16:56:57.785Z - debug: Constructed HabiBot @localhost:1337: {\"shouldReconnect\":true}\n\/home\/xp\/neohabitat-master\/habibots\/bots\/hatchery.js:51\n  dataStore: new MemoryDataStore(),\n             ^\n\nTypeError: MemoryDataStore is not a constructor\n    at Object.&lt;anonymous&gt; (\/home\/xp\/neohabitat-master\/habibots\/bots\/hatchery.js:51:14)\n    at Module._compile (internal\/modules\/cjs\/loader.js:778:30)\n    at Object.Module._extensions..js (internal\/modules\/cjs\/loader.js:789:10)\n    at Module.load (internal\/modules\/cjs\/loader.js:653:32)\n    at tryModuleLoad (internal\/modules\/cjs\/loader.js:593:12)\n    at Function.Module._load (internal\/modules\/cjs\/loader.js:585:3)\n    at Function.Module.runMain (internal\/modules\/cjs\/loader.js:831:12)\n    at startup (internal\/bootstrap\/node.js:283:19)\n    at bootstrapNodeJSCore (internal\/bootstrap\/node.js:623:3)\nProgram node bots\/hatchery.js -g \/home\/xp\/neohabitat-master\/habibots\/assets\/hatchery.txt -c context-hatchery -h localhost -p 1337 -s XXXXXXXXXXXXXXXXXXXXXXXXXXXX -l general -u welcomebot exited with code 1",
        "team": "T3NRU3N8L",
        "user_team": "T3NRU3N8L",
        "source_team": "T3NRU3N8L",
        "user_profile": {
            "avatar_hash": "639e026641d3",
            "image_72": "https:\/\/avatars.slack-edge.com\/2022-03-25\/3296810688003_639e026641d3dc2c2ae2_72.jpg",
            "first_name": "Naibor",
            "real_name": "Naibor",
            "display_name": "Naibor",
            "team": "T3NRU3N8L",
            "name": "pedrouran",
            "is_restricted": false,
            "is_ultra_restricted": false
        },
        "blocks": [
            {
                "type": "rich_text",
                "block_id": "Rzy0",
                "elements": [
                    {
                        "type": "rich_text_section",
                        "elements": [
                            {
                                "type": "text",
                                "text": "xp@Neohabitat-server:~\/neohabitat-master\/habibots$  .\/run hatchery\nLaunching hatchery...\n\nRunning node-supervisor with\n  program 'bots\/hatchery.js -g \/home\/xp\/neohabitat-master\/habibots\/assets\/hatchery.txt -c context-hatchery -h localhost -p 1337 -s XXXXXXXXXXXXXXXXXXXXXXXXXXXX -l general -u welcomebot'\n  --watch '\/home\/xp\/neohabitat-master\/habibots'\n  --extensions 'node,js,txt'\n  --exec 'node'\n\nStarting child process with 'node bots\/hatchery.js -g \/home\/xp\/neohabitat-master\/habibots\/assets\/hatchery.txt -c context-hatchery -h localhost -p 1337 -s XXXXXXXXXXXXXXXXXXXXXXXXXXXX -l general -u welcomebot'\nWatching directory '\/home\/xp\/neohabitat-master\/habibots' for changes.\nPress rs for restarting the process.\n2020-06-09T16:56:57.785Z - debug: Constructed HabiBot @localhost:1337: {\"shouldReconnect\":true}\n\/home\/xp\/neohabitat-master\/habibots\/bots\/hatchery.js:51\n  dataStore: new MemoryDataStore(),\n             ^\n\nTypeError: MemoryDataStore is not a constructor\n    at Object.<anonymous> (\/home\/xp\/neohabitat-master\/habibots\/bots\/hatchery.js:51:14)\n    at Module._compile (internal\/modules\/cjs\/loader.js:778:30)\n    at Object.Module._extensions..js (internal\/modules\/cjs\/loader.js:789:10)\n    at Module.load (internal\/modules\/cjs\/loader.js:653:32)\n    at tryModuleLoad (internal\/modules\/cjs\/loader.js:593:12)\n    at Function.Module._load (internal\/modules\/cjs\/loader.js:585:3)\n    at Function.Module.runMain (internal\/modules\/cjs\/loader.js:831:12)\n    at startup (internal\/bootstrap\/node.js:283:19)\n    at bootstrapNodeJSCore (internal\/bootstrap\/node.js:623:3)\nProgram node bots\/hatchery.js -g \/home\/xp\/neohabitat-master\/habibots\/assets\/hatchery.txt -c context-hatchery -h localhost -p 1337 -s XXXXXXXXXXXXXXXXXXXXXXXXXXXX -l general -u welcomebot exited with code 1"
                            }
                        ]
                    }
                ]
            }
        ]
    },
    {
        "user": "UJLK3K4DS",
        "type": "message",
        "ts": "1591722257.056900",
        "client_msg_id": "d7f8bdb9-66ed-40ec-817f-456cdfb61fe7",
        "text": "MemoryDataStore references to Slack variables. Is it necesary to create an account in Slack?",
        "team": "T3NRU3N8L",
        "user_team": "T3NRU3N8L",
        "source_team": "T3NRU3N8L",
        "user_profile": {
            "avatar_hash": "639e026641d3",
            "image_72": "https:\/\/avatars.slack-edge.com\/2022-03-25\/3296810688003_639e026641d3dc2c2ae2_72.jpg",
            "first_name": "Naibor",
            "real_name": "Naibor",
            "display_name": "Naibor",
            "team": "T3NRU3N8L",
            "name": "pedrouran",
            "is_restricted": false,
            "is_ultra_restricted": false
        },
        "blocks": [
            {
                "type": "rich_text",
                "block_id": "I=eK",
                "elements": [
                    {
                        "type": "rich_text_section",
                        "elements": [
                            {
                                "type": "text",
                                "text": "MemoryDataStore references to Slack variables. Is it necesary to create an account in Slack?"
                            }
                        ]
                    }
                ]
            }
        ]
    },
    {
        "user": "U3N3TBZPT",
        "type": "message",
        "ts": "1591722335.057300",
        "client_msg_id": "347fc769-0d73-4f59-8c61-8d6a11de6cf6",
        "text": "that bot may have not been touched in a few years",
        "team": "T3NRU3N8L",
        "user_team": "T3NRU3N8L",
        "source_team": "T3NRU3N8L",
        "user_profile": {
            "avatar_hash": "g96f16513098",
            "image_72": "https:\/\/secure.gravatar.com\/avatar\/296f1651309839191e53ca51b0cca0cc.jpg?s=72&d=https%3A%2F%2Fa.slack-edge.com%2Fdf10d%2Fimg%2Favatars%2Fava_0001-72.png",
            "first_name": "Steve",
            "real_name": "Steve Salevan",
            "display_name": "steve",
            "team": "T3NRU3N8L",
            "name": "steve",
            "is_restricted": false,
            "is_ultra_restricted": false
        },
        "blocks": [
            {
                "type": "rich_text",
                "block_id": "dqDTa",
                "elements": [
                    {
                        "type": "rich_text_section",
                        "elements": [
                            {
                                "type": "text",
                                "text": "that bot may have not been touched in a few years"
                            }
                        ]
                    }
                ]
            }
        ]
    },
    {
        "user": "U3N3TBZPT",
        "type": "message",
        "ts": "1591722347.057500",
        "client_msg_id": "7fbd9eb7-efab-4384-bb77-6b12f3d75e2d",
        "text": "you may wish to debug furhter",
        "team": "T3NRU3N8L",
        "user_team": "T3NRU3N8L",
        "source_team": "T3NRU3N8L",
        "user_profile": {
            "avatar_hash": "g96f16513098",
            "image_72": "https:\/\/secure.gravatar.com\/avatar\/296f1651309839191e53ca51b0cca0cc.jpg?s=72&d=https%3A%2F%2Fa.slack-edge.com%2Fdf10d%2Fimg%2Favatars%2Fava_0001-72.png",
            "first_name": "Steve",
            "real_name": "Steve Salevan",
            "display_name": "steve",
            "team": "T3NRU3N8L",
            "name": "steve",
            "is_restricted": false,
            "is_ultra_restricted": false
        },
        "blocks": [
            {
                "type": "rich_text",
                "block_id": "PLvj",
                "elements": [
                    {
                        "type": "rich_text_section",
                        "elements": [
                            {
                                "type": "text",
                                "text": "you may wish to debug furhter"
                            }
                        ]
                    }
                ]
            }
        ]
    },
    {
        "user": "UJLK3K4DS",
        "type": "message",
        "ts": "1591722448.057900",
        "client_msg_id": "51e802e1-5015-4968-99da-dff66fd3e1d0",
        "text": "what relation it has with Slack?",
        "team": "T3NRU3N8L",
        "user_team": "T3NRU3N8L",
        "source_team": "T3NRU3N8L",
        "user_profile": {
            "avatar_hash": "639e026641d3",
            "image_72": "https:\/\/avatars.slack-edge.com\/2022-03-25\/3296810688003_639e026641d3dc2c2ae2_72.jpg",
            "first_name": "Naibor",
            "real_name": "Naibor",
            "display_name": "Naibor",
            "team": "T3NRU3N8L",
            "name": "pedrouran",
            "is_restricted": false,
            "is_ultra_restricted": false
        },
        "blocks": [
            {
                "type": "rich_text",
                "block_id": "p9Z\/",
                "elements": [
                    {
                        "type": "rich_text_section",
                        "elements": [
                            {
                                "type": "text",
                                "text": "what relation it has with Slack?"
                            }
                        ]
                    }
                ]
            }
        ]
    },
    {
        "user": "U3N3TBZPT",
        "type": "message",
        "ts": "1591722466.058300",
        "client_msg_id": "b0a1c964-6a0e-432e-8d52-bcc24269264e",
        "text": "i’d recommend reading the code; this will explain things best",
        "team": "T3NRU3N8L",
        "user_team": "T3NRU3N8L",
        "source_team": "T3NRU3N8L",
        "user_profile": {
            "avatar_hash": "g96f16513098",
            "image_72": "https:\/\/secure.gravatar.com\/avatar\/296f1651309839191e53ca51b0cca0cc.jpg?s=72&d=https%3A%2F%2Fa.slack-edge.com%2Fdf10d%2Fimg%2Favatars%2Fava_0001-72.png",
            "first_name": "Steve",
            "real_name": "Steve Salevan",
            "display_name": "steve",
            "team": "T3NRU3N8L",
            "name": "steve",
            "is_restricted": false,
            "is_ultra_restricted": false
        },
        "blocks": [
            {
                "type": "rich_text",
                "block_id": "aUIk",
                "elements": [
                    {
                        "type": "rich_text_section",
                        "elements": [
                            {
                                "type": "text",
                                "text": "i’d recommend reading the code; this will explain things best"
                            }
                        ]
                    }
                ]
            }
        ]
    },
    {
        "user": "UJLK3K4DS",
        "type": "message",
        "ts": "1591722490.058700",
        "client_msg_id": "2a703475-49f7-41fe-a254-bfc4eb7534d9",
        "text": "ok I will do it, thakns a lot",
        "team": "T3NRU3N8L",
        "user_team": "T3NRU3N8L",
        "source_team": "T3NRU3N8L",
        "user_profile": {
            "avatar_hash": "639e026641d3",
            "image_72": "https:\/\/avatars.slack-edge.com\/2022-03-25\/3296810688003_639e026641d3dc2c2ae2_72.jpg",
            "first_name": "Naibor",
            "real_name": "Naibor",
            "display_name": "Naibor",
            "team": "T3NRU3N8L",
            "name": "pedrouran",
            "is_restricted": false,
            "is_ultra_restricted": false
        },
        "blocks": [
            {
                "type": "rich_text",
                "block_id": "3mBg",
                "elements": [
                    {
                        "type": "rich_text_section",
                        "elements": [
                            {
                                "type": "text",
                                "text": "ok I will do it, thakns a lot"
                            }
                        ]
                    }
                ]
            }
        ]
    },
    {
        "user": "U3N3TBZPT",
        "type": "message",
        "ts": "1591722495.058900",
        "client_msg_id": "1d3aed12-da65-4de0-8d95-84da8cea996d",
        "text": "np!",
        "team": "T3NRU3N8L",
        "user_team": "T3NRU3N8L",
        "source_team": "T3NRU3N8L",
        "user_profile": {
            "avatar_hash": "g96f16513098",
            "image_72": "https:\/\/secure.gravatar.com\/avatar\/296f1651309839191e53ca51b0cca0cc.jpg?s=72&d=https%3A%2F%2Fa.slack-edge.com%2Fdf10d%2Fimg%2Favatars%2Fava_0001-72.png",
            "first_name": "Steve",
            "real_name": "Steve Salevan",
            "display_name": "steve",
            "team": "T3NRU3N8L",
            "name": "steve",
            "is_restricted": false,
            "is_ultra_restricted": false
        },
        "blocks": [
            {
                "type": "rich_text",
                "block_id": "O9l",
                "elements": [
                    {
                        "type": "rich_text_section",
                        "elements": [
                            {
                                "type": "text",
                                "text": "np!"
                            }
                        ]
                    }
                ]
            }
        ]
    },
    {
        "user": "UJLK3K4DS",
        "type": "message",
        "ts": "1591770518.061100",
        "client_msg_id": "c9576d76-2648-4ab7-b80e-639f7e28b425",
        "text": "Hello, the problem was due to Hatchery bot is linked to a Slack APP to notify events as phill. Finally I have remmarked all references to Slack and it works fine.",
        "team": "T3NRU3N8L",
        "user_team": "T3NRU3N8L",
        "source_team": "T3NRU3N8L",
        "user_profile": {
            "avatar_hash": "639e026641d3",
            "image_72": "https:\/\/avatars.slack-edge.com\/2022-03-25\/3296810688003_639e026641d3dc2c2ae2_72.jpg",
            "first_name": "Naibor",
            "real_name": "Naibor",
            "display_name": "Naibor",
            "team": "T3NRU3N8L",
            "name": "pedrouran",
            "is_restricted": false,
            "is_ultra_restricted": false
        },
        "blocks": [
            {
                "type": "rich_text",
                "block_id": "4NxuR",
                "elements": [
                    {
                        "type": "rich_text_section",
                        "elements": [
                            {
                                "type": "text",
                                "text": "Hello, the problem was due to Hatchery bot is linked to a Slack APP to notify events as phill. Finally I have remmarked all references to Slack and it works fine."
                            }
                        ]
                    }
                ]
            }
        ]
    },
    {
        "user": "UJLK3K4DS",
        "type": "message",
        "ts": "1591770835.063900",
        "client_msg_id": "8026fabe-3249-4f58-b238-dcb2ff403f5a",
        "text": "I would like to research the Habibots to see how they works,  just for curiosity. I'm going to look for documentation about it. I'm not thinking on publish any other Neohabitat server, I do it just for fun, because I consider this game amazing, and a technological jewelry",
        "team": "T3NRU3N8L",
        "user_team": "T3NRU3N8L",
        "source_team": "T3NRU3N8L",
        "user_profile": {
            "avatar_hash": "639e026641d3",
            "image_72": "https:\/\/avatars.slack-edge.com\/2022-03-25\/3296810688003_639e026641d3dc2c2ae2_72.jpg",
            "first_name": "Naibor",
            "real_name": "Naibor",
            "display_name": "Naibor",
            "team": "T3NRU3N8L",
            "name": "pedrouran",
            "is_restricted": false,
            "is_ultra_restricted": false
        },
        "blocks": [
            {
                "type": "rich_text",
                "block_id": "xl2Rg",
                "elements": [
                    {
                        "type": "rich_text_section",
                        "elements": [
                            {
                                "type": "text",
                                "text": "I would like to research the Habibots to see how they works,  just for curiosity. I'm going to look for documentation about it. I'm not thinking on publish any other Neohabitat server, I do it just for fun, because I consider this game amazing, and a technological jewelry"
                            }
                        ]
                    }
                ]
            }
        ]
    }
]