[
    {
        "user": "U3N3P0V89",
        "type": "message",
        "ts": "1594847003.013600",
        "client_msg_id": "E4D2A48D-0D3A-4DC8-8DBE-3F621B01BBB8",
        "text": "Congrats on figuring it out!",
        "team": "T3NRU3N8L",
        "user_team": "T3NRU3N8L",
        "source_team": "T3NRU3N8L",
        "user_profile": {
            "avatar_hash": "6dcfc9e0d4c7",
            "image_72": "https:\/\/avatars.slack-edge.com\/2017-06-07\/195047001686_6dcfc9e0d4c71e750732_72.png",
            "first_name": "Stu",
            "real_name": "Stu",
            "display_name": "stu",
            "team": "T3NRU3N8L",
            "name": "stu",
            "is_restricted": false,
            "is_ultra_restricted": false
        },
        "blocks": [
            {
                "type": "rich_text",
                "block_id": "GQQp",
                "elements": [
                    {
                        "type": "rich_text_section",
                        "elements": [
                            {
                                "type": "text",
                                "text": "Congrats on figuring it out!"
                            }
                        ]
                    }
                ]
            }
        ]
    },
    {
        "user": "UJLK3K4DS",
        "type": "message",
        "ts": "1594847047.015200",
        "client_msg_id": "9fc37086-51b6-45a3-95a8-537d9b9b2e36",
        "text": "I have opened a pull request against frandallfarmer\/neohabitat repo",
        "team": "T3NRU3N8L",
        "user_team": "T3NRU3N8L",
        "source_team": "T3NRU3N8L",
        "user_profile": {
            "avatar_hash": "639e026641d3",
            "image_72": "https:\/\/avatars.slack-edge.com\/2022-03-25\/3296810688003_639e026641d3dc2c2ae2_72.jpg",
            "first_name": "Naibor",
            "real_name": "Naibor",
            "display_name": "Naibor",
            "team": "T3NRU3N8L",
            "name": "pedrouran",
            "is_restricted": false,
            "is_ultra_restricted": false
        },
        "blocks": [
            {
                "type": "rich_text",
                "block_id": "n=YE",
                "elements": [
                    {
                        "type": "rich_text_section",
                        "elements": [
                            {
                                "type": "text",
                                "text": "I have opened a pull request against frandallfarmer\/neohabitat repo"
                            }
                        ]
                    }
                ]
            }
        ]
    },
    {
        "user": "U3N3P0V89",
        "type": "message",
        "ts": "1594847086.016200",
        "client_msg_id": "C7EEDA93-5CCA-43AF-9052-04EB08076264",
        "text": "One thing though and I might be wrong with Habitat but i think noids aren’t a permanent way of referring to an object as they can change on a restart. Might be thinking with my WA brain here. gr_state would’ve been used because that won’t change.",
        "team": "T3NRU3N8L",
        "user_team": "T3NRU3N8L",
        "source_team": "T3NRU3N8L",
        "user_profile": {
            "avatar_hash": "6dcfc9e0d4c7",
            "image_72": "https:\/\/avatars.slack-edge.com\/2017-06-07\/195047001686_6dcfc9e0d4c71e750732_72.png",
            "first_name": "Stu",
            "real_name": "Stu",
            "display_name": "stu",
            "team": "T3NRU3N8L",
            "name": "stu",
            "is_restricted": false,
            "is_ultra_restricted": false
        },
        "blocks": [
            {
                "type": "rich_text",
                "block_id": "L=w9V",
                "elements": [
                    {
                        "type": "rich_text_section",
                        "elements": [
                            {
                                "type": "text",
                                "text": "One thing though and I might be wrong with Habitat but i think noids aren’t a permanent way of referring to an object as they can change on a restart. Might be thinking with my WA brain here. gr_state would’ve been used because that won’t change."
                            }
                        ]
                    }
                ]
            }
        ]
    },
    {
        "user": "U3N3P0V89",
        "type": "message",
        "ts": "1594847127.017000",
        "client_msg_id": "809CB301-D512-4C2A-9937-701418B53448",
        "text": "Randy will take a look at it sometime though :grinning:",
        "team": "T3NRU3N8L",
        "user_team": "T3NRU3N8L",
        "source_team": "T3NRU3N8L",
        "user_profile": {
            "avatar_hash": "6dcfc9e0d4c7",
            "image_72": "https:\/\/avatars.slack-edge.com\/2017-06-07\/195047001686_6dcfc9e0d4c71e750732_72.png",
            "first_name": "Stu",
            "real_name": "Stu",
            "display_name": "stu",
            "team": "T3NRU3N8L",
            "name": "stu",
            "is_restricted": false,
            "is_ultra_restricted": false
        },
        "blocks": [
            {
                "type": "rich_text",
                "block_id": "z3PQT",
                "elements": [
                    {
                        "type": "rich_text_section",
                        "elements": [
                            {
                                "type": "text",
                                "text": "Randy will take a look at it sometime though "
                            },
                            {
                                "type": "emoji",
                                "name": "grinning",
                                "unicode": "1f600"
                            }
                        ]
                    }
                ]
            }
        ]
    },
    {
        "user": "UJLK3K4DS",
        "type": "message",
        "ts": "1594847248.018000",
        "client_msg_id": "6c1d314d-23f7-4393-90b7-ca348e58099b",
        "text": "You have to have all the reason, but it was the only way i got to identify the objects.",
        "team": "T3NRU3N8L",
        "user_team": "T3NRU3N8L",
        "source_team": "T3NRU3N8L",
        "user_profile": {
            "avatar_hash": "639e026641d3",
            "image_72": "https:\/\/avatars.slack-edge.com\/2022-03-25\/3296810688003_639e026641d3dc2c2ae2_72.jpg",
            "first_name": "Naibor",
            "real_name": "Naibor",
            "display_name": "Naibor",
            "team": "T3NRU3N8L",
            "name": "pedrouran",
            "is_restricted": false,
            "is_ultra_restricted": false
        },
        "blocks": [
            {
                "type": "rich_text",
                "block_id": "JNvq",
                "elements": [
                    {
                        "type": "rich_text_section",
                        "elements": [
                            {
                                "type": "text",
                                "text": "You have to have all the reason, but it was the only way i got to identify the objects."
                            }
                        ]
                    }
                ]
            }
        ]
    },
    {
        "user": "UJLK3K4DS",
        "type": "message",
        "ts": "1594847276.018600",
        "edited": {
            "user": "UJLK3K4DS",
            "ts": "1594848053.000000"
        },
        "client_msg_id": "352af67f-86ef-49e0-95fe-6cd638c42250",
        "text": "gr_state doesn't work for me, i always get 0",
        "team": "T3NRU3N8L",
        "user_team": "T3NRU3N8L",
        "source_team": "T3NRU3N8L",
        "user_profile": {
            "avatar_hash": "639e026641d3",
            "image_72": "https:\/\/avatars.slack-edge.com\/2022-03-25\/3296810688003_639e026641d3dc2c2ae2_72.jpg",
            "first_name": "Naibor",
            "real_name": "Naibor",
            "display_name": "Naibor",
            "team": "T3NRU3N8L",
            "name": "pedrouran",
            "is_restricted": false,
            "is_ultra_restricted": false
        },
        "blocks": [
            {
                "type": "rich_text",
                "block_id": "XhO",
                "elements": [
                    {
                        "type": "rich_text_section",
                        "elements": [
                            {
                                "type": "text",
                                "text": "gr_state doesn't work for me, i always get 0"
                            }
                        ]
                    }
                ]
            }
        ]
    },
    {
        "user": "U3NS4Q413",
        "type": "message",
        "ts": "1594850596.020300",
        "edited": {
            "user": "U3NS4Q413",
            "ts": "1594850621.000000"
        },
        "client_msg_id": "df0cc426-3349-48c3-9437-f550d15c3f8c",
        "text": "Stu is right, NOIDs are not fixed (except REGION which is always 0)",
        "team": "T3NRU3N8L",
        "user_team": "T3NRU3N8L",
        "source_team": "T3NRU3N8L",
        "user_profile": {
            "avatar_hash": "9a824257f5f9",
            "image_72": "https:\/\/avatars.slack-edge.com\/2017-06-19\/200099674645_9a824257f5f9fea53c25_72.png",
            "first_name": "Randy",
            "real_name": "Randy Farmer",
            "display_name": "randy",
            "team": "T3NRU3N8L",
            "name": "randy",
            "is_restricted": false,
            "is_ultra_restricted": false
        },
        "blocks": [
            {
                "type": "rich_text",
                "block_id": "IMaS0",
                "elements": [
                    {
                        "type": "rich_text_section",
                        "elements": [
                            {
                                "type": "text",
                                "text": "Stu is right, NOIDs are not fixed (except REGION which is always 0)"
                            }
                        ]
                    }
                ]
            }
        ]
    },
    {
        "user": "U3NS4Q413",
        "type": "message",
        "ts": "1594850626.020700",
        "client_msg_id": "18e1f8d0-bf5c-4e12-9e59-58b62b50f668",
        "text": "I'll look at the code.",
        "team": "T3NRU3N8L",
        "user_team": "T3NRU3N8L",
        "source_team": "T3NRU3N8L",
        "user_profile": {
            "avatar_hash": "9a824257f5f9",
            "image_72": "https:\/\/avatars.slack-edge.com\/2017-06-19\/200099674645_9a824257f5f9fea53c25_72.png",
            "first_name": "Randy",
            "real_name": "Randy Farmer",
            "display_name": "randy",
            "team": "T3NRU3N8L",
            "name": "randy",
            "is_restricted": false,
            "is_ultra_restricted": false
        },
        "blocks": [
            {
                "type": "rich_text",
                "block_id": "bNR",
                "elements": [
                    {
                        "type": "rich_text_section",
                        "elements": [
                            {
                                "type": "text",
                                "text": "I'll look at the code."
                            }
                        ]
                    }
                ]
            }
        ]
    },
    {
        "user": "U3N3P0V89",
        "type": "message",
        "ts": "1594850671.021600",
        "client_msg_id": "a55468f5-b926-47bd-834e-389ac798f5aa",
        "text": "Okay i looked at the json for that region. So the bureaucrat gr_state is always 0, but they look different because we place heads inside of them. Each heads gr_state is 1 but they have different styles.\n\nI'm not sure why the original bureaucrat code would've relied on gr_state if so.",
        "team": "T3NRU3N8L",
        "user_team": "T3NRU3N8L",
        "source_team": "T3NRU3N8L",
        "user_profile": {
            "avatar_hash": "6dcfc9e0d4c7",
            "image_72": "https:\/\/avatars.slack-edge.com\/2017-06-07\/195047001686_6dcfc9e0d4c71e750732_72.png",
            "first_name": "Stu",
            "real_name": "Stu",
            "display_name": "stu",
            "team": "T3NRU3N8L",
            "name": "stu",
            "is_restricted": false,
            "is_ultra_restricted": false
        },
        "blocks": [
            {
                "type": "rich_text",
                "block_id": "zYV",
                "elements": [
                    {
                        "type": "rich_text_section",
                        "elements": [
                            {
                                "type": "text",
                                "text": "Okay i looked at the json for that region. So the bureaucrat gr_state is always 0, but they look different because we place heads inside of them. Each heads gr_state is 1 but they have different styles.\n\nI'm not sure why the original bureaucrat code would've relied on gr_state if so."
                            }
                        ]
                    }
                ]
            }
        ]
    },
    {
        "user": "U3N3P0V89",
        "type": "message",
        "ts": "1594850800.022000",
        "client_msg_id": "e031aefb-4ea3-452d-8b56-7b6ceb9f7a4f",
        "text": "<https:\/\/github.com\/Museum-of-Art-and-Digital-Entertainment\/habitat\/blob\/master\/sources\/world\/Realms\/new_Downtown\/r9147> - the original region file.\n\n<https:\/\/github.com\/frandallfarmer\/neohabitat\/blob\/master\/db\/new_Downtown\/Downtown_6i.json> - the neohabitat json version",
        "team": "T3NRU3N8L",
        "user_team": "T3NRU3N8L",
        "source_team": "T3NRU3N8L",
        "user_profile": {
            "avatar_hash": "6dcfc9e0d4c7",
            "image_72": "https:\/\/avatars.slack-edge.com\/2017-06-07\/195047001686_6dcfc9e0d4c71e750732_72.png",
            "first_name": "Stu",
            "real_name": "Stu",
            "display_name": "stu",
            "team": "T3NRU3N8L",
            "name": "stu",
            "is_restricted": false,
            "is_ultra_restricted": false
        },
        "attachments": [
            {
                "fallback": "[Museum-of-Art-and-Digital-Entertainment\/habitat] sources\/world\/Realms\/new_Downtown\/r9147",
                "title": "sources\/world\/Realms\/new_Downtown\/r9147",
                "footer": "<https:\/\/github.com\/Museum-of-Art-and-Digital-Entertainment\/habitat|Museum-of-Art-and-Digital-Entertainment\/habitat>",
                "id": 1,
                "title_link": "https:\/\/github.com\/Museum-of-Art-and-Digital-Entertainment\/habitat\/blob\/master\/sources\/world\/Realms\/new_Downtown\/r9147",
                "footer_icon": "https:\/\/github.githubassets.com\/favicon.ico",
                "color": "24292f",
                "mrkdwn_in": [
                    "text"
                ],
                "bot_id": "B9N4Q36L9",
                "app_unfurl_url": "https:\/\/github.com\/Museum-of-Art-and-Digital-Entertainment\/habitat\/blob\/master\/sources\/world\/Realms\/new_Downtown\/r9147",
                "is_app_unfurl": true
            },
            {
                "fallback": "[frandallfarmer\/neohabitat] db\/new_Downtown\/Downtown_6i.json",
                "title": "db\/new_Downtown\/Downtown_6i.json",
                "footer": "<https:\/\/github.com\/frandallfarmer\/neohabitat|frandallfarmer\/neohabitat>",
                "id": 2,
                "title_link": "https:\/\/github.com\/frandallfarmer\/neohabitat\/blob\/master\/db\/new_Downtown\/Downtown_6i.json",
                "footer_icon": "https:\/\/github.githubassets.com\/favicon.ico",
                "color": "24292f",
                "mrkdwn_in": [
                    "text"
                ],
                "bot_id": "B9N4Q36L9",
                "app_unfurl_url": "https:\/\/github.com\/frandallfarmer\/neohabitat\/blob\/master\/db\/new_Downtown\/Downtown_6i.json",
                "is_app_unfurl": true
            }
        ],
        "blocks": [
            {
                "type": "rich_text",
                "block_id": "0nEo",
                "elements": [
                    {
                        "type": "rich_text_section",
                        "elements": [
                            {
                                "type": "link",
                                "url": "https:\/\/github.com\/Museum-of-Art-and-Digital-Entertainment\/habitat\/blob\/master\/sources\/world\/Realms\/new_Downtown\/r9147"
                            },
                            {
                                "type": "text",
                                "text": " - the original region file.\n\n"
                            },
                            {
                                "type": "link",
                                "url": "https:\/\/github.com\/frandallfarmer\/neohabitat\/blob\/master\/db\/new_Downtown\/Downtown_6i.json"
                            },
                            {
                                "type": "text",
                                "text": " - the neohabitat json version"
                            }
                        ]
                    }
                ]
            }
        ]
    },
    {
        "user": "U3NS4Q413",
        "type": "message",
        "ts": "1594851203.025400",
        "client_msg_id": "0ceb1375-a52b-4945-b120-72c3e6565cae",
        "text": "I'm going to reject the change, as NOID is not stable (and the class is unusable in any other configuration.)\nBut <@U3N3P0V89> is right, after you change it back to use grstate, just update the 'crats to have the correct gr_state db\/new_Downtown... and both rebuild that region and rebuild your server and see if it works.\nI'm not sure if changing the gr_state will have any ill effects on the client until you test it.",
        "team": "T3NRU3N8L",
        "user_team": "T3NRU3N8L",
        "source_team": "T3NRU3N8L",
        "user_profile": {
            "avatar_hash": "9a824257f5f9",
            "image_72": "https:\/\/avatars.slack-edge.com\/2017-06-19\/200099674645_9a824257f5f9fea53c25_72.png",
            "first_name": "Randy",
            "real_name": "Randy Farmer",
            "display_name": "randy",
            "team": "T3NRU3N8L",
            "name": "randy",
            "is_restricted": false,
            "is_ultra_restricted": false
        },
        "blocks": [
            {
                "type": "rich_text",
                "block_id": "Ng5",
                "elements": [
                    {
                        "type": "rich_text_section",
                        "elements": [
                            {
                                "type": "text",
                                "text": "I'm going to reject the change, as NOID is not stable (and the class is unusable in any other configuration.)\nBut "
                            },
                            {
                                "type": "user",
                                "user_id": "U3N3P0V89"
                            },
                            {
                                "type": "text",
                                "text": " is right, after you change it back to use grstate, just update the 'crats to have the correct gr_state db\/new_Downtown... and both rebuild that region and rebuild your server and see if it works.\nI'm not sure if changing the gr_state will have any ill effects on the client until you test it."
                            }
                        ]
                    }
                ]
            }
        ]
    },
    {
        "user": "U3NS4Q413",
        "type": "message",
        "ts": "1594851377.028200",
        "client_msg_id": "e7e68aeb-ab10-45f0-9500-ab99824a199a",
        "text": "If gr_state doesn't work (the client malfunctions), then you can do another piece of static state to help: the name field can be the key for determining function. Rename each to describe it's function and then use that function name to implement behavior. Actually, I like that even better than gr_state. Maybe do that instead.\nI'll look at the rest of the code so that when you make those changes, we'll be good to go.",
        "team": "T3NRU3N8L",
        "user_team": "T3NRU3N8L",
        "source_team": "T3NRU3N8L",
        "user_profile": {
            "avatar_hash": "9a824257f5f9",
            "image_72": "https:\/\/avatars.slack-edge.com\/2017-06-19\/200099674645_9a824257f5f9fea53c25_72.png",
            "first_name": "Randy",
            "real_name": "Randy Farmer",
            "display_name": "randy",
            "team": "T3NRU3N8L",
            "name": "randy",
            "is_restricted": false,
            "is_ultra_restricted": false
        },
        "blocks": [
            {
                "type": "rich_text",
                "block_id": "Yz4",
                "elements": [
                    {
                        "type": "rich_text_section",
                        "elements": [
                            {
                                "type": "text",
                                "text": "If gr_state doesn't work (the client malfunctions), then you can do another piece of static state to help: the name field can be the key for determining function. Rename each to describe it's function and then use that function name to implement behavior. Actually, I like that even better than gr_state. Maybe do that instead.\nI'll look at the rest of the code so that when you make those changes, we'll be good to go."
                            }
                        ]
                    }
                ]
            }
        ]
    },
    {
        "user": "U3NS4Q413",
        "type": "message",
        "ts": "1594851967.028800",
        "client_msg_id": "04dfe550-5566-4248-8149-8f1e7bfa88c2",
        "text": "BTW, my first github submit bounced too. It's completely normal. :slightly_smiling_face:",
        "team": "T3NRU3N8L",
        "user_team": "T3NRU3N8L",
        "source_team": "T3NRU3N8L",
        "user_profile": {
            "avatar_hash": "9a824257f5f9",
            "image_72": "https:\/\/avatars.slack-edge.com\/2017-06-19\/200099674645_9a824257f5f9fea53c25_72.png",
            "first_name": "Randy",
            "real_name": "Randy Farmer",
            "display_name": "randy",
            "team": "T3NRU3N8L",
            "name": "randy",
            "is_restricted": false,
            "is_ultra_restricted": false
        },
        "blocks": [
            {
                "type": "rich_text",
                "block_id": "WXS",
                "elements": [
                    {
                        "type": "rich_text_section",
                        "elements": [
                            {
                                "type": "text",
                                "text": "BTW, my first github submit bounced too. It's completely normal. "
                            },
                            {
                                "type": "emoji",
                                "name": "slightly_smiling_face",
                                "unicode": "1f642"
                            }
                        ]
                    }
                ]
            }
        ]
    }
]