[
    {
        "user": "U3NS4Q413",
        "type": "message",
        "ts": "1595603412.004100",
        "client_msg_id": "5e5da703-7d85-46ca-975f-033ea09d06d2",
        "text": "The original elections were supported by GHU. Read up on that the the historical documentation. I *think* the original voting was done as two buttons (extending the Magic_Item class.)",
        "team": "T3NRU3N8L",
        "user_team": "T3NRU3N8L",
        "source_team": "T3NRU3N8L",
        "user_profile": {
            "avatar_hash": "9a824257f5f9",
            "image_72": "https:\/\/avatars.slack-edge.com\/2017-06-19\/200099674645_9a824257f5f9fea53c25_72.png",
            "first_name": "Randy",
            "real_name": "Randy Farmer",
            "display_name": "randy",
            "team": "T3NRU3N8L",
            "name": "randy",
            "is_restricted": false,
            "is_ultra_restricted": false
        },
        "blocks": [
            {
                "type": "rich_text",
                "block_id": "OKZOO",
                "elements": [
                    {
                        "type": "rich_text_section",
                        "elements": [
                            {
                                "type": "text",
                                "text": "The original elections were supported by GHU. Read up on that the the historical documentation. I "
                            },
                            {
                                "type": "text",
                                "text": "think",
                                "style": {
                                    "bold": true
                                }
                            },
                            {
                                "type": "text",
                                "text": " the original voting was done as two buttons (extending the Magic_Item class.)"
                            }
                        ]
                    }
                ]
            }
        ]
    },
    {
        "user": "U3NS4Q413",
        "type": "message",
        "ts": "1595603484.005400",
        "client_msg_id": "745533dc-9b79-4fb1-b3e1-a4a7cf5febcb",
        "text": "I would have written a GHU script to clear all the VOTED_FLAG nitty bits, as the server wouldn't do any raw database access like that. We do some in the bridge, but not in the neoHabitat server.",
        "team": "T3NRU3N8L",
        "user_team": "T3NRU3N8L",
        "source_team": "T3NRU3N8L",
        "user_profile": {
            "avatar_hash": "9a824257f5f9",
            "image_72": "https:\/\/avatars.slack-edge.com\/2017-06-19\/200099674645_9a824257f5f9fea53c25_72.png",
            "first_name": "Randy",
            "real_name": "Randy Farmer",
            "display_name": "randy",
            "team": "T3NRU3N8L",
            "name": "randy",
            "is_restricted": false,
            "is_ultra_restricted": false
        },
        "blocks": [
            {
                "type": "rich_text",
                "block_id": "U=yh9",
                "elements": [
                    {
                        "type": "rich_text_section",
                        "elements": [
                            {
                                "type": "text",
                                "text": "I would have written a GHU script to clear all the VOTED_FLAG nitty bits, as the server wouldn't do any raw database access like that. We do some in the bridge, but not in the neoHabitat server."
                            }
                        ]
                    }
                ]
            }
        ]
    },
    {
        "user": "U3NS4Q413",
        "type": "message",
        "ts": "1595603560.006400",
        "client_msg_id": "54848d3f-78f6-4de4-95c8-a74a677edcb7",
        "text": "You'll need some solution for that which is compatible with the Habitat-architecture approach...",
        "team": "T3NRU3N8L",
        "user_team": "T3NRU3N8L",
        "source_team": "T3NRU3N8L",
        "user_profile": {
            "avatar_hash": "9a824257f5f9",
            "image_72": "https:\/\/avatars.slack-edge.com\/2017-06-19\/200099674645_9a824257f5f9fea53c25_72.png",
            "first_name": "Randy",
            "real_name": "Randy Farmer",
            "display_name": "randy",
            "team": "T3NRU3N8L",
            "name": "randy",
            "is_restricted": false,
            "is_ultra_restricted": false
        },
        "blocks": [
            {
                "type": "rich_text",
                "block_id": "dBQ",
                "elements": [
                    {
                        "type": "rich_text_section",
                        "elements": [
                            {
                                "type": "text",
                                "text": "You'll need some solution for that which is compatible with the Habitat-architecture approach..."
                            }
                        ]
                    }
                ]
            }
        ]
    },
    {
        "user": "U3N3P0V89",
        "type": "message",
        "ts": "1595606858.007600",
        "client_msg_id": "C2AAB90A-DBD3-40AA-B55A-44511C9B6F7E",
        "text": "We even have a copy of the original voting region in the database. I never added it to the neohabitat region database though",
        "team": "T3NRU3N8L",
        "user_team": "T3NRU3N8L",
        "source_team": "T3NRU3N8L",
        "user_profile": {
            "avatar_hash": "6dcfc9e0d4c7",
            "image_72": "https:\/\/avatars.slack-edge.com\/2017-06-07\/195047001686_6dcfc9e0d4c71e750732_72.png",
            "first_name": "Stu",
            "real_name": "Stu",
            "display_name": "stu",
            "team": "T3NRU3N8L",
            "name": "stu",
            "is_restricted": false,
            "is_ultra_restricted": false
        },
        "blocks": [
            {
                "type": "rich_text",
                "block_id": "yPD",
                "elements": [
                    {
                        "type": "rich_text_section",
                        "elements": [
                            {
                                "type": "text",
                                "text": "We even have a copy of the original voting region in the database. I never added it to the neohabitat region database though"
                            }
                        ]
                    }
                ]
            }
        ]
    },
    {
        "user": "U3N3P0V89",
        "type": "message",
        "ts": "1595606948.009000",
        "client_msg_id": "67068D94-00E9-4277-8D66-5F68CE750706",
        "text": "I don’t have that region handy but using the tools Nate came up with, it would be easy to restore",
        "team": "T3NRU3N8L",
        "user_team": "T3NRU3N8L",
        "source_team": "T3NRU3N8L",
        "user_profile": {
            "avatar_hash": "6dcfc9e0d4c7",
            "image_72": "https:\/\/avatars.slack-edge.com\/2017-06-07\/195047001686_6dcfc9e0d4c71e750732_72.png",
            "first_name": "Stu",
            "real_name": "Stu",
            "display_name": "stu",
            "team": "T3NRU3N8L",
            "name": "stu",
            "is_restricted": false,
            "is_ultra_restricted": false
        },
        "blocks": [
            {
                "type": "rich_text",
                "block_id": "9v=o",
                "elements": [
                    {
                        "type": "rich_text_section",
                        "elements": [
                            {
                                "type": "text",
                                "text": "I don’t have that region handy but using the tools Nate came up with, it would be easy to restore"
                            }
                        ]
                    }
                ]
            }
        ]
    },
    {
        "user": "U3NS4Q413",
        "type": "message",
        "ts": "1595607393.010000",
        "client_msg_id": "6fd1ebba-97a3-4a52-8ea5-27a9f333bb8d",
        "text": "<@U3N3P0V89> could you get a json version converted for us?",
        "team": "T3NRU3N8L",
        "user_team": "T3NRU3N8L",
        "source_team": "T3NRU3N8L",
        "user_profile": {
            "avatar_hash": "9a824257f5f9",
            "image_72": "https:\/\/avatars.slack-edge.com\/2017-06-19\/200099674645_9a824257f5f9fea53c25_72.png",
            "first_name": "Randy",
            "real_name": "Randy Farmer",
            "display_name": "randy",
            "team": "T3NRU3N8L",
            "name": "randy",
            "is_restricted": false,
            "is_ultra_restricted": false
        },
        "blocks": [
            {
                "type": "rich_text",
                "block_id": "hWGQ",
                "elements": [
                    {
                        "type": "rich_text_section",
                        "elements": [
                            {
                                "type": "user",
                                "user_id": "U3N3P0V89"
                            },
                            {
                                "type": "text",
                                "text": " could you get a json version converted for us?"
                            }
                        ]
                    }
                ]
            }
        ]
    },
    {
        "user": "U3N3P0V89",
        "type": "message",
        "ts": "1595636401.010400",
        "client_msg_id": "fe21cb10-c915-4fef-9311-5c3986c9a693",
        "text": "i don't have anything setup on here but i can try and set that up",
        "team": "T3NRU3N8L",
        "user_team": "T3NRU3N8L",
        "source_team": "T3NRU3N8L",
        "user_profile": {
            "avatar_hash": "6dcfc9e0d4c7",
            "image_72": "https:\/\/avatars.slack-edge.com\/2017-06-07\/195047001686_6dcfc9e0d4c71e750732_72.png",
            "first_name": "Stu",
            "real_name": "Stu",
            "display_name": "stu",
            "team": "T3NRU3N8L",
            "name": "stu",
            "is_restricted": false,
            "is_ultra_restricted": false
        },
        "blocks": [
            {
                "type": "rich_text",
                "block_id": "sDj",
                "elements": [
                    {
                        "type": "rich_text_section",
                        "elements": [
                            {
                                "type": "text",
                                "text": "i don't have anything setup on here but i can try and set that up"
                            }
                        ]
                    }
                ]
            }
        ]
    },
    {
        "user": "U3N3P0V89",
        "type": "message",
        "ts": "1595636542.010800",
        "client_msg_id": "3a0377cf-7c76-4f20-8e1f-ef1f1f34fded",
        "text": "ah... sadly, all the stuff i worked on with <@U3NS476S0> is in old DM's that i can't access now because of the slack message limit",
        "team": "T3NRU3N8L",
        "user_team": "T3NRU3N8L",
        "source_team": "T3NRU3N8L",
        "user_profile": {
            "avatar_hash": "6dcfc9e0d4c7",
            "image_72": "https:\/\/avatars.slack-edge.com\/2017-06-07\/195047001686_6dcfc9e0d4c71e750732_72.png",
            "first_name": "Stu",
            "real_name": "Stu",
            "display_name": "stu",
            "team": "T3NRU3N8L",
            "name": "stu",
            "is_restricted": false,
            "is_ultra_restricted": false
        },
        "blocks": [
            {
                "type": "rich_text",
                "block_id": "XAP",
                "elements": [
                    {
                        "type": "rich_text_section",
                        "elements": [
                            {
                                "type": "text",
                                "text": "ah... sadly, all the stuff i worked on with "
                            },
                            {
                                "type": "user",
                                "user_id": "U3NS476S0"
                            },
                            {
                                "type": "text",
                                "text": " is in old DM's that i can't access now because of the slack message limit"
                            }
                        ]
                    }
                ]
            }
        ]
    },
    {
        "user": "U3N3P0V89",
        "type": "message",
        "ts": "1595636575.011500",
        "client_msg_id": "9ebfea6c-3290-4798-93ce-35f5a7fd7aa1",
        "text": "i don't have any local backups of python script he wrote to extract json from the MC_object\/MC_region files",
        "team": "T3NRU3N8L",
        "user_team": "T3NRU3N8L",
        "source_team": "T3NRU3N8L",
        "user_profile": {
            "avatar_hash": "6dcfc9e0d4c7",
            "image_72": "https:\/\/avatars.slack-edge.com\/2017-06-07\/195047001686_6dcfc9e0d4c71e750732_72.png",
            "first_name": "Stu",
            "real_name": "Stu",
            "display_name": "stu",
            "team": "T3NRU3N8L",
            "name": "stu",
            "is_restricted": false,
            "is_ultra_restricted": false
        },
        "blocks": [
            {
                "type": "rich_text",
                "block_id": "QrQf2",
                "elements": [
                    {
                        "type": "rich_text_section",
                        "elements": [
                            {
                                "type": "text",
                                "text": "i don't have any local backups of python script he wrote to extract json from the MC_object\/MC_region files"
                            }
                        ]
                    }
                ]
            }
        ]
    }
]