[
    {
        "user": "UJLK3K4DS",
        "type": "message",
        "ts": "1594883281.003000",
        "client_msg_id": "f65924ff-b78a-4fde-adb5-4c7827302a61",
        "text": "Than you very much for your feedback and your tips, I'm glad to see that this project is very alive. I'm goin to have a look to the region configurations and learn about gr_state variable. Thank you very much <@U3N3P0V89> for your accurate documentation. It helps a lot.",
        "team": "T3NRU3N8L",
        "user_team": "T3NRU3N8L",
        "source_team": "T3NRU3N8L",
        "user_profile": {
            "avatar_hash": "639e026641d3",
            "image_72": "https:\/\/avatars.slack-edge.com\/2022-03-25\/3296810688003_639e026641d3dc2c2ae2_72.jpg",
            "first_name": "Naibor",
            "real_name": "Naibor",
            "display_name": "Naibor",
            "team": "T3NRU3N8L",
            "name": "pedrouran",
            "is_restricted": false,
            "is_ultra_restricted": false
        },
        "blocks": [
            {
                "type": "rich_text",
                "block_id": "84IB",
                "elements": [
                    {
                        "type": "rich_text_section",
                        "elements": [
                            {
                                "type": "text",
                                "text": "Than you very much for your feedback and your tips, I'm glad to see that this project is very alive. I'm goin to have a look to the region configurations and learn about gr_state variable. Thank you very much "
                            },
                            {
                                "type": "user",
                                "user_id": "U3N3P0V89"
                            },
                            {
                                "type": "text",
                                "text": " for your accurate documentation. It helps a lot."
                            }
                        ]
                    }
                ]
            }
        ]
    },
    {
        "user": "U3N3P0V89",
        "type": "message",
        "ts": "1594883790.003200",
        "client_msg_id": "62e52879-8e61-4b2b-9d44-eabcccb05b43",
        "text": "No problem.",
        "team": "T3NRU3N8L",
        "user_team": "T3NRU3N8L",
        "source_team": "T3NRU3N8L",
        "user_profile": {
            "avatar_hash": "6dcfc9e0d4c7",
            "image_72": "https:\/\/avatars.slack-edge.com\/2017-06-07\/195047001686_6dcfc9e0d4c71e750732_72.png",
            "first_name": "Stu",
            "real_name": "Stu",
            "display_name": "stu",
            "team": "T3NRU3N8L",
            "name": "stu",
            "is_restricted": false,
            "is_ultra_restricted": false
        },
        "blocks": [
            {
                "type": "rich_text",
                "block_id": "vWj",
                "elements": [
                    {
                        "type": "rich_text_section",
                        "elements": [
                            {
                                "type": "text",
                                "text": "No problem."
                            }
                        ]
                    }
                ]
            }
        ]
    },
    {
        "user": "U3N3P0V89",
        "type": "message",
        "ts": "1594884037.005300",
        "client_msg_id": "0e92c8a2-565a-41db-872d-7615db780041",
        "text": "So each piece of artwork has a style number. Each style can have different graphical states which is what `gr_state` is.\n\n```gr_state - Is the graphic state of the object. Usually this is zero, but may vary depending on the class and style of the object.```",
        "team": "T3NRU3N8L",
        "user_team": "T3NRU3N8L",
        "source_team": "T3NRU3N8L",
        "user_profile": {
            "avatar_hash": "6dcfc9e0d4c7",
            "image_72": "https:\/\/avatars.slack-edge.com\/2017-06-07\/195047001686_6dcfc9e0d4c71e750732_72.png",
            "first_name": "Stu",
            "real_name": "Stu",
            "display_name": "stu",
            "team": "T3NRU3N8L",
            "name": "stu",
            "is_restricted": false,
            "is_ultra_restricted": false
        },
        "blocks": [
            {
                "type": "rich_text",
                "block_id": "Cn2kj",
                "elements": [
                    {
                        "type": "rich_text_section",
                        "elements": [
                            {
                                "type": "text",
                                "text": "So each piece of artwork has a style number. Each style can have different graphical states which is what "
                            },
                            {
                                "type": "text",
                                "text": "gr_state",
                                "style": {
                                    "code": true
                                }
                            },
                            {
                                "type": "text",
                                "text": " is.\n\n"
                            }
                        ]
                    },
                    {
                        "type": "rich_text_preformatted",
                        "elements": [
                            {
                                "type": "text",
                                "text": "gr_state - Is the graphic state of the object. Usually this is zero, but may vary depending on the class and style of the object."
                            }
                        ]
                    }
                ]
            }
        ]
    },
    {
        "user": "U3N3P0V89",
        "type": "message",
        "ts": "1594885012.008100",
        "client_msg_id": "ba71fe36-e9f4-499f-8918-c9abb4b03fec",
        "text": "I just went digging in the original source. `gr_state` isn't used at all for the Bureaucrats. Infact, I can't see any code that handles them at all other than treating them as an \"Oracular object\" like the fountain and such. I'm not sure if they were ever hooked up to work in the original Habitat world other than receiving messages sent to them.\n\nIf that's the case, then `gr_state` being involved was something to do with <@U42TSUYKS>’s initial implementation of this stuff. I think Jason was the one working on bringing Bureaucrats to life inworld.\n\nAnyway. Like Randy said, instead of checking the Bureaucrats `gr_state` to see which type of Bureaucrat it is, just do it by name and rename the Bureaucrats in <https:\/\/github.com\/frandallfarmer\/neohabitat\/blob\/master\/db\/new_Downtown\/Downtown_6i.json> . Then we can be certain the code will work in any NeoHabitat instance, as long as the names are setup correctly.",
        "team": "T3NRU3N8L",
        "user_team": "T3NRU3N8L",
        "source_team": "T3NRU3N8L",
        "user_profile": {
            "avatar_hash": "6dcfc9e0d4c7",
            "image_72": "https:\/\/avatars.slack-edge.com\/2017-06-07\/195047001686_6dcfc9e0d4c71e750732_72.png",
            "first_name": "Stu",
            "real_name": "Stu",
            "display_name": "stu",
            "team": "T3NRU3N8L",
            "name": "stu",
            "is_restricted": false,
            "is_ultra_restricted": false
        },
        "attachments": [
            {
                "fallback": "[frandallfarmer\/neohabitat] db\/new_Downtown\/Downtown_6i.json",
                "text": "```\n[\n  {\n    \"ref\": \"context-Downtown_6i\", \n    \"capacity\": 64, \n    \"type\": \"context\", \n    \"name\": \"City Hall interior\", \n    \"mods\": [\n      {\n        \"town_dir\": \"\", \n        \"neighbors\": [\n          \"\", \n          \"\", \n          \"context-Downtown_6h\", \n          \"\"\n        ],\n        \"realm\": \"Downtown\",         \n        \"orientation\": 1, \n        \"nitty_bits\": 3, \n        \"port_dir\": \"\", \n        \"type\": \"Region\"\n      }\n    ]\n  }, \n  {\n    \"ref\": \"item-Ground.8661.Downtown_6i\", \n    \"mods\": [\n      {\n        \"y\": 4, \n        \"x\": 0, \n        \"style\": 1, \n        \"type\": \"Ground\", \n        \"orientation\": 228\n      }\n    ], \n    \"type\": \"item\", \n    \"name\": \"Ground\", \n    \"in\": \"context-Downtown_6i\"\n  }, \n  {\n    \"ref\": \"item-Super_trapezoid.c263.Downtown_6i\", \n    \"mods\": [\n      {\n        \"pattern_x_size\": 1, \n        \"lower_right_x\": 0, \n        \"upper_left_x\": 96, \n        \"pattern\": [\n          170, \n          170, \n          149, \n          85, \n          149, \n          85, \n          149, \n          85, \n          149, \n          85, \n          149, \n          85, \n          149, \n          85, \n          149, \n          85, \n          170, \n          170, \n          85, \n          149, \n          85, \n          149, \n          85, \n          149, \n          85, \n          149, \n          85, \n          149, \n          85, \n          149, \n          85, \n          149\n        ], \n        \"upper_right_x\": 255, \n        \"lower_left_x\": 96, \n        \"trapezoid_type\": 1, \n        \"y\": 1, \n        \"x\": 160, \n        \"height\": 127, \n        \"type\": \"Super_trapezoid\", \n        \"pattern_y_size\": 15, \n        \"orientation\": 220\n      }\n    ], \n    \"type\": \"item\", \n    \"name\": \"Super_trapezoid\", \n    \"in\": \"context-Downtown_6i\"\n  }, \n  {\n    \"ref\": \"item-Sign.7316.Downtown_6i\", \n    \"mods\": [\n      {\n        \"orientation\": 0, \n        \"type\": \"Sign\", \n        \"gr_state\": 5, \n        \"y\": 126, \n        \"x\": 12, \n        \"ascii\": [\n          131, \n          133, \n          32, \n          65, \n          108, \n          108, \n          32, \n          102, \n          111, \n          114, \n          109, \n          115, \n          32, \n          77, \n          85, \n          83, \n          84, \n          134, \n          98, \n          101, \n          32, \n          105, \n          110, \n          32, \n          116, \n          114, \n          105, \n          112, \n          108, \n          105, \n          99, \n          97, \n          116, \n          101, \n          46, \n          32, \n          32, \n          32, \n          32, \n          32\n        ]\n      }\n    ], \n    \"type\": \"item\", \n    \"name\": \"Sign\", \n    \"in\": \"context-Downtown_6i\"\n  }, \n  {\n    \"ref\": \"item-Sign.717d.Downtown_6i\", \n    \"mods\": [\n      {\n        \"orientation\": 0, \n        \"type\": \"Sign\", \n        \"gr_state\": 3, \n        \"y\": 8, \n        \"x\": 8, \n        \"ascii\": [\n          80, \n          114, \n          111, \n          112, \n          101, \n          114, \n          116, \n          121, \n          32, \n          32, \n          32, \n          32, \n          76, \n          105, \n          99, \n          101, \n          110, \n          115, \n          101, \n          115, \n          32, \n          32, \n          32, \n          32, \n          67, \n          111, \n          109, \n          112, \n          108, \n          97, \n          105, \n          110, \n          116, \n          115, \n          32, \n          32, \n          32, \n          32, \n          32, \n          32\n        ]\n      }\n    ], \n    \"type\": \"item\", \n    \"name\": \"Sign\", \n    \"in\": \"context-Downtown_6i\"\n},\n\t{\n\t\t\"type\": \"item\",\n\t\t\"ref\": \"item-Downtown_6i.bureaucrat1\",\n\t\t\"name\": \"Bureaucrat\",\n\t\t\"in\": \"context-Downtown_6i\",\n\t\t\"mods\": [ {\n\t\t\t\"type\" : \"Bureaucrat\",\n\t\t\t\"x\": 16, \n\t\t\t\"y\": 145,\n\t\t\t\"gr_state\" : 0,\n\t\t\t\"style\" : 0,\n\t\t\t\"orientation\" : 48\n    } ]\n},\n{\n\t\t\"type\": \"item\",\n\t\t\"ref\": \"item-Downtown_6i.head1.bureaucrat\",\n\t\t\"name\": \"Head\",\n\t\t\"in\": \"item-Downtown_6i.bureaucrat1\",\n\t\t\"mods\": [ {\n\t\t\t\"type\": \"Head\",\n\t\t\t\"style\": 86,\n\t\t\t\"y\": 0,\n\t\t\t\"orientation\": 0,\n\t\t\t\"gr_state\": 1\n    } ]\n},\n\t{\n\t\t\"type\": \"item\",\n\t\t\"ref\": \"item-Downtown_6i.bureaucrat2\",\n\t\t\"name\": \"Bureaucrat\",\n\t\t\"in\": \"context-Downtown_6i\",\n\t\t\"mods\": [ {\n\t\t\t\"type\" : \"Bureaucrat\",\n\t\t\t\"x\": 64, \n\t\t\t\"y\": 145,\n\t\t\t\"gr_state\" : 0,\n\t\t\t\"style\" : 0,\n\t\t\t\"orientation\" : 56\n    } ]\n},\n{\n\t\t\"type\": \"item\",\n\t\t\"ref\": \"item-Downtown_6i.head2.bureaucrat\",\n\t\t\"name\": \"Head\",\n\t\t\"in\": \"item-Downtown_6i.bureaucrat2\",\n\t\t\"mods\": [ {\n\t\t\t\"type\": \"Head\",\n\t\t\t\"style\": 64,\n\t\t\t\"y\": 0,\n\t\t\t\"orientation\": 0,\n\t\t\t\"gr_state\": 1\n    } ]\n},\n\t{\n\t\t\"type\": \"item\",\n\t\t\"ref\": \"item-Downtown_6i.bureaucrat3\",\n\t\t\"name\": \"Bureaucrat\",\n\t\t\"in\": \"context-Downtown_6i\",\n\t\t\"mods\": [ {\n\t\t\t\"type\" : \"Bureaucrat\",\n\t\t\t\"x\": 116, \n\t\t\t\"y\": 145,\n\t\t\t\"gr_state\" : 0,\n\t\t\t\"style\" : 0,\n\t\t\t\"orientation\" : 40\n    } ]\n},\n{\n\t\t\"type\": \"item\",\n\t\t\"ref\": \"item-Downtown_6i.head3.bureaucrat\",\n\t\t\"name\": \"Head\",\n\t\t\"in\": \"item-Downtown_6i.bureaucrat3\",\n\t\t\"mods\": [ {\n\t\t\t\"type\": \"Head\",\n\t\t\t\"style\": 6,\n\t\t\t\"y\": 0,\n\t\t\t\"orientation\": 0,\n\t\t\t\"gr_state\": 1\n    } ]\n}\n]\n```",
                "title": "db\/new_Downtown\/Downtown_6i.json",
                "footer": "<https:\/\/github.com\/frandallfarmer\/neohabitat|frandallfarmer\/neohabitat>",
                "id": 1,
                "title_link": "https:\/\/github.com\/frandallfarmer\/neohabitat\/blob\/master\/db\/new_Downtown\/Downtown_6i.json",
                "footer_icon": "https:\/\/github.githubassets.com\/favicon.ico",
                "color": "24292f",
                "mrkdwn_in": [
                    "text"
                ],
                "bot_id": "B9N4Q36L9",
                "app_unfurl_url": "https:\/\/github.com\/frandallfarmer\/neohabitat\/blob\/master\/db\/new_Downtown\/Downtown_6i.json",
                "is_app_unfurl": true
            }
        ],
        "blocks": [
            {
                "type": "rich_text",
                "block_id": "xlV",
                "elements": [
                    {
                        "type": "rich_text_section",
                        "elements": [
                            {
                                "type": "text",
                                "text": "I just went digging in the original source. "
                            },
                            {
                                "type": "text",
                                "text": "gr_state",
                                "style": {
                                    "code": true
                                }
                            },
                            {
                                "type": "text",
                                "text": " isn't used at all for the Bureaucrats. Infact, I can't see any code that handles them at all other than treating them as an \"Oracular object\" like the fountain and such. I'm not sure if they were ever hooked up to work in the original Habitat world other than receiving messages sent to them.\n\nIf that's the case, then "
                            },
                            {
                                "type": "text",
                                "text": "gr_state",
                                "style": {
                                    "code": true
                                }
                            },
                            {
                                "type": "text",
                                "text": " being involved was something to do with "
                            },
                            {
                                "type": "user",
                                "user_id": "U42TSUYKS"
                            },
                            {
                                "type": "text",
                                "text": "’s initial implementation of this stuff. I think Jason was the one working on bringing Bureaucrats to life inworld.\n\nAnyway. Like Randy said, instead of checking the Bureaucrats "
                            },
                            {
                                "type": "text",
                                "text": "gr_state",
                                "style": {
                                    "code": true
                                }
                            },
                            {
                                "type": "text",
                                "text": " to see which type of Bureaucrat it is, just do it by name and rename the Bureaucrats in "
                            },
                            {
                                "type": "link",
                                "url": "https:\/\/github.com\/frandallfarmer\/neohabitat\/blob\/master\/db\/new_Downtown\/Downtown_6i.json"
                            },
                            {
                                "type": "text",
                                "text": " . Then we can be certain the code will work in any NeoHabitat instance, as long as the names are setup correctly."
                            }
                        ]
                    }
                ]
            }
        ],
        "reactions": [
            {
                "name": "+1::skin-tone-3",
                "users": [
                    "U3NS4Q413"
                ],
                "count": 1
            }
        ]
    },
    {
        "user": "U3N3P0V89",
        "type": "message",
        "ts": "1594885065.008500",
        "client_msg_id": "feba2f1e-6895-4bd6-b848-190baedd0e24",
        "text": "<@UJLK3K4DS>",
        "team": "T3NRU3N8L",
        "user_team": "T3NRU3N8L",
        "source_team": "T3NRU3N8L",
        "user_profile": {
            "avatar_hash": "6dcfc9e0d4c7",
            "image_72": "https:\/\/avatars.slack-edge.com\/2017-06-07\/195047001686_6dcfc9e0d4c71e750732_72.png",
            "first_name": "Stu",
            "real_name": "Stu",
            "display_name": "stu",
            "team": "T3NRU3N8L",
            "name": "stu",
            "is_restricted": false,
            "is_ultra_restricted": false
        },
        "blocks": [
            {
                "type": "rich_text",
                "block_id": "v1f",
                "elements": [
                    {
                        "type": "rich_text_section",
                        "elements": [
                            {
                                "type": "user",
                                "user_id": "UJLK3K4DS"
                            }
                        ]
                    }
                ]
            }
        ]
    },
    {
        "user": "U3N3P0V89",
        "type": "message",
        "ts": "1594885147.009600",
        "client_msg_id": "ed2cd71d-f95e-47cb-9e3b-0156669ed85b",
        "text": "Also, if you want to read more about the original server implementation, you can find some original development documents here:\n<https:\/\/github.com\/frandallfarmer\/neohabitat-doc\/tree\/master\/docs\/devdocs>\n\nNot all of it is relevant to NeoHabitat as it mentions tools like GHU and other things we don't use. There's a lot of good information though.",
        "team": "T3NRU3N8L",
        "user_team": "T3NRU3N8L",
        "source_team": "T3NRU3N8L",
        "user_profile": {
            "avatar_hash": "6dcfc9e0d4c7",
            "image_72": "https:\/\/avatars.slack-edge.com\/2017-06-07\/195047001686_6dcfc9e0d4c71e750732_72.png",
            "first_name": "Stu",
            "real_name": "Stu",
            "display_name": "stu",
            "team": "T3NRU3N8L",
            "name": "stu",
            "is_restricted": false,
            "is_ultra_restricted": false
        },
        "blocks": [
            {
                "type": "rich_text",
                "block_id": "9AB",
                "elements": [
                    {
                        "type": "rich_text_section",
                        "elements": [
                            {
                                "type": "text",
                                "text": "Also, if you want to read more about the original server implementation, you can find some original development documents here:\n"
                            },
                            {
                                "type": "link",
                                "url": "https:\/\/github.com\/frandallfarmer\/neohabitat-doc\/tree\/master\/docs\/devdocs"
                            },
                            {
                                "type": "text",
                                "text": "\n\nNot all of it is relevant to NeoHabitat as it mentions tools like GHU and other things we don't use. There's a lot of good information though."
                            }
                        ]
                    }
                ]
            }
        ]
    },
    {
        "user": "UJLK3K4DS",
        "type": "message",
        "ts": "1594933392.001300",
        "client_msg_id": "e4b98350-031b-43d6-b77c-c4fa7ac1eeec",
        "text": "I think I have fond a key to identify the bureaucrats. The variable  object().ref()) returns an unique ID",
        "team": "T3NRU3N8L",
        "user_team": "T3NRU3N8L",
        "source_team": "T3NRU3N8L",
        "user_profile": {
            "avatar_hash": "639e026641d3",
            "image_72": "https:\/\/avatars.slack-edge.com\/2022-03-25\/3296810688003_639e026641d3dc2c2ae2_72.jpg",
            "first_name": "Naibor",
            "real_name": "Naibor",
            "display_name": "Naibor",
            "team": "T3NRU3N8L",
            "name": "pedrouran",
            "is_restricted": false,
            "is_ultra_restricted": false
        },
        "blocks": [
            {
                "type": "rich_text",
                "block_id": "Cxs",
                "elements": [
                    {
                        "type": "rich_text_section",
                        "elements": [
                            {
                                "type": "text",
                                "text": "I think I have fond a key to identify the bureaucrats. The variable  object().ref()) returns an unique ID"
                            }
                        ]
                    }
                ]
            }
        ]
    },
    {
        "user": "UJLK3K4DS",
        "type": "message",
        "ts": "1594934265.002900",
        "client_msg_id": "c7f9b6af-dbc3-4693-8f35-22f381da5ad5",
        "text": "apparently it works for me, I'm going to submit the changes. If there are any problem with it just let me know please",
        "team": "T3NRU3N8L",
        "user_team": "T3NRU3N8L",
        "source_team": "T3NRU3N8L",
        "user_profile": {
            "avatar_hash": "639e026641d3",
            "image_72": "https:\/\/avatars.slack-edge.com\/2022-03-25\/3296810688003_639e026641d3dc2c2ae2_72.jpg",
            "first_name": "Naibor",
            "real_name": "Naibor",
            "display_name": "Naibor",
            "team": "T3NRU3N8L",
            "name": "pedrouran",
            "is_restricted": false,
            "is_ultra_restricted": false
        },
        "blocks": [
            {
                "type": "rich_text",
                "block_id": "5IF",
                "elements": [
                    {
                        "type": "rich_text_section",
                        "elements": [
                            {
                                "type": "text",
                                "text": "apparently it works for me, I'm going to submit the changes. If there are any problem with it just let me know please"
                            }
                        ]
                    }
                ]
            }
        ]
    },
    {
        "user": "U3NS4Q413",
        "type": "message",
        "ts": "1594936940.003700",
        "client_msg_id": "f32b481e-8e6a-4139-9d53-b4b6eb85261e",
        "text": "No. Refs are internal to the DB. Please use the name field.",
        "team": "T3NRU3N8L",
        "user_team": "T3NRU3N8L",
        "source_team": "T3NRU3N8L",
        "user_profile": {
            "avatar_hash": "9a824257f5f9",
            "image_72": "https:\/\/avatars.slack-edge.com\/2017-06-19\/200099674645_9a824257f5f9fea53c25_72.png",
            "first_name": "Randy",
            "real_name": "Randy Farmer",
            "display_name": "randy",
            "team": "T3NRU3N8L",
            "name": "randy",
            "is_restricted": false,
            "is_ultra_restricted": false
        },
        "blocks": [
            {
                "type": "rich_text",
                "block_id": "tRr",
                "elements": [
                    {
                        "type": "rich_text_section",
                        "elements": [
                            {
                                "type": "text",
                                "text": "No. Refs are internal to the DB. Please use the name field."
                            }
                        ]
                    }
                ]
            }
        ]
    },
    {
        "user": "U3NS4Q413",
        "type": "message",
        "ts": "1594936963.004000",
        "client_msg_id": "be4eb9f3-2667-4605-b389-8f8ffe76e427",
        "text": "I'll leave the PR there and you can replace it.",
        "team": "T3NRU3N8L",
        "user_team": "T3NRU3N8L",
        "source_team": "T3NRU3N8L",
        "user_profile": {
            "avatar_hash": "9a824257f5f9",
            "image_72": "https:\/\/avatars.slack-edge.com\/2017-06-19\/200099674645_9a824257f5f9fea53c25_72.png",
            "first_name": "Randy",
            "real_name": "Randy Farmer",
            "display_name": "randy",
            "team": "T3NRU3N8L",
            "name": "randy",
            "is_restricted": false,
            "is_ultra_restricted": false
        },
        "blocks": [
            {
                "type": "rich_text",
                "block_id": "\/0Xr",
                "elements": [
                    {
                        "type": "rich_text_section",
                        "elements": [
                            {
                                "type": "text",
                                "text": "I'll leave the PR there and you can replace it."
                            }
                        ]
                    }
                ]
            }
        ]
    },
    {
        "user": "U3NS4Q413",
        "type": "message",
        "ts": "1594936989.004600",
        "client_msg_id": "a7ff3374-473e-40cf-b303-1a8c24ca6324",
        "text": "Also, you'll need to check in the region source as well when you rename the objects to work with the code.",
        "team": "T3NRU3N8L",
        "user_team": "T3NRU3N8L",
        "source_team": "T3NRU3N8L",
        "user_profile": {
            "avatar_hash": "9a824257f5f9",
            "image_72": "https:\/\/avatars.slack-edge.com\/2017-06-19\/200099674645_9a824257f5f9fea53c25_72.png",
            "first_name": "Randy",
            "real_name": "Randy Farmer",
            "display_name": "randy",
            "team": "T3NRU3N8L",
            "name": "randy",
            "is_restricted": false,
            "is_ultra_restricted": false
        },
        "blocks": [
            {
                "type": "rich_text",
                "block_id": "AW\/",
                "elements": [
                    {
                        "type": "rich_text_section",
                        "elements": [
                            {
                                "type": "text",
                                "text": "Also, you'll need to check in the region source as well when you rename the objects to work with the code."
                            }
                        ]
                    }
                ]
            }
        ]
    },
    {
        "user": "U3NS4Q413",
        "type": "message",
        "ts": "1594937058.005800",
        "client_msg_id": "dcbb423e-4f99-428f-8b1e-21b597ee067c",
        "text": "You could rename them \"Voting Cratbot\" and \"Message Cratbot\", etc. Whatever you want. That way we can have the same bot in different regions all sharing the same name\/keyword.",
        "team": "T3NRU3N8L",
        "user_team": "T3NRU3N8L",
        "source_team": "T3NRU3N8L",
        "user_profile": {
            "avatar_hash": "9a824257f5f9",
            "image_72": "https:\/\/avatars.slack-edge.com\/2017-06-19\/200099674645_9a824257f5f9fea53c25_72.png",
            "first_name": "Randy",
            "real_name": "Randy Farmer",
            "display_name": "randy",
            "team": "T3NRU3N8L",
            "name": "randy",
            "is_restricted": false,
            "is_ultra_restricted": false
        },
        "blocks": [
            {
                "type": "rich_text",
                "block_id": "rJbW",
                "elements": [
                    {
                        "type": "rich_text_section",
                        "elements": [
                            {
                                "type": "text",
                                "text": "You could rename them \"Voting Cratbot\" and \"Message Cratbot\", etc. Whatever you want. That way we can have the same bot in different regions all sharing the same name\/keyword."
                            }
                        ]
                    }
                ]
            }
        ]
    },
    {
        "user": "U3NS4Q413",
        "type": "message",
        "ts": "1594937072.006000",
        "client_msg_id": "85b6e709-e06d-44ec-bbcf-97ec3ee79231",
        "text": "<@UJLK3K4DS>",
        "team": "T3NRU3N8L",
        "user_team": "T3NRU3N8L",
        "source_team": "T3NRU3N8L",
        "user_profile": {
            "avatar_hash": "9a824257f5f9",
            "image_72": "https:\/\/avatars.slack-edge.com\/2017-06-19\/200099674645_9a824257f5f9fea53c25_72.png",
            "first_name": "Randy",
            "real_name": "Randy Farmer",
            "display_name": "randy",
            "team": "T3NRU3N8L",
            "name": "randy",
            "is_restricted": false,
            "is_ultra_restricted": false
        },
        "blocks": [
            {
                "type": "rich_text",
                "block_id": "aM=n",
                "elements": [
                    {
                        "type": "rich_text_section",
                        "elements": [
                            {
                                "type": "user",
                                "user_id": "UJLK3K4DS"
                            }
                        ]
                    }
                ]
            }
        ]
    },
    {
        "user": "U3NS4Q413",
        "type": "message",
        "ts": "1594937657.006900",
        "client_msg_id": "da7564ea-0d5f-45e3-be09-2c93eea9331e",
        "text": "The name is accessible from the item using name().",
        "team": "T3NRU3N8L",
        "user_team": "T3NRU3N8L",
        "source_team": "T3NRU3N8L",
        "user_profile": {
            "avatar_hash": "9a824257f5f9",
            "image_72": "https:\/\/avatars.slack-edge.com\/2017-06-19\/200099674645_9a824257f5f9fea53c25_72.png",
            "first_name": "Randy",
            "real_name": "Randy Farmer",
            "display_name": "randy",
            "team": "T3NRU3N8L",
            "name": "randy",
            "is_restricted": false,
            "is_ultra_restricted": false
        },
        "blocks": [
            {
                "type": "rich_text",
                "block_id": "xTW7",
                "elements": [
                    {
                        "type": "rich_text_section",
                        "elements": [
                            {
                                "type": "text",
                                "text": "The name is accessible from the item using name()."
                            }
                        ]
                    }
                ]
            }
        ]
    },
    {
        "user": "U3NS4Q413",
        "type": "message",
        "ts": "1594937998.007300",
        "client_msg_id": "a351feed-8595-4321-a77f-e65f22858a7a",
        "text": "Hmm. I notice that pattern isn't modeled for you. Looking.",
        "team": "T3NRU3N8L",
        "user_team": "T3NRU3N8L",
        "source_team": "T3NRU3N8L",
        "user_profile": {
            "avatar_hash": "9a824257f5f9",
            "image_72": "https:\/\/avatars.slack-edge.com\/2017-06-19\/200099674645_9a824257f5f9fea53c25_72.png",
            "first_name": "Randy",
            "real_name": "Randy Farmer",
            "display_name": "randy",
            "team": "T3NRU3N8L",
            "name": "randy",
            "is_restricted": false,
            "is_ultra_restricted": false
        },
        "blocks": [
            {
                "type": "rich_text",
                "block_id": "8P6",
                "elements": [
                    {
                        "type": "rich_text_section",
                        "elements": [
                            {
                                "type": "text",
                                "text": "Hmm. I notice that pattern isn't modeled for you. Looking."
                            }
                        ]
                    }
                ]
            }
        ]
    },
    {
        "user": "U3NS4Q413",
        "type": "message",
        "ts": "1594938301.008100",
        "edited": {
            "user": "U3NS4Q413",
            "ts": "1594938553.000000"
        },
        "client_msg_id": "75a6b437-fcc3-4c7e-b96c-8e1bdb86dd7a",
        "text": "~((Item) this.object()).name() should work - but I'm not 100% sure. I'm looking for the Help code that shows the name of the object (if there is any...)~",
        "team": "T3NRU3N8L",
        "user_team": "T3NRU3N8L",
        "source_team": "T3NRU3N8L",
        "user_profile": {
            "avatar_hash": "9a824257f5f9",
            "image_72": "https:\/\/avatars.slack-edge.com\/2017-06-19\/200099674645_9a824257f5f9fea53c25_72.png",
            "first_name": "Randy",
            "real_name": "Randy Farmer",
            "display_name": "randy",
            "team": "T3NRU3N8L",
            "name": "randy",
            "is_restricted": false,
            "is_ultra_restricted": false
        },
        "blocks": [
            {
                "type": "rich_text",
                "block_id": "NVK5",
                "elements": [
                    {
                        "type": "rich_text_section",
                        "elements": [
                            {
                                "type": "text",
                                "text": "((Item) this.object()).name() should work - but I'm not 100% sure. I'm looking for the Help code that shows the name of the object (if there is any...)",
                                "style": {
                                    "strike": true
                                }
                            }
                        ]
                    }
                ]
            }
        ]
    },
    {
        "user": "U3NS4Q413",
        "type": "message",
        "ts": "1594938381.008400",
        "client_msg_id": "421a5d20-adf2-4d32-9032-436314908e24",
        "text": "Actually object().name() is used various places.",
        "team": "T3NRU3N8L",
        "user_team": "T3NRU3N8L",
        "source_team": "T3NRU3N8L",
        "user_profile": {
            "avatar_hash": "9a824257f5f9",
            "image_72": "https:\/\/avatars.slack-edge.com\/2017-06-19\/200099674645_9a824257f5f9fea53c25_72.png",
            "first_name": "Randy",
            "real_name": "Randy Farmer",
            "display_name": "randy",
            "team": "T3NRU3N8L",
            "name": "randy",
            "is_restricted": false,
            "is_ultra_restricted": false
        },
        "blocks": [
            {
                "type": "rich_text",
                "block_id": "tMsg",
                "elements": [
                    {
                        "type": "rich_text_section",
                        "elements": [
                            {
                                "type": "text",
                                "text": "Actually object().name() is used various places."
                            }
                        ]
                    }
                ]
            }
        ]
    },
    {
        "user": "U3NS4Q413",
        "type": "message",
        "ts": "1594938639.009800",
        "client_msg_id": "1a1aa65d-cf6e-4e11-b259-e394a24e668b",
        "text": "Consider taking the name, forcing it to lowercase, and looking for the key term aka \"voting\" anywhere in the name. That way we can have custom names in different places as well.",
        "team": "T3NRU3N8L",
        "user_team": "T3NRU3N8L",
        "source_team": "T3NRU3N8L",
        "user_profile": {
            "avatar_hash": "9a824257f5f9",
            "image_72": "https:\/\/avatars.slack-edge.com\/2017-06-19\/200099674645_9a824257f5f9fea53c25_72.png",
            "first_name": "Randy",
            "real_name": "Randy Farmer",
            "display_name": "randy",
            "team": "T3NRU3N8L",
            "name": "randy",
            "is_restricted": false,
            "is_ultra_restricted": false
        },
        "blocks": [
            {
                "type": "rich_text",
                "block_id": "+MS63",
                "elements": [
                    {
                        "type": "rich_text_section",
                        "elements": [
                            {
                                "type": "text",
                                "text": "Consider taking the name, forcing it to lowercase, and looking for the key term aka \"voting\" anywhere in the name. That way we can have custom names in different places as well."
                            }
                        ]
                    }
                ]
            }
        ]
    },
    {
        "user": "U3NS4Q413",
        "type": "message",
        "ts": "1594938674.010700",
        "client_msg_id": "eb448212-d1f2-4ae2-8139-4a60f14de18b",
        "text": "Assuming the Club Caribe project ever completes, that team will be infinitely grateful for the flexibility.",
        "team": "T3NRU3N8L",
        "user_team": "T3NRU3N8L",
        "source_team": "T3NRU3N8L",
        "user_profile": {
            "avatar_hash": "9a824257f5f9",
            "image_72": "https:\/\/avatars.slack-edge.com\/2017-06-19\/200099674645_9a824257f5f9fea53c25_72.png",
            "first_name": "Randy",
            "real_name": "Randy Farmer",
            "display_name": "randy",
            "team": "T3NRU3N8L",
            "name": "randy",
            "is_restricted": false,
            "is_ultra_restricted": false
        },
        "blocks": [
            {
                "type": "rich_text",
                "block_id": "zT++",
                "elements": [
                    {
                        "type": "rich_text_section",
                        "elements": [
                            {
                                "type": "text",
                                "text": "Assuming the Club Caribe project ever completes, that team will be infinitely grateful for the flexibility."
                            }
                        ]
                    }
                ]
            }
        ]
    },
    {
        "user": "U3NS4Q413",
        "type": "message",
        "ts": "1594938696.011000",
        "client_msg_id": "783841f6-a438-4b60-b99a-912223aec6e7",
        "text": "Thanks again for taking this on <@UJLK3K4DS>!",
        "team": "T3NRU3N8L",
        "user_team": "T3NRU3N8L",
        "source_team": "T3NRU3N8L",
        "user_profile": {
            "avatar_hash": "9a824257f5f9",
            "image_72": "https:\/\/avatars.slack-edge.com\/2017-06-19\/200099674645_9a824257f5f9fea53c25_72.png",
            "first_name": "Randy",
            "real_name": "Randy Farmer",
            "display_name": "randy",
            "team": "T3NRU3N8L",
            "name": "randy",
            "is_restricted": false,
            "is_ultra_restricted": false
        },
        "blocks": [
            {
                "type": "rich_text",
                "block_id": "BN2yx",
                "elements": [
                    {
                        "type": "rich_text_section",
                        "elements": [
                            {
                                "type": "text",
                                "text": "Thanks again for taking this on "
                            },
                            {
                                "type": "user",
                                "user_id": "UJLK3K4DS"
                            },
                            {
                                "type": "text",
                                "text": "!"
                            }
                        ]
                    }
                ]
            }
        ]
    },
    {
        "user": "U3N3P0V89",
        "type": "message",
        "ts": "1594939872.011700",
        "client_msg_id": "1C044126-624D-48BF-9D39-DC839F074B98",
        "text": "I don’t know if Caribe ever had them but I would love to put them in there!",
        "team": "T3NRU3N8L",
        "user_team": "T3NRU3N8L",
        "source_team": "T3NRU3N8L",
        "user_profile": {
            "avatar_hash": "6dcfc9e0d4c7",
            "image_72": "https:\/\/avatars.slack-edge.com\/2017-06-07\/195047001686_6dcfc9e0d4c71e750732_72.png",
            "first_name": "Stu",
            "real_name": "Stu",
            "display_name": "stu",
            "team": "T3NRU3N8L",
            "name": "stu",
            "is_restricted": false,
            "is_ultra_restricted": false
        },
        "blocks": [
            {
                "type": "rich_text",
                "block_id": "2fbAy",
                "elements": [
                    {
                        "type": "rich_text_section",
                        "elements": [
                            {
                                "type": "text",
                                "text": "I don’t know if Caribe ever had them but I would love to put them in there!"
                            }
                        ]
                    }
                ]
            }
        ]
    }
]