[
    {
        "user": "U3N3P0V89",
        "type": "message",
        "ts": "1606567683.002200",
        "client_msg_id": "5ec27691-58bc-4c9b-9a66-36d9b41a2feb",
        "text": "hey, i got pretty close to getting docker work using WSL2 again like i had in the past but somethings up now and i'm not sure how to proceed.\n\ni manage to get everything going, except mongo crashes out almost immediately with error code 139. as a result, i'm unable to init the db and the neohabitat process isn't able to connect to it.\n\nbased on the issues <@UJLK3K4DS> was having back in june, i wrote down notes that he used to get his local server working. here are the steps as i performed them to get to this point:\n\n```clone repository\n\nchmod a+x run in neohabitat base folder\n\ncheck dockerfile variables for qlink section\nadd this if not there\nQLINK_HABITAT_USE_FRAMING=false\n\ndocker-compose up\n\nhere's where the build process happens...\n\nfrom neohabitat root directory on local server, run mvn clean package\n\ndocker-compose up```",
        "team": "T3NRU3N8L",
        "user_team": "T3NRU3N8L",
        "source_team": "T3NRU3N8L",
        "user_profile": {
            "avatar_hash": "6dcfc9e0d4c7",
            "image_72": "https:\/\/avatars.slack-edge.com\/2017-06-07\/195047001686_6dcfc9e0d4c71e750732_72.png",
            "first_name": "Stu",
            "real_name": "Stu",
            "display_name": "stu",
            "team": "T3NRU3N8L",
            "name": "stu",
            "is_restricted": false,
            "is_ultra_restricted": false
        },
        "blocks": [
            {
                "type": "rich_text",
                "block_id": "yLd33",
                "elements": [
                    {
                        "type": "rich_text_section",
                        "elements": [
                            {
                                "type": "text",
                                "text": "hey, i got pretty close to getting docker work using WSL2 again like i had in the past but somethings up now and i'm not sure how to proceed.\n\ni manage to get everything going, except mongo crashes out almost immediately with error code 139. as a result, i'm unable to init the db and the neohabitat process isn't able to connect to it.\n\nbased on the issues "
                            },
                            {
                                "type": "user",
                                "user_id": "UJLK3K4DS"
                            },
                            {
                                "type": "text",
                                "text": " was having back in june, i wrote down notes that he used to get his local server working. here are the steps as i performed them to get to this point:\n\n"
                            }
                        ]
                    },
                    {
                        "type": "rich_text_preformatted",
                        "elements": [
                            {
                                "type": "text",
                                "text": "clone repository\n\nchmod a+x run in neohabitat base folder\n\ncheck dockerfile variables for qlink section\nadd this if not there\nQLINK_HABITAT_USE_FRAMING=false\n\ndocker-compose up\n\nhere's where the build process happens...\n\nfrom neohabitat root directory on local server, run mvn clean package\n\ndocker-compose up"
                            }
                        ]
                    }
                ]
            }
        ]
    },
    {
        "user": "U3N3P0V89",
        "type": "message",
        "ts": "1606567719.002800",
        "client_msg_id": "11d25ab6-4fed-446a-960a-37e3405bd4e4",
        "text": "after this i had tried to `docker-compose exec neohabitat bash` and do `cd db &amp;&amp; make clean` which is where i discovered mongo wasn't running and the log confirmed it",
        "team": "T3NRU3N8L",
        "user_team": "T3NRU3N8L",
        "source_team": "T3NRU3N8L",
        "user_profile": {
            "avatar_hash": "6dcfc9e0d4c7",
            "image_72": "https:\/\/avatars.slack-edge.com\/2017-06-07\/195047001686_6dcfc9e0d4c71e750732_72.png",
            "first_name": "Stu",
            "real_name": "Stu",
            "display_name": "stu",
            "team": "T3NRU3N8L",
            "name": "stu",
            "is_restricted": false,
            "is_ultra_restricted": false
        },
        "blocks": [
            {
                "type": "rich_text",
                "block_id": "Jbz",
                "elements": [
                    {
                        "type": "rich_text_section",
                        "elements": [
                            {
                                "type": "text",
                                "text": "after this i had tried to "
                            },
                            {
                                "type": "text",
                                "text": "docker-compose exec neohabitat bash",
                                "style": {
                                    "code": true
                                }
                            },
                            {
                                "type": "text",
                                "text": " and do "
                            },
                            {
                                "type": "text",
                                "text": "cd db && make clean",
                                "style": {
                                    "code": true
                                }
                            },
                            {
                                "type": "text",
                                "text": " which is where i discovered mongo wasn't running and the log confirmed it"
                            }
                        ]
                    }
                ]
            }
        ]
    },
    {
        "text": "",
        "files": [
            {
                "id": "F01G306BYFK",
                "created": 1606567748,
                "timestamp": 1606567748,
                "name": "image.png",
                "title": "image.png",
                "mimetype": "image\/png",
                "filetype": "png",
                "pretty_type": "PNG",
                "user": "U3N3P0V89",
                "user_team": "T3NRU3N8L",
                "editable": false,
                "size": 45398,
                "mode": "hosted",
                "is_external": false,
                "external_type": "",
                "is_public": true,
                "public_url_shared": false,
                "display_as_bot": false,
                "username": "",
                "url_private": "https:\/\/files.slack.com\/files-pri\/T3NRU3N8L-F01G306BYFK\/image.png?t=xoxe-124878124292-7467719047090-7480385333457-4296bbd25a5710071a4df099b64b6f19",
                "url_private_download": "https:\/\/files.slack.com\/files-pri\/T3NRU3N8L-F01G306BYFK\/download\/image.png?t=xoxe-124878124292-7467719047090-7480385333457-4296bbd25a5710071a4df099b64b6f19",
                "media_display_type": "unknown",
                "thumb_64": "https:\/\/files.slack.com\/files-tmb\/T3NRU3N8L-F01G306BYFK-11a72aef92\/image_64.png?t=xoxe-124878124292-7467719047090-7480385333457-4296bbd25a5710071a4df099b64b6f19",
                "thumb_80": "https:\/\/files.slack.com\/files-tmb\/T3NRU3N8L-F01G306BYFK-11a72aef92\/image_80.png?t=xoxe-124878124292-7467719047090-7480385333457-4296bbd25a5710071a4df099b64b6f19",
                "thumb_360": "https:\/\/files.slack.com\/files-tmb\/T3NRU3N8L-F01G306BYFK-11a72aef92\/image_360.png?t=xoxe-124878124292-7467719047090-7480385333457-4296bbd25a5710071a4df099b64b6f19",
                "thumb_360_w": 360,
                "thumb_360_h": 116,
                "thumb_480": "https:\/\/files.slack.com\/files-tmb\/T3NRU3N8L-F01G306BYFK-11a72aef92\/image_480.png?t=xoxe-124878124292-7467719047090-7480385333457-4296bbd25a5710071a4df099b64b6f19",
                "thumb_480_w": 480,
                "thumb_480_h": 154,
                "thumb_160": "https:\/\/files.slack.com\/files-tmb\/T3NRU3N8L-F01G306BYFK-11a72aef92\/image_160.png?t=xoxe-124878124292-7467719047090-7480385333457-4296bbd25a5710071a4df099b64b6f19",
                "thumb_720": "https:\/\/files.slack.com\/files-tmb\/T3NRU3N8L-F01G306BYFK-11a72aef92\/image_720.png?t=xoxe-124878124292-7467719047090-7480385333457-4296bbd25a5710071a4df099b64b6f19",
                "thumb_720_w": 720,
                "thumb_720_h": 232,
                "thumb_800": "https:\/\/files.slack.com\/files-tmb\/T3NRU3N8L-F01G306BYFK-11a72aef92\/image_800.png?t=xoxe-124878124292-7467719047090-7480385333457-4296bbd25a5710071a4df099b64b6f19",
                "thumb_800_w": 800,
                "thumb_800_h": 257,
                "thumb_960": "https:\/\/files.slack.com\/files-tmb\/T3NRU3N8L-F01G306BYFK-11a72aef92\/image_960.png?t=xoxe-124878124292-7467719047090-7480385333457-4296bbd25a5710071a4df099b64b6f19",
                "thumb_960_w": 960,
                "thumb_960_h": 309,
                "original_w": 1017,
                "original_h": 327,
                "thumb_tiny": "AwAPADCp8o7frQoBbnp9cUpyf4v1pFOxs+3Y4piE9KDzSUpoACc9aO1FAoA\/\/9k=",
                "permalink": "https:\/\/neohabitat.slack.com\/files\/U3N3P0V89\/F01G306BYFK\/image.png",
                "permalink_public": "https:\/\/slack-files.com\/T3NRU3N8L-F01G306BYFK-6720d67f5c",
                "is_starred": false,
                "has_rich_preview": false,
                "file_access": "visible"
            }
        ],
        "upload": false,
        "user": "U3N3P0V89",
        "display_as_bot": false,
        "type": "message",
        "ts": "1606567750.002900"
    },
    {
        "user": "U3N3P0V89",
        "type": "message",
        "ts": "1606567811.003700",
        "client_msg_id": "8331cddf-986c-4b0d-a4f8-f68172c61f8f",
        "text": "if it helps, i'm not seeing any files in the \"\/neohabitat\/data\/mongodb\" directory except for a `.gitignore` file",
        "team": "T3NRU3N8L",
        "user_team": "T3NRU3N8L",
        "source_team": "T3NRU3N8L",
        "user_profile": {
            "avatar_hash": "6dcfc9e0d4c7",
            "image_72": "https:\/\/avatars.slack-edge.com\/2017-06-07\/195047001686_6dcfc9e0d4c71e750732_72.png",
            "first_name": "Stu",
            "real_name": "Stu",
            "display_name": "stu",
            "team": "T3NRU3N8L",
            "name": "stu",
            "is_restricted": false,
            "is_ultra_restricted": false
        },
        "blocks": [
            {
                "type": "rich_text",
                "block_id": "aP+",
                "elements": [
                    {
                        "type": "rich_text_section",
                        "elements": [
                            {
                                "type": "text",
                                "text": "if it helps, i'm not seeing any files in the \"\/neohabitat\/data\/mongodb\" directory except for a "
                            },
                            {
                                "type": "text",
                                "text": ".gitignore",
                                "style": {
                                    "code": true
                                }
                            },
                            {
                                "type": "text",
                                "text": " file"
                            }
                        ]
                    }
                ]
            }
        ]
    },
    {
        "user": "U3N3P0V89",
        "type": "message",
        "ts": "1606567815.003900",
        "client_msg_id": "579fdb85-c998-42da-9588-61127b5cbecb",
        "text": "so i'm not sure if it's even building",
        "team": "T3NRU3N8L",
        "user_team": "T3NRU3N8L",
        "source_team": "T3NRU3N8L",
        "user_profile": {
            "avatar_hash": "6dcfc9e0d4c7",
            "image_72": "https:\/\/avatars.slack-edge.com\/2017-06-07\/195047001686_6dcfc9e0d4c71e750732_72.png",
            "first_name": "Stu",
            "real_name": "Stu",
            "display_name": "stu",
            "team": "T3NRU3N8L",
            "name": "stu",
            "is_restricted": false,
            "is_ultra_restricted": false
        },
        "blocks": [
            {
                "type": "rich_text",
                "block_id": "CNj",
                "elements": [
                    {
                        "type": "rich_text_section",
                        "elements": [
                            {
                                "type": "text",
                                "text": "so i'm not sure if it's even building"
                            }
                        ]
                    }
                ]
            }
        ]
    },
    {
        "text": "",
        "files": [
            {
                "id": "F01FQH63WF5",
                "created": 1606567907,
                "timestamp": 1606567907,
                "name": "image.png",
                "title": "image.png",
                "mimetype": "image\/png",
                "filetype": "png",
                "pretty_type": "PNG",
                "user": "U3N3P0V89",
                "user_team": "T3NRU3N8L",
                "editable": false,
                "size": 119402,
                "mode": "hosted",
                "is_external": false,
                "external_type": "",
                "is_public": true,
                "public_url_shared": false,
                "display_as_bot": false,
                "username": "",
                "url_private": "https:\/\/files.slack.com\/files-pri\/T3NRU3N8L-F01FQH63WF5\/image.png?t=xoxe-124878124292-7467719047090-7480385333457-4296bbd25a5710071a4df099b64b6f19",
                "url_private_download": "https:\/\/files.slack.com\/files-pri\/T3NRU3N8L-F01FQH63WF5\/download\/image.png?t=xoxe-124878124292-7467719047090-7480385333457-4296bbd25a5710071a4df099b64b6f19",
                "media_display_type": "unknown",
                "thumb_64": "https:\/\/files.slack.com\/files-tmb\/T3NRU3N8L-F01FQH63WF5-b78aa3fa0f\/image_64.png?t=xoxe-124878124292-7467719047090-7480385333457-4296bbd25a5710071a4df099b64b6f19",
                "thumb_80": "https:\/\/files.slack.com\/files-tmb\/T3NRU3N8L-F01FQH63WF5-b78aa3fa0f\/image_80.png?t=xoxe-124878124292-7467719047090-7480385333457-4296bbd25a5710071a4df099b64b6f19",
                "thumb_360": "https:\/\/files.slack.com\/files-tmb\/T3NRU3N8L-F01FQH63WF5-b78aa3fa0f\/image_360.png?t=xoxe-124878124292-7467719047090-7480385333457-4296bbd25a5710071a4df099b64b6f19",
                "thumb_360_w": 360,
                "thumb_360_h": 98,
                "thumb_480": "https:\/\/files.slack.com\/files-tmb\/T3NRU3N8L-F01FQH63WF5-b78aa3fa0f\/image_480.png?t=xoxe-124878124292-7467719047090-7480385333457-4296bbd25a5710071a4df099b64b6f19",
                "thumb_480_w": 480,
                "thumb_480_h": 130,
                "thumb_160": "https:\/\/files.slack.com\/files-tmb\/T3NRU3N8L-F01FQH63WF5-b78aa3fa0f\/image_160.png?t=xoxe-124878124292-7467719047090-7480385333457-4296bbd25a5710071a4df099b64b6f19",
                "thumb_720": "https:\/\/files.slack.com\/files-tmb\/T3NRU3N8L-F01FQH63WF5-b78aa3fa0f\/image_720.png?t=xoxe-124878124292-7467719047090-7480385333457-4296bbd25a5710071a4df099b64b6f19",
                "thumb_720_w": 720,
                "thumb_720_h": 195,
                "thumb_800": "https:\/\/files.slack.com\/files-tmb\/T3NRU3N8L-F01FQH63WF5-b78aa3fa0f\/image_800.png?t=xoxe-124878124292-7467719047090-7480385333457-4296bbd25a5710071a4df099b64b6f19",
                "thumb_800_w": 800,
                "thumb_800_h": 217,
                "thumb_960": "https:\/\/files.slack.com\/files-tmb\/T3NRU3N8L-F01FQH63WF5-b78aa3fa0f\/image_960.png?t=xoxe-124878124292-7467719047090-7480385333457-4296bbd25a5710071a4df099b64b6f19",
                "thumb_960_w": 960,
                "thumb_960_h": 261,
                "thumb_1024": "https:\/\/files.slack.com\/files-tmb\/T3NRU3N8L-F01FQH63WF5-b78aa3fa0f\/image_1024.png?t=xoxe-124878124292-7467719047090-7480385333457-4296bbd25a5710071a4df099b64b6f19",
                "thumb_1024_w": 1024,
                "thumb_1024_h": 278,
                "original_w": 1920,
                "original_h": 521,
                "thumb_tiny": "AwANADCjzSY9qO9BOKAEwKSlz7UmfYUAFFGfYUZ9hQB\/\/9k=",
                "permalink": "https:\/\/neohabitat.slack.com\/files\/U3N3P0V89\/F01FQH63WF5\/image.png",
                "permalink_public": "https:\/\/slack-files.com\/T3NRU3N8L-F01FQH63WF5-ec8a1b60ed",
                "is_starred": false,
                "has_rich_preview": false,
                "file_access": "visible"
            }
        ],
        "upload": false,
        "user": "U3N3P0V89",
        "display_as_bot": false,
        "type": "message",
        "ts": "1606567910.004000"
    },
    {
        "text": "",
        "files": [
            {
                "id": "F01FM8MF64D",
                "created": 1606568335,
                "timestamp": 1606568335,
                "name": "image.png",
                "title": "image.png",
                "mimetype": "image\/png",
                "filetype": "png",
                "pretty_type": "PNG",
                "user": "U3N3P0V89",
                "user_team": "T3NRU3N8L",
                "editable": false,
                "size": 154173,
                "mode": "hosted",
                "is_external": false,
                "external_type": "",
                "is_public": true,
                "public_url_shared": false,
                "display_as_bot": false,
                "username": "",
                "url_private": "https:\/\/files.slack.com\/files-pri\/T3NRU3N8L-F01FM8MF64D\/image.png?t=xoxe-124878124292-7467719047090-7480385333457-4296bbd25a5710071a4df099b64b6f19",
                "url_private_download": "https:\/\/files.slack.com\/files-pri\/T3NRU3N8L-F01FM8MF64D\/download\/image.png?t=xoxe-124878124292-7467719047090-7480385333457-4296bbd25a5710071a4df099b64b6f19",
                "media_display_type": "unknown",
                "thumb_64": "https:\/\/files.slack.com\/files-tmb\/T3NRU3N8L-F01FM8MF64D-3c9550f0f3\/image_64.png?t=xoxe-124878124292-7467719047090-7480385333457-4296bbd25a5710071a4df099b64b6f19",
                "thumb_80": "https:\/\/files.slack.com\/files-tmb\/T3NRU3N8L-F01FM8MF64D-3c9550f0f3\/image_80.png?t=xoxe-124878124292-7467719047090-7480385333457-4296bbd25a5710071a4df099b64b6f19",
                "thumb_360": "https:\/\/files.slack.com\/files-tmb\/T3NRU3N8L-F01FM8MF64D-3c9550f0f3\/image_360.png?t=xoxe-124878124292-7467719047090-7480385333457-4296bbd25a5710071a4df099b64b6f19",
                "thumb_360_w": 360,
                "thumb_360_h": 137,
                "thumb_480": "https:\/\/files.slack.com\/files-tmb\/T3NRU3N8L-F01FM8MF64D-3c9550f0f3\/image_480.png?t=xoxe-124878124292-7467719047090-7480385333457-4296bbd25a5710071a4df099b64b6f19",
                "thumb_480_w": 480,
                "thumb_480_h": 183,
                "thumb_160": "https:\/\/files.slack.com\/files-tmb\/T3NRU3N8L-F01FM8MF64D-3c9550f0f3\/image_160.png?t=xoxe-124878124292-7467719047090-7480385333457-4296bbd25a5710071a4df099b64b6f19",
                "thumb_720": "https:\/\/files.slack.com\/files-tmb\/T3NRU3N8L-F01FM8MF64D-3c9550f0f3\/image_720.png?t=xoxe-124878124292-7467719047090-7480385333457-4296bbd25a5710071a4df099b64b6f19",
                "thumb_720_w": 720,
                "thumb_720_h": 275,
                "thumb_800": "https:\/\/files.slack.com\/files-tmb\/T3NRU3N8L-F01FM8MF64D-3c9550f0f3\/image_800.png?t=xoxe-124878124292-7467719047090-7480385333457-4296bbd25a5710071a4df099b64b6f19",
                "thumb_800_w": 800,
                "thumb_800_h": 305,
                "thumb_960": "https:\/\/files.slack.com\/files-tmb\/T3NRU3N8L-F01FM8MF64D-3c9550f0f3\/image_960.png?t=xoxe-124878124292-7467719047090-7480385333457-4296bbd25a5710071a4df099b64b6f19",
                "thumb_960_w": 960,
                "thumb_960_h": 366,
                "thumb_1024": "https:\/\/files.slack.com\/files-tmb\/T3NRU3N8L-F01FM8MF64D-3c9550f0f3\/image_1024.png?t=xoxe-124878124292-7467719047090-7480385333457-4296bbd25a5710071a4df099b64b6f19",
                "thumb_1024_w": 1024,
                "thumb_1024_h": 391,
                "original_w": 1643,
                "original_h": 627,
                "thumb_tiny": "AwASADCl3pKKDjBoAQ59KTn0pfypPwoATn3owfSlxSUAP70Ud6KADtTKeelR0AFFFFAH\/9k=",
                "permalink": "https:\/\/neohabitat.slack.com\/files\/U3N3P0V89\/F01FM8MF64D\/image.png",
                "permalink_public": "https:\/\/slack-files.com\/T3NRU3N8L-F01FM8MF64D-a639bd8169",
                "is_starred": false,
                "has_rich_preview": false,
                "file_access": "visible"
            }
        ],
        "upload": false,
        "user": "U3N3P0V89",
        "display_as_bot": false,
        "type": "message",
        "ts": "1606568338.004400"
    },
    {
        "user": "U3N3P0V89",
        "type": "message",
        "ts": "1606568340.004700",
        "client_msg_id": "bc32a5ea-2441-4138-859d-2a2002e9e2ed",
        "text": "it did build",
        "team": "T3NRU3N8L",
        "user_team": "T3NRU3N8L",
        "source_team": "T3NRU3N8L",
        "user_profile": {
            "avatar_hash": "6dcfc9e0d4c7",
            "image_72": "https:\/\/avatars.slack-edge.com\/2017-06-07\/195047001686_6dcfc9e0d4c71e750732_72.png",
            "first_name": "Stu",
            "real_name": "Stu",
            "display_name": "stu",
            "team": "T3NRU3N8L",
            "name": "stu",
            "is_restricted": false,
            "is_ultra_restricted": false
        },
        "blocks": [
            {
                "type": "rich_text",
                "block_id": "cgsGG",
                "elements": [
                    {
                        "type": "rich_text_section",
                        "elements": [
                            {
                                "type": "text",
                                "text": "it did build"
                            }
                        ]
                    }
                ]
            }
        ]
    },
    {
        "user": "U3N3P0V89",
        "type": "message",
        "ts": "1606568354.005100",
        "client_msg_id": "ea0d4d9f-dcfe-4159-9395-9dc3fec7534c",
        "text": "this didn't fix anything, but at least i can confirm mongo is present",
        "team": "T3NRU3N8L",
        "user_team": "T3NRU3N8L",
        "source_team": "T3NRU3N8L",
        "user_profile": {
            "avatar_hash": "6dcfc9e0d4c7",
            "image_72": "https:\/\/avatars.slack-edge.com\/2017-06-07\/195047001686_6dcfc9e0d4c71e750732_72.png",
            "first_name": "Stu",
            "real_name": "Stu",
            "display_name": "stu",
            "team": "T3NRU3N8L",
            "name": "stu",
            "is_restricted": false,
            "is_ultra_restricted": false
        },
        "blocks": [
            {
                "type": "rich_text",
                "block_id": "zhKC",
                "elements": [
                    {
                        "type": "rich_text_section",
                        "elements": [
                            {
                                "type": "text",
                                "text": "this didn't fix anything, but at least i can confirm mongo is present"
                            }
                        ]
                    }
                ]
            }
        ]
    },
    {
        "user": "U3N3P0V89",
        "type": "message",
        "ts": "1606604228.005800",
        "client_msg_id": "a1768e8a-4c14-4311-b03e-109a4354b5fb",
        "text": "<@U3N3TBZPT> let me know if you have any ideas. i saw exit code 139 sounds like a permissions thing potentially (but something else mentioned segfaulting so maybe not)",
        "team": "T3NRU3N8L",
        "user_team": "T3NRU3N8L",
        "source_team": "T3NRU3N8L",
        "user_profile": {
            "avatar_hash": "6dcfc9e0d4c7",
            "image_72": "https:\/\/avatars.slack-edge.com\/2017-06-07\/195047001686_6dcfc9e0d4c71e750732_72.png",
            "first_name": "Stu",
            "real_name": "Stu",
            "display_name": "stu",
            "team": "T3NRU3N8L",
            "name": "stu",
            "is_restricted": false,
            "is_ultra_restricted": false
        },
        "blocks": [
            {
                "type": "rich_text",
                "block_id": "F+H",
                "elements": [
                    {
                        "type": "rich_text_section",
                        "elements": [
                            {
                                "type": "user",
                                "user_id": "U3N3TBZPT"
                            },
                            {
                                "type": "text",
                                "text": " let me know if you have any ideas. i saw exit code 139 sounds like a permissions thing potentially (but something else mentioned segfaulting so maybe not)"
                            }
                        ]
                    }
                ]
            }
        ]
    }
]