[
    {
        "user": "UJLK3K4DS",
        "type": "message",
        "ts": "1590350116.001600",
        "client_msg_id": "acdf94b4-a1b2-40b4-bdf4-5fd15532a78e",
        "text": "Hello, I'm tring to put my own server online again. This time with Ubuntu and Docker. I think I have done all the steps right. I have telnet on port 1986 and 5190.",
        "team": "T3NRU3N8L",
        "user_team": "T3NRU3N8L",
        "source_team": "T3NRU3N8L",
        "user_profile": {
            "avatar_hash": "639e026641d3",
            "image_72": "https:\/\/avatars.slack-edge.com\/2022-03-25\/3296810688003_639e026641d3dc2c2ae2_72.jpg",
            "first_name": "Naibor",
            "real_name": "Naibor",
            "display_name": "Naibor",
            "team": "T3NRU3N8L",
            "name": "pedrouran",
            "is_restricted": false,
            "is_ultra_restricted": false
        },
        "blocks": [
            {
                "type": "rich_text",
                "block_id": "zvY+",
                "elements": [
                    {
                        "type": "rich_text_section",
                        "elements": [
                            {
                                "type": "text",
                                "text": "Hello, I'm tring to put my own server online again. This time with Ubuntu and Docker. I think I have done all the steps right. I have telnet on port 1986 and 5190."
                            }
                        ]
                    }
                ]
            }
        ]
    },
    {
        "user": "UJLK3K4DS",
        "type": "message",
        "ts": "1590350123.001800",
        "client_msg_id": "efe4157c-f54b-4166-a8a0-18fb2df89f34",
        "text": "2020-05-24 19:50:15,720 [Thread-5] DEBUG org.jbrain.qlink.connection.QConnection  - Sending Queued Actions\nqlink_1              | 2020-05-24 19:50:15,739 [Thread-5] DEBUG org.jbrain.qlink.connection.QConnection  - Creating new Habilink HabitatConnection for user: Naibor\nqlink_1              | 2020-05-24 19:50:15,751 [Thread-5] ERROR org.jbrain.qlink.connection.QConnection  - Unchecked Exception error\nqlink_1              | java.lang.NullPointerException",
        "team": "T3NRU3N8L",
        "user_team": "T3NRU3N8L",
        "source_team": "T3NRU3N8L",
        "user_profile": {
            "avatar_hash": "639e026641d3",
            "image_72": "https:\/\/avatars.slack-edge.com\/2022-03-25\/3296810688003_639e026641d3dc2c2ae2_72.jpg",
            "first_name": "Naibor",
            "real_name": "Naibor",
            "display_name": "Naibor",
            "team": "T3NRU3N8L",
            "name": "pedrouran",
            "is_restricted": false,
            "is_ultra_restricted": false
        },
        "blocks": [
            {
                "type": "rich_text",
                "block_id": "uqBv",
                "elements": [
                    {
                        "type": "rich_text_section",
                        "elements": [
                            {
                                "type": "text",
                                "text": "2020-05-24 19:50:15,720 [Thread-5] DEBUG org.jbrain.qlink.connection.QConnection  - Sending Queued Actions\nqlink_1              | 2020-05-24 19:50:15,739 [Thread-5] DEBUG org.jbrain.qlink.connection.QConnection  - Creating new Habilink HabitatConnection for user: Naibor\nqlink_1              | 2020-05-24 19:50:15,751 [Thread-5] ERROR org.jbrain.qlink.connection.QConnection  - Unchecked Exception error\nqlink_1              | java.lang.NullPointerException"
                            }
                        ]
                    }
                ]
            }
        ]
    },
    {
        "user": "UJLK3K4DS",
        "type": "message",
        "ts": "1590350227.003200",
        "client_msg_id": "1d729a6f-7528-4152-bca6-881abe6c1df1",
        "text": "this is the error I get. After typing my Nick name, it begins to load, ant it stops on this screen",
        "team": "T3NRU3N8L",
        "user_team": "T3NRU3N8L",
        "source_team": "T3NRU3N8L",
        "user_profile": {
            "avatar_hash": "639e026641d3",
            "image_72": "https:\/\/avatars.slack-edge.com\/2022-03-25\/3296810688003_639e026641d3dc2c2ae2_72.jpg",
            "first_name": "Naibor",
            "real_name": "Naibor",
            "display_name": "Naibor",
            "team": "T3NRU3N8L",
            "name": "pedrouran",
            "is_restricted": false,
            "is_ultra_restricted": false
        },
        "blocks": [
            {
                "type": "rich_text",
                "block_id": "JMhbe",
                "elements": [
                    {
                        "type": "rich_text_section",
                        "elements": [
                            {
                                "type": "text",
                                "text": "this is the error I get. After typing my Nick name, it begins to load, ant it stops on this screen"
                            }
                        ]
                    }
                ]
            }
        ]
    },
    {
        "text": "",
        "files": [
            {
                "id": "F0146TMCQTV",
                "created": 1590350230,
                "timestamp": 1590350230,
                "name": "image.png",
                "title": "image.png",
                "mimetype": "image\/png",
                "filetype": "png",
                "pretty_type": "PNG",
                "user": "UJLK3K4DS",
                "user_team": "T3NRU3N8L",
                "editable": false,
                "size": 58579,
                "mode": "hosted",
                "is_external": false,
                "external_type": "",
                "is_public": true,
                "public_url_shared": false,
                "display_as_bot": false,
                "username": "",
                "url_private": "https:\/\/files.slack.com\/files-pri\/T3NRU3N8L-F0146TMCQTV\/image.png?t=xoxe-124878124292-7467719047090-7480385333457-4296bbd25a5710071a4df099b64b6f19",
                "url_private_download": "https:\/\/files.slack.com\/files-pri\/T3NRU3N8L-F0146TMCQTV\/download\/image.png?t=xoxe-124878124292-7467719047090-7480385333457-4296bbd25a5710071a4df099b64b6f19",
                "media_display_type": "unknown",
                "thumb_64": "https:\/\/files.slack.com\/files-tmb\/T3NRU3N8L-F0146TMCQTV-f73faa4743\/image_64.png?t=xoxe-124878124292-7467719047090-7480385333457-4296bbd25a5710071a4df099b64b6f19",
                "thumb_80": "https:\/\/files.slack.com\/files-tmb\/T3NRU3N8L-F0146TMCQTV-f73faa4743\/image_80.png?t=xoxe-124878124292-7467719047090-7480385333457-4296bbd25a5710071a4df099b64b6f19",
                "thumb_360": "https:\/\/files.slack.com\/files-tmb\/T3NRU3N8L-F0146TMCQTV-f73faa4743\/image_360.png?t=xoxe-124878124292-7467719047090-7480385333457-4296bbd25a5710071a4df099b64b6f19",
                "thumb_360_w": 360,
                "thumb_360_h": 301,
                "thumb_480": "https:\/\/files.slack.com\/files-tmb\/T3NRU3N8L-F0146TMCQTV-f73faa4743\/image_480.png?t=xoxe-124878124292-7467719047090-7480385333457-4296bbd25a5710071a4df099b64b6f19",
                "thumb_480_w": 480,
                "thumb_480_h": 402,
                "thumb_160": "https:\/\/files.slack.com\/files-tmb\/T3NRU3N8L-F0146TMCQTV-f73faa4743\/image_160.png?t=xoxe-124878124292-7467719047090-7480385333457-4296bbd25a5710071a4df099b64b6f19",
                "thumb_720": "https:\/\/files.slack.com\/files-tmb\/T3NRU3N8L-F0146TMCQTV-f73faa4743\/image_720.png?t=xoxe-124878124292-7467719047090-7480385333457-4296bbd25a5710071a4df099b64b6f19",
                "thumb_720_w": 720,
                "thumb_720_h": 603,
                "thumb_800": "https:\/\/files.slack.com\/files-tmb\/T3NRU3N8L-F0146TMCQTV-f73faa4743\/image_800.png?t=xoxe-124878124292-7467719047090-7480385333457-4296bbd25a5710071a4df099b64b6f19",
                "thumb_800_w": 800,
                "thumb_800_h": 670,
                "thumb_960": "https:\/\/files.slack.com\/files-tmb\/T3NRU3N8L-F0146TMCQTV-f73faa4743\/image_960.png?t=xoxe-124878124292-7467719047090-7480385333457-4296bbd25a5710071a4df099b64b6f19",
                "thumb_960_w": 960,
                "thumb_960_h": 804,
                "thumb_1024": "https:\/\/files.slack.com\/files-tmb\/T3NRU3N8L-F0146TMCQTV-f73faa4743\/image_1024.png?t=xoxe-124878124292-7467719047090-7480385333457-4296bbd25a5710071a4df099b64b6f19",
                "thumb_1024_w": 1024,
                "thumb_1024_h": 857,
                "original_w": 1150,
                "original_h": 963,
                "thumb_tiny": "AwAoADCul3dyHahyfQKKkE+oDs3\/AHwKoUUAX\/P1D0b\/AL4FHn6h6N\/3wKoUUAX\/AD9Q9G\/74FNkvL2PG87c9MqKpUUAORd2RTvLyxFEUpiJIAJIxT2uWOSOD9BirTVtRajBH8ufajYMkc8CnfaTuJIHPUCkM7FmPGWGDx2o5l2DUTy8AE559qYwAOB2qf7UT94Dp2Hf1qBmLsWPU80m10BXJ\/sNz\/zyP5ij7Dc\/88j+YrdoqRmF9huf+eR\/MUfYbn\/nkfzFbtFAGF9huf8AnkfzFJ9iuP8AnkfzFb1M7GgD\/9k=",
                "permalink": "https:\/\/neohabitat.slack.com\/files\/UJLK3K4DS\/F0146TMCQTV\/image.png",
                "permalink_public": "https:\/\/slack-files.com\/T3NRU3N8L-F0146TMCQTV-d5c6e80354",
                "is_starred": false,
                "has_rich_preview": false,
                "file_access": "visible"
            }
        ],
        "upload": true,
        "user": "UJLK3K4DS",
        "display_as_bot": false,
        "type": "message",
        "ts": "1590350233.003300",
        "client_msg_id": "5ec83150-080d-423d-ba32-34a6628ee4d4"
    },
    {
        "user": "UJLK3K4DS",
        "type": "message",
        "ts": "1590350253.004000",
        "client_msg_id": "ed687d3e-9290-435c-b6fd-156e4c3bf8b8",
        "text": "If you have any suggestion, please let me know, Thank you",
        "team": "T3NRU3N8L",
        "user_team": "T3NRU3N8L",
        "source_team": "T3NRU3N8L",
        "user_profile": {
            "avatar_hash": "639e026641d3",
            "image_72": "https:\/\/avatars.slack-edge.com\/2022-03-25\/3296810688003_639e026641d3dc2c2ae2_72.jpg",
            "first_name": "Naibor",
            "real_name": "Naibor",
            "display_name": "Naibor",
            "team": "T3NRU3N8L",
            "name": "pedrouran",
            "is_restricted": false,
            "is_ultra_restricted": false
        },
        "blocks": [
            {
                "type": "rich_text",
                "block_id": "+xWYt",
                "elements": [
                    {
                        "type": "rich_text_section",
                        "elements": [
                            {
                                "type": "text",
                                "text": "If you have any suggestion, please let me know, Thank you"
                            }
                        ]
                    }
                ]
            }
        ]
    },
    {
        "user": "U3N3P0V89",
        "type": "message",
        "ts": "1590350691.006000",
        "client_msg_id": "99B40F91-B12B-47EF-9D46-A7BD9F89DEA1",
        "text": "Docker might’ve broken since we last used it. I had a similar issue and it wasn’t compiling the server and running it. <@U3N3TBZPT> was able to walk me through it. I think I had to go to the source directory and do something like mvn build",
        "team": "T3NRU3N8L",
        "user_team": "T3NRU3N8L",
        "source_team": "T3NRU3N8L",
        "user_profile": {
            "avatar_hash": "6dcfc9e0d4c7",
            "image_72": "https:\/\/avatars.slack-edge.com\/2017-06-07\/195047001686_6dcfc9e0d4c71e750732_72.png",
            "first_name": "Stu",
            "real_name": "Stu",
            "display_name": "stu",
            "team": "T3NRU3N8L",
            "name": "stu",
            "is_restricted": false,
            "is_ultra_restricted": false
        },
        "blocks": [
            {
                "type": "rich_text",
                "block_id": "M=pe+",
                "elements": [
                    {
                        "type": "rich_text_section",
                        "elements": [
                            {
                                "type": "text",
                                "text": "Docker might’ve broken since we last used it. I had a similar issue and it wasn’t compiling the server and running it. "
                            },
                            {
                                "type": "user",
                                "user_id": "U3N3TBZPT"
                            },
                            {
                                "type": "text",
                                "text": " was able to walk me through it. I think I had to go to the source directory and do something like mvn build"
                            }
                        ]
                    }
                ]
            }
        ]
    }
]