[
    {
        "text": "",
        "files": [
            {
                "id": "F010EDNBTHQ",
                "created": 1585184048,
                "timestamp": 1585184048,
                "name": "image.png",
                "title": "image.png",
                "mimetype": "image\/png",
                "filetype": "png",
                "pretty_type": "PNG",
                "user": "U3N3P0V89",
                "user_team": "T3NRU3N8L",
                "editable": false,
                "size": 79678,
                "mode": "hosted",
                "is_external": false,
                "external_type": "",
                "is_public": true,
                "public_url_shared": false,
                "display_as_bot": false,
                "username": "",
                "url_private": "https:\/\/files.slack.com\/files-pri\/T3NRU3N8L-F010EDNBTHQ\/image.png?t=xoxe-124878124292-7467719047090-7480385333457-4296bbd25a5710071a4df099b64b6f19",
                "url_private_download": "https:\/\/files.slack.com\/files-pri\/T3NRU3N8L-F010EDNBTHQ\/download\/image.png?t=xoxe-124878124292-7467719047090-7480385333457-4296bbd25a5710071a4df099b64b6f19",
                "media_display_type": "unknown",
                "thumb_64": "https:\/\/files.slack.com\/files-tmb\/T3NRU3N8L-F010EDNBTHQ-1850aaf62c\/image_64.png?t=xoxe-124878124292-7467719047090-7480385333457-4296bbd25a5710071a4df099b64b6f19",
                "thumb_80": "https:\/\/files.slack.com\/files-tmb\/T3NRU3N8L-F010EDNBTHQ-1850aaf62c\/image_80.png?t=xoxe-124878124292-7467719047090-7480385333457-4296bbd25a5710071a4df099b64b6f19",
                "thumb_360": "https:\/\/files.slack.com\/files-tmb\/T3NRU3N8L-F010EDNBTHQ-1850aaf62c\/image_360.png?t=xoxe-124878124292-7467719047090-7480385333457-4296bbd25a5710071a4df099b64b6f19",
                "thumb_360_w": 360,
                "thumb_360_h": 237,
                "thumb_480": "https:\/\/files.slack.com\/files-tmb\/T3NRU3N8L-F010EDNBTHQ-1850aaf62c\/image_480.png?t=xoxe-124878124292-7467719047090-7480385333457-4296bbd25a5710071a4df099b64b6f19",
                "thumb_480_w": 480,
                "thumb_480_h": 316,
                "thumb_160": "https:\/\/files.slack.com\/files-tmb\/T3NRU3N8L-F010EDNBTHQ-1850aaf62c\/image_160.png?t=xoxe-124878124292-7467719047090-7480385333457-4296bbd25a5710071a4df099b64b6f19",
                "image_exif_rotation": 1,
                "original_w": 651,
                "original_h": 428,
                "thumb_tiny": "AwAfADCFUj2jMJOcc\/5NKEiJx5JHbJ\/\/AF0qxPtHzr0H8NO8tz\/y0X8v\/r0gGmOIdIgxPpTTHGQP3Ddf896k8l\/76\/8AfNAik\/vr\/wB80AMbYOloCMdziojLFg4tQPfJqx5Un99f++aDFJtPzr0\/u0AIkpdgm3AUipf+Wg47GqiNtbdkZOO1P85s53dPaqsA6FyrMGLHJ6mpvMT+8Kq7vfrSiQg5z70WYFoMG+6QfpQx4x6g1WEpUYBNIZT\/AHqLMD\/\/2Q==",
                "permalink": "https:\/\/neohabitat.slack.com\/files\/U3N3P0V89\/F010EDNBTHQ\/image.png",
                "permalink_public": "https:\/\/slack-files.com\/T3NRU3N8L-F010EDNBTHQ-9d0e1e15d6",
                "is_starred": false,
                "has_rich_preview": false,
                "file_access": "visible"
            }
        ],
        "upload": true,
        "user": "U3N3P0V89",
        "display_as_bot": false,
        "type": "message",
        "ts": "1585184051.000200",
        "client_msg_id": "6ba9a827-58f9-47d6-bb85-9e06682271ef"
    },
    {
        "user": "U3N3P0V89",
        "type": "message",
        "ts": "1585184058.000700",
        "client_msg_id": "245a3ac2-4172-46b6-85e5-ae32943c2e05",
        "text": "were we always allowed to put items into a chair? Lol",
        "team": "T3NRU3N8L",
        "user_team": "T3NRU3N8L",
        "source_team": "T3NRU3N8L",
        "user_profile": {
            "avatar_hash": "6dcfc9e0d4c7",
            "image_72": "https:\/\/avatars.slack-edge.com\/2017-06-07\/195047001686_6dcfc9e0d4c71e750732_72.png",
            "first_name": "Stu",
            "real_name": "Stu",
            "display_name": "stu",
            "team": "T3NRU3N8L",
            "name": "stu",
            "is_restricted": false,
            "is_ultra_restricted": false
        },
        "blocks": [
            {
                "type": "rich_text",
                "block_id": "ZnrP",
                "elements": [
                    {
                        "type": "rich_text_section",
                        "elements": [
                            {
                                "type": "text",
                                "text": "were we always allowed to put items into a chair? Lol"
                            }
                        ]
                    }
                ]
            }
        ]
    },
    {
        "user": "U3NS4Q413",
        "type": "message",
        "ts": "1585188226.001100",
        "client_msg_id": "4d656f48-ee96-48cc-8be2-a458c604da10",
        "text": "Yes, that's what the code says, I'm pretty sure.",
        "team": "T3NRU3N8L",
        "user_team": "T3NRU3N8L",
        "source_team": "T3NRU3N8L",
        "user_profile": {
            "avatar_hash": "9a824257f5f9",
            "image_72": "https:\/\/avatars.slack-edge.com\/2017-06-19\/200099674645_9a824257f5f9fea53c25_72.png",
            "first_name": "Randy",
            "real_name": "Randy Farmer",
            "display_name": "randy",
            "team": "T3NRU3N8L",
            "name": "randy",
            "is_restricted": false,
            "is_ultra_restricted": false
        },
        "blocks": [
            {
                "type": "rich_text",
                "block_id": "px0xk",
                "elements": [
                    {
                        "type": "rich_text_section",
                        "elements": [
                            {
                                "type": "text",
                                "text": "Yes, that's what the code says, I'm pretty sure."
                            }
                        ]
                    }
                ]
            }
        ]
    },
    {
        "user": "U3NS4Q413",
        "type": "message",
        "ts": "1585188291.001900",
        "client_msg_id": "9981f7eb-ec7c-4530-9b5c-5342e8708fb0",
        "text": "It's a container first and foremost, and it has a special property to \"contain\" an avatar. But our implementation is a bit hacky.",
        "team": "T3NRU3N8L",
        "user_team": "T3NRU3N8L",
        "source_team": "T3NRU3N8L",
        "user_profile": {
            "avatar_hash": "9a824257f5f9",
            "image_72": "https:\/\/avatars.slack-edge.com\/2017-06-19\/200099674645_9a824257f5f9fea53c25_72.png",
            "first_name": "Randy",
            "real_name": "Randy Farmer",
            "display_name": "randy",
            "team": "T3NRU3N8L",
            "name": "randy",
            "is_restricted": false,
            "is_ultra_restricted": false
        },
        "blocks": [
            {
                "type": "rich_text",
                "block_id": "\/COg",
                "elements": [
                    {
                        "type": "rich_text_section",
                        "elements": [
                            {
                                "type": "text",
                                "text": "It's a container first and foremost, and it has a special property to \"contain\" an avatar. But our implementation is a bit hacky."
                            }
                        ]
                    }
                ]
            }
        ],
        "reactions": [
            {
                "name": "+1::skin-tone-3",
                "users": [
                    "U3N3P0V89"
                ],
                "count": 1
            }
        ]
    }
]