[
    {
        "subtype": "channel_join",
        "user": "U59DWCVV2",
        "text": "<@U59DWCVV2> has joined the channel",
        "type": "message",
        "ts": "1494001716.792766"
    },
    {
        "user": "U41BJADGU",
        "type": "message",
        "ts": "1494044303.291496",
        "text": "<http:\/\/www.ebay.com\/itm\/Commodore-64-Telnet-Wifi-Adapter-300-to-9600-Baud-BBS-Bulletin-Board-Systems\/122477787605>",
        "team": "T3NRU3N8L",
        "user_team": "T3NRU3N8L",
        "source_team": "T3NRU3N8L",
        "user_profile": {
            "avatar_hash": "f3bfb536f4e1",
            "image_72": "https:\/\/avatars.slack-edge.com\/2017-03-06\/151260998854_f3bfb536f4e1f6383a63_48.png",
            "first_name": "Ricky",
            "real_name": "Ricky Derocher",
            "display_name": "ricky_derocher",
            "team": "T3NRU3N8L",
            "name": "ricky_derocher",
            "is_restricted": false,
            "is_ultra_restricted": false
        },
        "attachments": [
            {
                "service_name": "eBay",
                "title": "Commodore 64 Telnet Wifi Adapter - 300 to 9600 Baud - BBS Bulletin Board Systems",
                "title_link": "http:\/\/www.ebay.com\/itm\/Commodore-64-Telnet-Wifi-Adapter-300-to-9600-Baud-BBS-Bulletin-Board-Systems\/122477787605",
                "text": "Supports baud rates of 300 up to 9600. Wifi network adapter to connect your Commodore 64 to online bulletin board systems. Connects to the user port on your Commodore 64. Works fine! Reset modem and board switches installed. | eBay!",
                "fallback": "eBay: Commodore 64 Telnet Wifi Adapter - 300 to 9600 Baud - BBS Bulletin Board Systems",
                "thumb_url": "http:\/\/i.ebayimg.com\/images\/i\/122477787605-0-1\/s-l1000.jpg",
                "from_url": "http:\/\/www.ebay.com\/itm\/Commodore-64-Telnet-Wifi-Adapter-300-to-9600-Baud-BBS-Bulletin-Board-Systems\/122477787605",
                "thumb_width": 900,
                "thumb_height": 803,
                "service_icon": "http:\/\/www.ebay.com\/favicon.ico",
                "id": 1
            }
        ],
        "blocks": [
            {
                "type": "rich_text",
                "block_id": "WBa0",
                "elements": [
                    {
                        "type": "rich_text_section",
                        "elements": [
                            {
                                "type": "link",
                                "url": "http:\/\/www.ebay.com\/itm\/Commodore-64-Telnet-Wifi-Adapter-300-to-9600-Baud-BBS-Bulletin-Board-Systems\/122477787605"
                            }
                        ]
                    }
                ]
            }
        ],
        "reactions": [
            {
                "name": "open_mouth",
                "users": [
                    "U40A3G4QM"
                ],
                "count": 1
            }
        ]
    }
]