[
    {
        "user": "U3NSHCBNH",
        "type": "message",
        "ts": "1485356944.000165",
        "text": "I think QCC was Quantum Community College staff... I think...",
        "team": "T3NRU3N8L",
        "user_team": "T3NRU3N8L",
        "source_team": "T3NRU3N8L",
        "user_profile": {
            "avatar_hash": "f99a50cbd973",
            "image_72": "https:\/\/avatars.slack-edge.com\/2017-02-02\/136493625749_f99a50cbd973bb658f83_72.jpg",
            "first_name": "Keith",
            "real_name": "Keith Elkin",
            "display_name": "kelkin",
            "team": "T3NRU3N8L",
            "name": "kelkin",
            "is_restricted": false,
            "is_ultra_restricted": false
        },
        "blocks": [
            {
                "type": "rich_text",
                "block_id": "jYC",
                "elements": [
                    {
                        "type": "rich_text_section",
                        "elements": [
                            {
                                "type": "text",
                                "text": "I think QCC was Quantum Community College staff... I think..."
                            }
                        ]
                    }
                ]
            }
        ]
    },
    {
        "user": "U3NSHCBNH",
        "type": "message",
        "ts": "1485356961.000166",
        "text": "I have a QLink history page, but it's in severe need of updating which I'm actually working on as we speak",
        "team": "T3NRU3N8L",
        "user_team": "T3NRU3N8L",
        "source_team": "T3NRU3N8L",
        "user_profile": {
            "avatar_hash": "f99a50cbd973",
            "image_72": "https:\/\/avatars.slack-edge.com\/2017-02-02\/136493625749_f99a50cbd973bb658f83_72.jpg",
            "first_name": "Keith",
            "real_name": "Keith Elkin",
            "display_name": "kelkin",
            "team": "T3NRU3N8L",
            "name": "kelkin",
            "is_restricted": false,
            "is_ultra_restricted": false
        },
        "blocks": [
            {
                "type": "rich_text",
                "block_id": "zky",
                "elements": [
                    {
                        "type": "rich_text_section",
                        "elements": [
                            {
                                "type": "text",
                                "text": "I have a QLink history page, but it's in severe need of updating which I'm actually working on as we speak"
                            }
                        ]
                    }
                ]
            }
        ],
        "reactions": [
            {
                "name": "+1::skin-tone-3",
                "users": [
                    "U3NS4Q413"
                ],
                "count": 1
            }
        ]
    },
    {
        "user": "U3U46C90X",
        "type": "message",
        "ts": "1485359228.000167",
        "text": "Ah Thankyou - I won't add those names to the list then",
        "team": "T3NRU3N8L",
        "user_team": "T3NRU3N8L",
        "source_team": "T3NRU3N8L",
        "user_profile": {
            "avatar_hash": "g0aaf027158d",
            "image_72": "https:\/\/secure.gravatar.com\/avatar\/e0aaf027158d4139cd01983f497f3849.jpg?s=72&d=https%3A%2F%2Fa.slack-edge.com%2Fdf10d%2Fimg%2Favatars%2Fava_0016-72.png",
            "first_name": "Matt",
            "real_name": "Matt Post",
            "display_name": "neoedo1819",
            "team": "T3NRU3N8L",
            "name": "neoedo1819",
            "is_restricted": false,
            "is_ultra_restricted": false
        },
        "blocks": [
            {
                "type": "rich_text",
                "block_id": "hQL",
                "elements": [
                    {
                        "type": "rich_text_section",
                        "elements": [
                            {
                                "type": "text",
                                "text": "Ah Thankyou - I won't add those names to the list then"
                            }
                        ]
                    }
                ]
            }
        ]
    },
    {
        "user": "U3N3P0V89",
        "type": "message",
        "ts": "1485387067.000168",
        "text": "QCC = Quantum Community College (<https:\/\/www.tinytickle.co.uk\/quantum-link\/docs\/Quantum-Link_Update_Newsletter_1998_Jun.pdf> - PAGE 6)\n\n<https:\/\/www.tinytickle.co.uk\/quantum-link\/docs\/Quantum-Link_Community_College_1988_Summer_Quarter.pdf>",
        "team": "T3NRU3N8L",
        "user_team": "T3NRU3N8L",
        "source_team": "T3NRU3N8L",
        "user_profile": {
            "avatar_hash": "6dcfc9e0d4c7",
            "image_72": "https:\/\/avatars.slack-edge.com\/2017-06-07\/195047001686_6dcfc9e0d4c71e750732_72.png",
            "first_name": "Stu",
            "real_name": "Stu",
            "display_name": "stu",
            "team": "T3NRU3N8L",
            "name": "stu",
            "is_restricted": false,
            "is_ultra_restricted": false
        },
        "blocks": [
            {
                "type": "rich_text",
                "block_id": "iRky3",
                "elements": [
                    {
                        "type": "rich_text_section",
                        "elements": [
                            {
                                "type": "text",
                                "text": "QCC = Quantum Community College ("
                            },
                            {
                                "type": "link",
                                "url": "https:\/\/www.tinytickle.co.uk\/quantum-link\/docs\/Quantum-Link_Update_Newsletter_1998_Jun.pdf"
                            },
                            {
                                "type": "text",
                                "text": " - PAGE 6)\n\n"
                            },
                            {
                                "type": "link",
                                "url": "https:\/\/www.tinytickle.co.uk\/quantum-link\/docs\/Quantum-Link_Community_College_1988_Summer_Quarter.pdf"
                            }
                        ]
                    }
                ]
            }
        ]
    }
]