[
    {
        "user": "U40UG2613",
        "type": "message",
        "ts": "1487104487.000438",
        "text": "oh I work in the office with mike, where we did that stranger things proof of concept. we were trying to sell them on a real C64 scumm-like where you switched between kids in the real world and the upside-down",
        "team": "T3NRU3N8L",
        "user_team": "T3NRU3N8L",
        "source_team": "T3NRU3N8L",
        "user_profile": {
            "avatar_hash": "ga4326e551f4",
            "image_72": "https:\/\/secure.gravatar.com\/avatar\/4a4326e551f4879d519a3acc473af6ff.jpg?s=72&d=https%3A%2F%2Fa.slack-edge.com%2Fdf10d%2Fimg%2Favatars%2Fava_0003-72.png",
            "first_name": "Frank",
            "real_name": "Frank Cifaldi",
            "display_name": "frankcifaldi",
            "team": "T3NRU3N8L",
            "name": "frankcifaldi",
            "is_restricted": false,
            "is_ultra_restricted": false
        },
        "blocks": [
            {
                "type": "rich_text",
                "block_id": "lJTzV",
                "elements": [
                    {
                        "type": "rich_text_section",
                        "elements": [
                            {
                                "type": "text",
                                "text": "oh I work in the office with mike, where we did that stranger things proof of concept. we were trying to sell them on a real C64 scumm-like where you switched between kids in the real world and the upside-down"
                            }
                        ]
                    }
                ]
            }
        ]
    },
    {
        "user": "U3NS4Q413",
        "type": "message",
        "ts": "1487104524.000439",
        "text": "Sweet!",
        "team": "T3NRU3N8L",
        "user_team": "T3NRU3N8L",
        "source_team": "T3NRU3N8L",
        "user_profile": {
            "avatar_hash": "9a824257f5f9",
            "image_72": "https:\/\/avatars.slack-edge.com\/2017-06-19\/200099674645_9a824257f5f9fea53c25_72.png",
            "first_name": "Randy",
            "real_name": "Randy Farmer",
            "display_name": "randy",
            "team": "T3NRU3N8L",
            "name": "randy",
            "is_restricted": false,
            "is_ultra_restricted": false
        },
        "blocks": [
            {
                "type": "rich_text",
                "block_id": "\/R47",
                "elements": [
                    {
                        "type": "rich_text_section",
                        "elements": [
                            {
                                "type": "text",
                                "text": "Sweet!"
                            }
                        ]
                    }
                ]
            }
        ]
    }
]