[
    {
        "subtype": "channel_join",
        "user": "U3NS4Q413",
        "text": "<@U3NS4Q413> has joined the channel",
        "type": "message",
        "ts": "1483920116.000002"
    },
    {
        "subtype": "channel_join",
        "user": "U3PE5JVRU",
        "text": "<@U3PE5JVRU> has joined the channel",
        "type": "message",
        "ts": "1483920558.000003"
    },
    {
        "subtype": "channel_join",
        "user": "U3N3P0V89",
        "text": "<@U3N3P0V89> has joined the channel",
        "type": "message",
        "ts": "1483921219.000004"
    },
    {
        "subtype": "channel_join",
        "user": "U3NPNTWQJ",
        "text": "<@U3NPNTWQJ> has joined the channel",
        "type": "message",
        "ts": "1483921841.000005"
    },
    {
        "subtype": "channel_join",
        "user": "U3N3TBZPT",
        "text": "<@U3N3TBZPT> has joined the channel",
        "type": "message",
        "ts": "1483923132.000006"
    },
    {
        "subtype": "channel_join",
        "user": "U3NS476S0",
        "text": "<@U3NS476S0> has joined the channel",
        "type": "message",
        "ts": "1483924417.000007"
    },
    {
        "subtype": "channel_join",
        "user": "U3NSHCBNH",
        "text": "<@U3NSHCBNH> has joined the channel",
        "type": "message",
        "ts": "1483925430.000008"
    },
    {
        "subtype": "channel_join",
        "user": "U3PF4PFD5",
        "text": "<@U3PF4PFD5> has joined the channel",
        "type": "message",
        "ts": "1483929361.000009"
    },
    {
        "subtype": "channel_join",
        "user": "U3PF5D3GF",
        "text": "<@U3PF5D3GF> has joined the channel",
        "type": "message",
        "ts": "1483929601.000010"
    },
    {
        "subtype": "channel_join",
        "user": "U3NSU366Q",
        "text": "<@U3NSU366Q> has joined the channel",
        "type": "message",
        "ts": "1483933472.000011"
    },
    {
        "subtype": "channel_join",
        "user": "U3NT6NQ13",
        "text": "<@U3NT6NQ13> has joined the channel",
        "type": "message",
        "ts": "1483934273.000012"
    }
]