[
    {
        "user": "U4A79TU2G",
        "type": "message",
        "ts": "1488897736.000591",
        "text": "LNN....dear gosh this is weird. XD",
        "team": "T3NRU3N8L",
        "user_team": "T3NRU3N8L",
        "source_team": "T3NRU3N8L",
        "user_profile": {
            "avatar_hash": "1f9da7b17d63",
            "image_72": "https:\/\/avatars.slack-edge.com\/2017-02-25\/145667879841_1f9da7b17d63a5a17c36_72.png",
            "first_name": "Marcus",
            "real_name": "Marcus Seyer",
            "display_name": "the_dhel",
            "team": "T3NRU3N8L",
            "name": "the_dhel",
            "is_restricted": false,
            "is_ultra_restricted": false
        },
        "blocks": [
            {
                "type": "rich_text",
                "block_id": "jXTj",
                "elements": [
                    {
                        "type": "rich_text_section",
                        "elements": [
                            {
                                "type": "text",
                                "text": "LNN....dear gosh this is weird. XD"
                            }
                        ]
                    }
                ]
            }
        ]
    },
    {
        "user": "U4A79TU2G",
        "type": "message",
        "ts": "1488897844.000592",
        "text": "Let's send this to all the people who were involved in it.",
        "team": "T3NRU3N8L",
        "user_team": "T3NRU3N8L",
        "source_team": "T3NRU3N8L",
        "user_profile": {
            "avatar_hash": "1f9da7b17d63",
            "image_72": "https:\/\/avatars.slack-edge.com\/2017-02-25\/145667879841_1f9da7b17d63a5a17c36_72.png",
            "first_name": "Marcus",
            "real_name": "Marcus Seyer",
            "display_name": "the_dhel",
            "team": "T3NRU3N8L",
            "name": "the_dhel",
            "is_restricted": false,
            "is_ultra_restricted": false
        },
        "blocks": [
            {
                "type": "rich_text",
                "block_id": "4xS38",
                "elements": [
                    {
                        "type": "rich_text_section",
                        "elements": [
                            {
                                "type": "text",
                                "text": "Let's send this to all the people who were involved in it."
                            }
                        ]
                    }
                ]
            }
        ]
    },
    {
        "user": "U4A79TU2G",
        "type": "message",
        "ts": "1488897898.000593",
        "edited": {
            "user": "U4A79TU2G",
            "ts": "1488897910.000000"
        },
        "text": "Sierra also had promo videos like this, but they were much better acted actually XD And kinda more funny than this, too",
        "team": "T3NRU3N8L",
        "user_team": "T3NRU3N8L",
        "source_team": "T3NRU3N8L",
        "user_profile": {
            "avatar_hash": "1f9da7b17d63",
            "image_72": "https:\/\/avatars.slack-edge.com\/2017-02-25\/145667879841_1f9da7b17d63a5a17c36_72.png",
            "first_name": "Marcus",
            "real_name": "Marcus Seyer",
            "display_name": "the_dhel",
            "team": "T3NRU3N8L",
            "name": "the_dhel",
            "is_restricted": false,
            "is_ultra_restricted": false
        },
        "blocks": [
            {
                "type": "rich_text",
                "block_id": "5sa",
                "elements": [
                    {
                        "type": "rich_text_section",
                        "elements": [
                            {
                                "type": "text",
                                "text": "Sierra also had promo videos like this, but they were much better acted actually XD And kinda more funny than this, too"
                            }
                        ]
                    }
                ]
            }
        ]
    },
    {
        "user": "U3NS4Q413",
        "type": "message",
        "ts": "1488903640.000595",
        "text": "This video was not meant for the public - this was part of the of a company meeting.",
        "team": "T3NRU3N8L",
        "user_team": "T3NRU3N8L",
        "source_team": "T3NRU3N8L",
        "user_profile": {
            "avatar_hash": "9a824257f5f9",
            "image_72": "https:\/\/avatars.slack-edge.com\/2017-06-19\/200099674645_9a824257f5f9fea53c25_72.png",
            "first_name": "Randy",
            "real_name": "Randy Farmer",
            "display_name": "randy",
            "team": "T3NRU3N8L",
            "name": "randy",
            "is_restricted": false,
            "is_ultra_restricted": false
        },
        "blocks": [
            {
                "type": "rich_text",
                "block_id": "FFuZ",
                "elements": [
                    {
                        "type": "rich_text_section",
                        "elements": [
                            {
                                "type": "text",
                                "text": "This video was not meant for the public - this was part of the of a company meeting."
                            }
                        ]
                    }
                ]
            }
        ]
    },
    {
        "user": "U3NS4Q413",
        "type": "message",
        "ts": "1488903678.000596",
        "text": "The fun is identifying the people. :slightly_smiling_face:",
        "team": "T3NRU3N8L",
        "user_team": "T3NRU3N8L",
        "source_team": "T3NRU3N8L",
        "user_profile": {
            "avatar_hash": "9a824257f5f9",
            "image_72": "https:\/\/avatars.slack-edge.com\/2017-06-19\/200099674645_9a824257f5f9fea53c25_72.png",
            "first_name": "Randy",
            "real_name": "Randy Farmer",
            "display_name": "randy",
            "team": "T3NRU3N8L",
            "name": "randy",
            "is_restricted": false,
            "is_ultra_restricted": false
        },
        "blocks": [
            {
                "type": "rich_text",
                "block_id": "6UiFA",
                "elements": [
                    {
                        "type": "rich_text_section",
                        "elements": [
                            {
                                "type": "text",
                                "text": "The fun is identifying the people. "
                            },
                            {
                                "type": "emoji",
                                "name": "slightly_smiling_face",
                                "unicode": "1f642"
                            }
                        ]
                    }
                ]
            }
        ]
    },
    {
        "user": "U3NS4Q413",
        "type": "message",
        "ts": "1488904121.000597",
        "text": "<https:\/\/www.youtube.com\/watch?v=UWI8f9QpnR8>",
        "team": "T3NRU3N8L",
        "user_team": "T3NRU3N8L",
        "source_team": "T3NRU3N8L",
        "user_profile": {
            "avatar_hash": "9a824257f5f9",
            "image_72": "https:\/\/avatars.slack-edge.com\/2017-06-19\/200099674645_9a824257f5f9fea53c25_72.png",
            "first_name": "Randy",
            "real_name": "Randy Farmer",
            "display_name": "randy",
            "team": "T3NRU3N8L",
            "name": "randy",
            "is_restricted": false,
            "is_ultra_restricted": false
        },
        "attachments": [
            {
                "service_name": "YouTube",
                "service_url": "https:\/\/www.youtube.com\/",
                "title": "Lucasfilm Games 1987 All Company Meeting",
                "title_link": "https:\/\/www.youtube.com\/watch?v=UWI8f9QpnR8",
                "author_name": "Electric Eggplant Videos",
                "author_link": "https:\/\/www.youtube.com\/user\/ElectricEggplant",
                "thumb_url": "https:\/\/i.ytimg.com\/vi\/UWI8f9QpnR8\/hqdefault.jpg",
                "thumb_width": 480,
                "thumb_height": 360,
                "fallback": "YouTube Video: Lucasfilm Games 1987 All Company Meeting",
                "video_html": "<iframe width=\"400\" height=\"300\" src=\"https:\/\/www.youtube.com\/embed\/UWI8f9QpnR8?feature=oembed&autoplay=1&iv_load_policy=3\" frameborder=\"0\" allowfullscreen><\/iframe>",
                "video_html_width": 400,
                "video_html_height": 300,
                "from_url": "https:\/\/www.youtube.com\/watch?v=UWI8f9QpnR8",
                "service_icon": "https:\/\/a.slack-edge.com\/2089\/img\/unfurl_icons\/youtube.png",
                "id": 1
            }
        ],
        "blocks": [
            {
                "type": "rich_text",
                "block_id": "Ujg",
                "elements": [
                    {
                        "type": "rich_text_section",
                        "elements": [
                            {
                                "type": "link",
                                "url": "https:\/\/www.youtube.com\/watch?v=UWI8f9QpnR8"
                            }
                        ]
                    }
                ]
            }
        ],
        "reactions": [
            {
                "name": "+1",
                "users": [
                    "U4FNRC3GE"
                ],
                "count": 1
            }
        ]
    },
    {
        "user": "U4A79TU2G",
        "type": "message",
        "ts": "1488905210.000599",
        "text": "Ahaaa okay :smile:",
        "team": "T3NRU3N8L",
        "user_team": "T3NRU3N8L",
        "source_team": "T3NRU3N8L",
        "user_profile": {
            "avatar_hash": "1f9da7b17d63",
            "image_72": "https:\/\/avatars.slack-edge.com\/2017-02-25\/145667879841_1f9da7b17d63a5a17c36_72.png",
            "first_name": "Marcus",
            "real_name": "Marcus Seyer",
            "display_name": "the_dhel",
            "team": "T3NRU3N8L",
            "name": "the_dhel",
            "is_restricted": false,
            "is_ultra_restricted": false
        },
        "blocks": [
            {
                "type": "rich_text",
                "block_id": "18Mx+",
                "elements": [
                    {
                        "type": "rich_text_section",
                        "elements": [
                            {
                                "type": "text",
                                "text": "Ahaaa okay "
                            },
                            {
                                "type": "emoji",
                                "name": "smile",
                                "unicode": "1f604"
                            }
                        ]
                    }
                ]
            }
        ]
    },
    {
        "user": "U4A79TU2G",
        "type": "message",
        "ts": "1488905888.000600",
        "text": "When they mention \"the life we dream of having\" in that company video, they mean Habitat, right?",
        "team": "T3NRU3N8L",
        "user_team": "T3NRU3N8L",
        "source_team": "T3NRU3N8L",
        "user_profile": {
            "avatar_hash": "1f9da7b17d63",
            "image_72": "https:\/\/avatars.slack-edge.com\/2017-02-25\/145667879841_1f9da7b17d63a5a17c36_72.png",
            "first_name": "Marcus",
            "real_name": "Marcus Seyer",
            "display_name": "the_dhel",
            "team": "T3NRU3N8L",
            "name": "the_dhel",
            "is_restricted": false,
            "is_ultra_restricted": false
        },
        "blocks": [
            {
                "type": "rich_text",
                "block_id": "gUYUg",
                "elements": [
                    {
                        "type": "rich_text_section",
                        "elements": [
                            {
                                "type": "text",
                                "text": "When they mention \"the life we dream of having\" in that company video, they mean Habitat, right?"
                            }
                        ]
                    }
                ]
            }
        ]
    },
    {
        "subtype": "channel_join",
        "user": "U4FNRC3GE",
        "text": "<@U4FNRC3GE> has joined the channel",
        "type": "message",
        "ts": "1488923123.000601"
    },
    {
        "subtype": "channel_join",
        "user": "U4ED2TB1N",
        "text": "<@U4ED2TB1N> has joined the channel",
        "type": "message",
        "ts": "1488930478.000603"
    },
    {
        "subtype": "channel_join",
        "user": "U4F4ZA57V",
        "text": "<@U4F4ZA57V> has joined the channel",
        "type": "message",
        "ts": "1488948788.000604"
    },
    {
        "user": "U41BJADGU",
        "type": "message",
        "ts": "1488949976.000605",
        "text": "Was the Habitat promotional video made at Lucasfilm? Or by Q-Link themselves?",
        "team": "T3NRU3N8L",
        "user_team": "T3NRU3N8L",
        "source_team": "T3NRU3N8L",
        "user_profile": {
            "avatar_hash": "f3bfb536f4e1",
            "image_72": "https:\/\/avatars.slack-edge.com\/2017-03-06\/151260998854_f3bfb536f4e1f6383a63_48.png",
            "first_name": "Ricky",
            "real_name": "Ricky Derocher",
            "display_name": "ricky_derocher",
            "team": "T3NRU3N8L",
            "name": "ricky_derocher",
            "is_restricted": false,
            "is_ultra_restricted": false
        },
        "blocks": [
            {
                "type": "rich_text",
                "block_id": "Nz5",
                "elements": [
                    {
                        "type": "rich_text_section",
                        "elements": [
                            {
                                "type": "text",
                                "text": "Was the Habitat promotional video made at Lucasfilm? Or by Q-Link themselves?"
                            }
                        ]
                    }
                ]
            }
        ]
    },
    {
        "user": "U41BJADGU",
        "type": "message",
        "ts": "1488950138.000606",
        "text": "<https:\/\/www.youtube.com\/watch?v=VVpulhO3jyc>",
        "team": "T3NRU3N8L",
        "user_team": "T3NRU3N8L",
        "source_team": "T3NRU3N8L",
        "user_profile": {
            "avatar_hash": "f3bfb536f4e1",
            "image_72": "https:\/\/avatars.slack-edge.com\/2017-03-06\/151260998854_f3bfb536f4e1f6383a63_48.png",
            "first_name": "Ricky",
            "real_name": "Ricky Derocher",
            "display_name": "ricky_derocher",
            "team": "T3NRU3N8L",
            "name": "ricky_derocher",
            "is_restricted": false,
            "is_ultra_restricted": false
        },
        "attachments": [
            {
                "service_name": "YouTube",
                "service_url": "https:\/\/www.youtube.com\/",
                "title": "Lucasfilm's Habitat Promotional Video",
                "title_link": "https:\/\/www.youtube.com\/watch?v=VVpulhO3jyc",
                "author_name": "F. Randall Farmer",
                "author_link": "https:\/\/www.youtube.com\/user\/FRandallFarmer",
                "thumb_url": "https:\/\/i.ytimg.com\/vi\/VVpulhO3jyc\/hqdefault.jpg",
                "thumb_width": 480,
                "thumb_height": 360,
                "fallback": "YouTube Video: Lucasfilm's Habitat Promotional Video",
                "video_html": "<iframe width=\"400\" height=\"300\" src=\"https:\/\/www.youtube.com\/embed\/VVpulhO3jyc?feature=oembed&autoplay=1&iv_load_policy=3\" frameborder=\"0\" allowfullscreen><\/iframe>",
                "video_html_width": 400,
                "video_html_height": 300,
                "from_url": "https:\/\/www.youtube.com\/watch?v=VVpulhO3jyc",
                "service_icon": "https:\/\/a.slack-edge.com\/2089\/img\/unfurl_icons\/youtube.png",
                "id": 1
            }
        ],
        "blocks": [
            {
                "type": "rich_text",
                "block_id": "YWmM",
                "elements": [
                    {
                        "type": "rich_text_section",
                        "elements": [
                            {
                                "type": "link",
                                "url": "https:\/\/www.youtube.com\/watch?v=VVpulhO3jyc"
                            }
                        ]
                    }
                ]
            }
        ]
    },
    {
        "user": "U3NS4Q413",
        "type": "message",
        "ts": "1488951069.000608",
        "text": "Lucasfilm Games - the production team was lead by Steve Arnold's wife.",
        "team": "T3NRU3N8L",
        "user_team": "T3NRU3N8L",
        "source_team": "T3NRU3N8L",
        "user_profile": {
            "avatar_hash": "9a824257f5f9",
            "image_72": "https:\/\/avatars.slack-edge.com\/2017-06-19\/200099674645_9a824257f5f9fea53c25_72.png",
            "first_name": "Randy",
            "real_name": "Randy Farmer",
            "display_name": "randy",
            "team": "T3NRU3N8L",
            "name": "randy",
            "is_restricted": false,
            "is_ultra_restricted": false
        },
        "blocks": [
            {
                "type": "rich_text",
                "block_id": "KDnv",
                "elements": [
                    {
                        "type": "rich_text_section",
                        "elements": [
                            {
                                "type": "text",
                                "text": "Lucasfilm Games - the production team was lead by Steve Arnold's wife."
                            }
                        ]
                    }
                ]
            }
        ]
    },
    {
        "user": "U41BJADGU",
        "type": "message",
        "ts": "1488951589.000609",
        "text": "Neat.",
        "team": "T3NRU3N8L",
        "user_team": "T3NRU3N8L",
        "source_team": "T3NRU3N8L",
        "user_profile": {
            "avatar_hash": "f3bfb536f4e1",
            "image_72": "https:\/\/avatars.slack-edge.com\/2017-03-06\/151260998854_f3bfb536f4e1f6383a63_48.png",
            "first_name": "Ricky",
            "real_name": "Ricky Derocher",
            "display_name": "ricky_derocher",
            "team": "T3NRU3N8L",
            "name": "ricky_derocher",
            "is_restricted": false,
            "is_ultra_restricted": false
        },
        "blocks": [
            {
                "type": "rich_text",
                "block_id": "LCQw",
                "elements": [
                    {
                        "type": "rich_text_section",
                        "elements": [
                            {
                                "type": "text",
                                "text": "Neat."
                            }
                        ]
                    }
                ]
            }
        ]
    },
    {
        "user": "U41BJADGU",
        "type": "message",
        "ts": "1488951615.000610",
        "text": "Any idea what the \"stock film footage\" at the beginning is from?",
        "team": "T3NRU3N8L",
        "user_team": "T3NRU3N8L",
        "source_team": "T3NRU3N8L",
        "user_profile": {
            "avatar_hash": "f3bfb536f4e1",
            "image_72": "https:\/\/avatars.slack-edge.com\/2017-03-06\/151260998854_f3bfb536f4e1f6383a63_48.png",
            "first_name": "Ricky",
            "real_name": "Ricky Derocher",
            "display_name": "ricky_derocher",
            "team": "T3NRU3N8L",
            "name": "ricky_derocher",
            "is_restricted": false,
            "is_ultra_restricted": false
        },
        "blocks": [
            {
                "type": "rich_text",
                "block_id": "sGbhX",
                "elements": [
                    {
                        "type": "rich_text_section",
                        "elements": [
                            {
                                "type": "text",
                                "text": "Any idea what the \"stock film footage\" at the beginning is from?"
                            }
                        ]
                    }
                ]
            }
        ]
    },
    {
        "user": "U3NS4Q413",
        "type": "message",
        "ts": "1488953927.000611",
        "text": "Nope.",
        "team": "T3NRU3N8L",
        "user_team": "T3NRU3N8L",
        "source_team": "T3NRU3N8L",
        "user_profile": {
            "avatar_hash": "9a824257f5f9",
            "image_72": "https:\/\/avatars.slack-edge.com\/2017-06-19\/200099674645_9a824257f5f9fea53c25_72.png",
            "first_name": "Randy",
            "real_name": "Randy Farmer",
            "display_name": "randy",
            "team": "T3NRU3N8L",
            "name": "randy",
            "is_restricted": false,
            "is_ultra_restricted": false
        },
        "blocks": [
            {
                "type": "rich_text",
                "block_id": "k7dlg",
                "elements": [
                    {
                        "type": "rich_text_section",
                        "elements": [
                            {
                                "type": "text",
                                "text": "Nope."
                            }
                        ]
                    }
                ]
            }
        ]
    }
]