[
    {
        "user": "U3PF5D3GF",
        "type": "message",
        "ts": "1485541809.000178",
        "text": "randy where do you play D&amp;D?",
        "team": "T3NRU3N8L",
        "user_team": "T3NRU3N8L",
        "source_team": "T3NRU3N8L",
        "user_profile": {
            "avatar_hash": "bf087bcc3759",
            "image_72": "https:\/\/avatars.slack-edge.com\/2017-01-09\/125150045459_bf087bcc375906f87bfd_72.jpg",
            "first_name": "Alex",
            "real_name": "Alex Handy",
            "display_name": "vonguard",
            "team": "T3NRU3N8L",
            "name": "vonguard",
            "is_restricted": false,
            "is_ultra_restricted": false
        },
        "blocks": [
            {
                "type": "rich_text",
                "block_id": "m==hg",
                "elements": [
                    {
                        "type": "rich_text_section",
                        "elements": [
                            {
                                "type": "text",
                                "text": "randy where do you play D&D?"
                            }
                        ]
                    }
                ]
            }
        ]
    },
    {
        "user": "U3PF5D3GF",
        "type": "message",
        "ts": "1485541817.000179",
        "text": "i’d love to come take over an npc for a day",
        "team": "T3NRU3N8L",
        "user_team": "T3NRU3N8L",
        "source_team": "T3NRU3N8L",
        "user_profile": {
            "avatar_hash": "bf087bcc3759",
            "image_72": "https:\/\/avatars.slack-edge.com\/2017-01-09\/125150045459_bf087bcc375906f87bfd_72.jpg",
            "first_name": "Alex",
            "real_name": "Alex Handy",
            "display_name": "vonguard",
            "team": "T3NRU3N8L",
            "name": "vonguard",
            "is_restricted": false,
            "is_ultra_restricted": false
        },
        "blocks": [
            {
                "type": "rich_text",
                "block_id": "T1fr\/",
                "elements": [
                    {
                        "type": "rich_text_section",
                        "elements": [
                            {
                                "type": "text",
                                "text": "i’d love to come take over an npc for a day"
                            }
                        ]
                    }
                ]
            }
        ]
    },
    {
        "user": "U3NS4Q413",
        "type": "message",
        "ts": "1485542022.000180",
        "text": "Oh Hell Yes!",
        "team": "T3NRU3N8L",
        "user_team": "T3NRU3N8L",
        "source_team": "T3NRU3N8L",
        "user_profile": {
            "avatar_hash": "9a824257f5f9",
            "image_72": "https:\/\/avatars.slack-edge.com\/2017-06-19\/200099674645_9a824257f5f9fea53c25_72.png",
            "first_name": "Randy",
            "real_name": "Randy Farmer",
            "display_name": "randy",
            "team": "T3NRU3N8L",
            "name": "randy",
            "is_restricted": false,
            "is_ultra_restricted": false
        },
        "blocks": [
            {
                "type": "rich_text",
                "block_id": "pzDd",
                "elements": [
                    {
                        "type": "rich_text_section",
                        "elements": [
                            {
                                "type": "text",
                                "text": "Oh Hell Yes!"
                            }
                        ]
                    }
                ]
            }
        ]
    },
    {
        "user": "U3NS4Q413",
        "type": "message",
        "ts": "1485542028.000181",
        "text": "<http:\/\/oldschooldm.com>",
        "team": "T3NRU3N8L",
        "user_team": "T3NRU3N8L",
        "source_team": "T3NRU3N8L",
        "user_profile": {
            "avatar_hash": "9a824257f5f9",
            "image_72": "https:\/\/avatars.slack-edge.com\/2017-06-19\/200099674645_9a824257f5f9fea53c25_72.png",
            "first_name": "Randy",
            "real_name": "Randy Farmer",
            "display_name": "randy",
            "team": "T3NRU3N8L",
            "name": "randy",
            "is_restricted": false,
            "is_ultra_restricted": false
        },
        "attachments": [
            {
                "title": "The Forsite Irregulars | Obsidian Portal",
                "title_link": "http:\/\/oldschooldm.com",
                "text": "\"[[File:539485 | class=media-item-align-none | 32x32px | Twitter_Icon.png]]\":<http:\/\/www.twittter.com\/oldschooldm> @oldschooldm feed \"[[File:539486 | class=medi",
                "fallback": "The Forsite Irregulars | Obsidian Portal",
                "from_url": "http:\/\/oldschooldm.com",
                "service_icon": "https:\/\/the-forsite-irregulars.obsidianportal.com\/favicon.ico",
                "service_name": "the-forsite-irregulars.obsidianportal.com",
                "id": 1
            }
        ],
        "blocks": [
            {
                "type": "rich_text",
                "block_id": "4vb",
                "elements": [
                    {
                        "type": "rich_text_section",
                        "elements": [
                            {
                                "type": "link",
                                "url": "http:\/\/oldschooldm.com"
                            }
                        ]
                    }
                ]
            }
        ]
    },
    {
        "user": "U3NS4Q413",
        "type": "message",
        "ts": "1485542061.000183",
        "text": "Some shots from my game:",
        "team": "T3NRU3N8L",
        "user_team": "T3NRU3N8L",
        "source_team": "T3NRU3N8L",
        "user_profile": {
            "avatar_hash": "9a824257f5f9",
            "image_72": "https:\/\/avatars.slack-edge.com\/2017-06-19\/200099674645_9a824257f5f9fea53c25_72.png",
            "first_name": "Randy",
            "real_name": "Randy Farmer",
            "display_name": "randy",
            "team": "T3NRU3N8L",
            "name": "randy",
            "is_restricted": false,
            "is_ultra_restricted": false
        },
        "blocks": [
            {
                "type": "rich_text",
                "block_id": "ZCE8",
                "elements": [
                    {
                        "type": "rich_text_section",
                        "elements": [
                            {
                                "type": "text",
                                "text": "Some shots from my game:"
                            }
                        ]
                    }
                ]
            }
        ]
    },
    {
        "user": "U3NS4Q413",
        "type": "message",
        "ts": "1485542066.000184",
        "text": "<http:\/\/farm3.staticflickr.com\/2837\/9730843038_96928a7b3a_z.jpg>",
        "team": "T3NRU3N8L",
        "user_team": "T3NRU3N8L",
        "source_team": "T3NRU3N8L",
        "user_profile": {
            "avatar_hash": "9a824257f5f9",
            "image_72": "https:\/\/avatars.slack-edge.com\/2017-06-19\/200099674645_9a824257f5f9fea53c25_72.png",
            "first_name": "Randy",
            "real_name": "Randy Farmer",
            "display_name": "randy",
            "team": "T3NRU3N8L",
            "name": "randy",
            "is_restricted": false,
            "is_ultra_restricted": false
        },
        "attachments": [
            {
                "fallback": "596x308px image",
                "image_url": "http:\/\/farm3.staticflickr.com\/2837\/9730843038_96928a7b3a_z.jpg",
                "image_width": 596,
                "image_height": 308,
                "image_bytes": 69391,
                "from_url": "http:\/\/farm3.staticflickr.com\/2837\/9730843038_96928a7b3a_z.jpg",
                "id": 1
            }
        ],
        "blocks": [
            {
                "type": "rich_text",
                "block_id": "kmh2",
                "elements": [
                    {
                        "type": "rich_text_section",
                        "elements": [
                            {
                                "type": "link",
                                "url": "http:\/\/farm3.staticflickr.com\/2837\/9730843038_96928a7b3a_z.jpg"
                            }
                        ]
                    }
                ]
            }
        ]
    },
    {
        "user": "U3NS4Q413",
        "type": "message",
        "ts": "1485542096.000186",
        "text": "<http:\/\/farm8.staticflickr.com\/7315\/9490382387_7b21623d84_z.jpg>",
        "team": "T3NRU3N8L",
        "user_team": "T3NRU3N8L",
        "source_team": "T3NRU3N8L",
        "user_profile": {
            "avatar_hash": "9a824257f5f9",
            "image_72": "https:\/\/avatars.slack-edge.com\/2017-06-19\/200099674645_9a824257f5f9fea53c25_72.png",
            "first_name": "Randy",
            "real_name": "Randy Farmer",
            "display_name": "randy",
            "team": "T3NRU3N8L",
            "name": "randy",
            "is_restricted": false,
            "is_ultra_restricted": false
        },
        "attachments": [
            {
                "fallback": "413x640px image",
                "image_url": "http:\/\/farm8.staticflickr.com\/7315\/9490382387_7b21623d84_z.jpg",
                "image_width": 413,
                "image_height": 640,
                "image_bytes": 137265,
                "from_url": "http:\/\/farm8.staticflickr.com\/7315\/9490382387_7b21623d84_z.jpg",
                "id": 1
            }
        ],
        "blocks": [
            {
                "type": "rich_text",
                "block_id": "Sge5q",
                "elements": [
                    {
                        "type": "rich_text_section",
                        "elements": [
                            {
                                "type": "link",
                                "url": "http:\/\/farm8.staticflickr.com\/7315\/9490382387_7b21623d84_z.jpg"
                            }
                        ]
                    }
                ]
            }
        ]
    },
    {
        "user": "U3NS4Q413",
        "type": "message",
        "ts": "1485542131.000188",
        "text": "Stop by on Wednesday Night at Games of Berkeley. We start at 6pm and wrap at 9pm.",
        "team": "T3NRU3N8L",
        "user_team": "T3NRU3N8L",
        "source_team": "T3NRU3N8L",
        "user_profile": {
            "avatar_hash": "9a824257f5f9",
            "image_72": "https:\/\/avatars.slack-edge.com\/2017-06-19\/200099674645_9a824257f5f9fea53c25_72.png",
            "first_name": "Randy",
            "real_name": "Randy Farmer",
            "display_name": "randy",
            "team": "T3NRU3N8L",
            "name": "randy",
            "is_restricted": false,
            "is_ultra_restricted": false
        },
        "blocks": [
            {
                "type": "rich_text",
                "block_id": "x34ag",
                "elements": [
                    {
                        "type": "rich_text_section",
                        "elements": [
                            {
                                "type": "text",
                                "text": "Stop by on Wednesday Night at Games of Berkeley. We start at 6pm and wrap at 9pm."
                            }
                        ]
                    }
                ]
            }
        ]
    },
    {
        "user": "U3NS4Q413",
        "type": "message",
        "ts": "1485542167.000189",
        "text": "We're doing the Aquisition's Incorporated \"Cloud Giant's Bargain\" adventure right now. Everything is HUGE!",
        "team": "T3NRU3N8L",
        "user_team": "T3NRU3N8L",
        "source_team": "T3NRU3N8L",
        "user_profile": {
            "avatar_hash": "9a824257f5f9",
            "image_72": "https:\/\/avatars.slack-edge.com\/2017-06-19\/200099674645_9a824257f5f9fea53c25_72.png",
            "first_name": "Randy",
            "real_name": "Randy Farmer",
            "display_name": "randy",
            "team": "T3NRU3N8L",
            "name": "randy",
            "is_restricted": false,
            "is_ultra_restricted": false
        },
        "blocks": [
            {
                "type": "rich_text",
                "block_id": "4MRW",
                "elements": [
                    {
                        "type": "rich_text_section",
                        "elements": [
                            {
                                "type": "text",
                                "text": "We're doing the Aquisition's Incorporated \"Cloud Giant's Bargain\" adventure right now. Everything is HUGE!"
                            }
                        ]
                    }
                ]
            }
        ]
    },
    {
        "user": "U3NS4Q413",
        "type": "message",
        "ts": "1485542223.000190",
        "text": "<http:\/\/the-forsite-irregulars.obsidianportal.com\/adventure-log\/cloud-giants-bargain>",
        "team": "T3NRU3N8L",
        "user_team": "T3NRU3N8L",
        "source_team": "T3NRU3N8L",
        "user_profile": {
            "avatar_hash": "9a824257f5f9",
            "image_72": "https:\/\/avatars.slack-edge.com\/2017-06-19\/200099674645_9a824257f5f9fea53c25_72.png",
            "first_name": "Randy",
            "real_name": "Randy Farmer",
            "display_name": "randy",
            "team": "T3NRU3N8L",
            "name": "randy",
            "is_restricted": false,
            "is_ultra_restricted": false
        },
        "blocks": [
            {
                "type": "rich_text",
                "block_id": "fYS8M",
                "elements": [
                    {
                        "type": "rich_text_section",
                        "elements": [
                            {
                                "type": "link",
                                "url": "http:\/\/the-forsite-irregulars.obsidianportal.com\/adventure-log\/cloud-giants-bargain"
                            }
                        ]
                    }
                ]
            }
        ]
    },
    {
        "user": "U3NS4Q413",
        "type": "message",
        "ts": "1485542255.000191",
        "text": "<https:\/\/c3.staticflickr.com\/1\/517\/30671192794_e12f945646_z.jpg>",
        "team": "T3NRU3N8L",
        "user_team": "T3NRU3N8L",
        "source_team": "T3NRU3N8L",
        "user_profile": {
            "avatar_hash": "9a824257f5f9",
            "image_72": "https:\/\/avatars.slack-edge.com\/2017-06-19\/200099674645_9a824257f5f9fea53c25_72.png",
            "first_name": "Randy",
            "real_name": "Randy Farmer",
            "display_name": "randy",
            "team": "T3NRU3N8L",
            "name": "randy",
            "is_restricted": false,
            "is_ultra_restricted": false
        },
        "attachments": [
            {
                "fallback": "640x640px image",
                "image_url": "https:\/\/c3.staticflickr.com\/1\/517\/30671192794_e12f945646_z.jpg",
                "image_width": 640,
                "image_height": 640,
                "image_bytes": 368310,
                "from_url": "https:\/\/c3.staticflickr.com\/1\/517\/30671192794_e12f945646_z.jpg",
                "id": 1
            }
        ],
        "blocks": [
            {
                "type": "rich_text",
                "block_id": "TlH\/",
                "elements": [
                    {
                        "type": "rich_text_section",
                        "elements": [
                            {
                                "type": "link",
                                "url": "https:\/\/c3.staticflickr.com\/1\/517\/30671192794_e12f945646_z.jpg"
                            }
                        ]
                    }
                ]
            }
        ]
    },
    {
        "user": "U3PF5D3GF",
        "type": "message",
        "ts": "1485544092.000193",
        "text": "lol wednesday is our meeting night at the MADE sadly",
        "team": "T3NRU3N8L",
        "user_team": "T3NRU3N8L",
        "source_team": "T3NRU3N8L",
        "user_profile": {
            "avatar_hash": "bf087bcc3759",
            "image_72": "https:\/\/avatars.slack-edge.com\/2017-01-09\/125150045459_bf087bcc375906f87bfd_72.jpg",
            "first_name": "Alex",
            "real_name": "Alex Handy",
            "display_name": "vonguard",
            "team": "T3NRU3N8L",
            "name": "vonguard",
            "is_restricted": false,
            "is_ultra_restricted": false
        },
        "blocks": [
            {
                "type": "rich_text",
                "block_id": "dE8",
                "elements": [
                    {
                        "type": "rich_text_section",
                        "elements": [
                            {
                                "type": "text",
                                "text": "lol wednesday is our meeting night at the MADE sadly"
                            }
                        ]
                    }
                ]
            }
        ]
    },
    {
        "user": "U3PF5D3GF",
        "type": "message",
        "ts": "1485544096.000194",
        "text": "i’ll swing through some time though",
        "team": "T3NRU3N8L",
        "user_team": "T3NRU3N8L",
        "source_team": "T3NRU3N8L",
        "user_profile": {
            "avatar_hash": "bf087bcc3759",
            "image_72": "https:\/\/avatars.slack-edge.com\/2017-01-09\/125150045459_bf087bcc375906f87bfd_72.jpg",
            "first_name": "Alex",
            "real_name": "Alex Handy",
            "display_name": "vonguard",
            "team": "T3NRU3N8L",
            "name": "vonguard",
            "is_restricted": false,
            "is_ultra_restricted": false
        },
        "blocks": [
            {
                "type": "rich_text",
                "block_id": "JXB1",
                "elements": [
                    {
                        "type": "rich_text_section",
                        "elements": [
                            {
                                "type": "text",
                                "text": "i’ll swing through some time though"
                            }
                        ]
                    }
                ]
            }
        ]
    },
    {
        "user": "U3NS4Q413",
        "type": "message",
        "ts": "1485544108.000195",
        "text": "Happens. :stuck_out_tongue:",
        "team": "T3NRU3N8L",
        "user_team": "T3NRU3N8L",
        "source_team": "T3NRU3N8L",
        "user_profile": {
            "avatar_hash": "9a824257f5f9",
            "image_72": "https:\/\/avatars.slack-edge.com\/2017-06-19\/200099674645_9a824257f5f9fea53c25_72.png",
            "first_name": "Randy",
            "real_name": "Randy Farmer",
            "display_name": "randy",
            "team": "T3NRU3N8L",
            "name": "randy",
            "is_restricted": false,
            "is_ultra_restricted": false
        },
        "blocks": [
            {
                "type": "rich_text",
                "block_id": "N6ov",
                "elements": [
                    {
                        "type": "rich_text_section",
                        "elements": [
                            {
                                "type": "text",
                                "text": "Happens. "
                            },
                            {
                                "type": "emoji",
                                "name": "stuck_out_tongue",
                                "unicode": "1f61b"
                            }
                        ]
                    }
                ]
            }
        ]
    },
    {
        "user": "U3NS4Q413",
        "type": "message",
        "ts": "1485544129.000196",
        "text": "I'll let you know if I ever run a game off schedule.",
        "team": "T3NRU3N8L",
        "user_team": "T3NRU3N8L",
        "source_team": "T3NRU3N8L",
        "user_profile": {
            "avatar_hash": "9a824257f5f9",
            "image_72": "https:\/\/avatars.slack-edge.com\/2017-06-19\/200099674645_9a824257f5f9fea53c25_72.png",
            "first_name": "Randy",
            "real_name": "Randy Farmer",
            "display_name": "randy",
            "team": "T3NRU3N8L",
            "name": "randy",
            "is_restricted": false,
            "is_ultra_restricted": false
        },
        "blocks": [
            {
                "type": "rich_text",
                "block_id": "XND",
                "elements": [
                    {
                        "type": "rich_text_section",
                        "elements": [
                            {
                                "type": "text",
                                "text": "I'll let you know if I ever run a game off schedule."
                            }
                        ]
                    }
                ]
            }
        ]
    },
    {
        "user": "U3PF5D3GF",
        "type": "message",
        "ts": "1485544237.000197",
        "text": "great!",
        "team": "T3NRU3N8L",
        "user_team": "T3NRU3N8L",
        "source_team": "T3NRU3N8L",
        "user_profile": {
            "avatar_hash": "bf087bcc3759",
            "image_72": "https:\/\/avatars.slack-edge.com\/2017-01-09\/125150045459_bf087bcc375906f87bfd_72.jpg",
            "first_name": "Alex",
            "real_name": "Alex Handy",
            "display_name": "vonguard",
            "team": "T3NRU3N8L",
            "name": "vonguard",
            "is_restricted": false,
            "is_ultra_restricted": false
        },
        "blocks": [
            {
                "type": "rich_text",
                "block_id": "zqmnQ",
                "elements": [
                    {
                        "type": "rich_text_section",
                        "elements": [
                            {
                                "type": "text",
                                "text": "great!"
                            }
                        ]
                    }
                ]
            }
        ]
    }
]