[
    {
        "user": "U4A79TU2G",
        "type": "message",
        "ts": "1489684575.520203",
        "text": "hehe sadly not, sorry :slightly_smiling_face:",
        "team": "T3NRU3N8L",
        "user_team": "T3NRU3N8L",
        "source_team": "T3NRU3N8L",
        "user_profile": {
            "avatar_hash": "1f9da7b17d63",
            "image_72": "https:\/\/avatars.slack-edge.com\/2017-02-25\/145667879841_1f9da7b17d63a5a17c36_72.png",
            "first_name": "Marcus",
            "real_name": "Marcus Seyer",
            "display_name": "the_dhel",
            "team": "T3NRU3N8L",
            "name": "the_dhel",
            "is_restricted": false,
            "is_ultra_restricted": false
        },
        "blocks": [
            {
                "type": "rich_text",
                "block_id": "chDY1",
                "elements": [
                    {
                        "type": "rich_text_section",
                        "elements": [
                            {
                                "type": "text",
                                "text": "hehe sadly not, sorry "
                            },
                            {
                                "type": "emoji",
                                "name": "slightly_smiling_face",
                                "unicode": "1f642"
                            }
                        ]
                    }
                ]
            }
        ]
    },
    {
        "user": "U4A79TU2G",
        "type": "message",
        "ts": "1489684583.523880",
        "text": "But i hope you get things repaired soon!",
        "team": "T3NRU3N8L",
        "user_team": "T3NRU3N8L",
        "source_team": "T3NRU3N8L",
        "user_profile": {
            "avatar_hash": "1f9da7b17d63",
            "image_72": "https:\/\/avatars.slack-edge.com\/2017-02-25\/145667879841_1f9da7b17d63a5a17c36_72.png",
            "first_name": "Marcus",
            "real_name": "Marcus Seyer",
            "display_name": "the_dhel",
            "team": "T3NRU3N8L",
            "name": "the_dhel",
            "is_restricted": false,
            "is_ultra_restricted": false
        },
        "blocks": [
            {
                "type": "rich_text",
                "block_id": "\/i0o",
                "elements": [
                    {
                        "type": "rich_text_section",
                        "elements": [
                            {
                                "type": "text",
                                "text": "But i hope you get things repaired soon!"
                            }
                        ]
                    }
                ]
            }
        ]
    }
]