[
    {
        "user": "U40A3G4QM",
        "type": "message",
        "ts": "1510695737.000319",
        "text": "<https:\/\/www.fastcompany.com\/40495831\/compuserves-forums-which-still-exist-are-finally-shutting-down>",
        "team": "T3NRU3N8L",
        "user_team": "T3NRU3N8L",
        "source_team": "T3NRU3N8L",
        "user_profile": {
            "avatar_hash": "g21c91d033ec",
            "image_72": "https:\/\/secure.gravatar.com\/avatar\/a21c91d033ec956f06feb12bdbb6a5a1.jpg?s=72&d=https%3A%2F%2Fa.slack-edge.com%2Fdf10d%2Fimg%2Favatars%2Fava_0008-72.png",
            "first_name": "David",
            "real_name": "David McIntyre",
            "display_name": "davidm",
            "team": "T3NRU3N8L",
            "name": "davidm",
            "is_restricted": false,
            "is_ultra_restricted": false
        },
        "attachments": [
            {
                "service_name": "Fast Company",
                "title": "CompuServe’s forums, which still exist, are finally shutting down",
                "title_link": "https:\/\/www.fastcompany.com\/40495831\/compuserves-forums-which-still-exist-are-finally-shutting-down",
                "text": "Before there was a World Wide Web, a sizable chunk of all meaningful conversation between computer users happened in the forums at CompuServe, which was the dominant online service until AOL came along. There was a CompuServe forum for everything from PC hardware to comic books, the signal-to-noise ratio was generally high, and if you … <https:\/\/www.fastcompany.com\/40495831\/compuserves-forums-which-still-exist-are-finally-shutting-down|Continue reading “CompuServe’s forums, which still exist, are finally shutting down”>",
                "fallback": "Fast Company: CompuServe’s forums, which still exist, are finally shutting down",
                "image_url": "https:\/\/images.fastcompany.net\/image\/upload\/w_1280,f_auto,q_auto,fl_lossy\/wp-cms\/uploads\/2017\/11\/p-1-compuserves-forums-which-still-exist-are-finally-shutting-down.jpg",
                "image_width": 444,
                "image_height": 250,
                "ts": 1510653001,
                "from_url": "https:\/\/www.fastcompany.com\/40495831\/compuserves-forums-which-still-exist-are-finally-shutting-down",
                "image_bytes": 38585,
                "service_icon": "https:\/\/www.fastcompany.com\/apple-touch-icon.png?v=2",
                "id": 1
            }
        ],
        "blocks": [
            {
                "type": "rich_text",
                "block_id": "Xo7nN",
                "elements": [
                    {
                        "type": "rich_text_section",
                        "elements": [
                            {
                                "type": "link",
                                "url": "https:\/\/www.fastcompany.com\/40495831\/compuserves-forums-which-still-exist-are-finally-shutting-down"
                            }
                        ]
                    }
                ]
            }
        ]
    },
    {
        "user": "U3N3P0V89",
        "type": "message",
        "ts": "1510695861.000139",
        "text": "i wish someone were able to back up the old WinCIM discussion boards",
        "team": "T3NRU3N8L",
        "user_team": "T3NRU3N8L",
        "source_team": "T3NRU3N8L",
        "user_profile": {
            "avatar_hash": "6dcfc9e0d4c7",
            "image_72": "https:\/\/avatars.slack-edge.com\/2017-06-07\/195047001686_6dcfc9e0d4c71e750732_72.png",
            "first_name": "Stu",
            "real_name": "Stu",
            "display_name": "stu",
            "team": "T3NRU3N8L",
            "name": "stu",
            "is_restricted": false,
            "is_ultra_restricted": false
        },
        "blocks": [
            {
                "type": "rich_text",
                "block_id": "PCGe",
                "elements": [
                    {
                        "type": "rich_text_section",
                        "elements": [
                            {
                                "type": "text",
                                "text": "i wish someone were able to back up the old WinCIM discussion boards"
                            }
                        ]
                    }
                ]
            }
        ]
    },
    {
        "user": "U3PF5D3GF",
        "type": "message",
        "ts": "1510723589.000062",
        "text": "i would bet #archiveteam on efnet has thought of it",
        "team": "T3NRU3N8L",
        "user_team": "T3NRU3N8L",
        "source_team": "T3NRU3N8L",
        "user_profile": {
            "avatar_hash": "bf087bcc3759",
            "image_72": "https:\/\/avatars.slack-edge.com\/2017-01-09\/125150045459_bf087bcc375906f87bfd_72.jpg",
            "first_name": "Alex",
            "real_name": "Alex Handy",
            "display_name": "vonguard",
            "team": "T3NRU3N8L",
            "name": "vonguard",
            "is_restricted": false,
            "is_ultra_restricted": false
        },
        "blocks": [
            {
                "type": "rich_text",
                "block_id": "xyV",
                "elements": [
                    {
                        "type": "rich_text_section",
                        "elements": [
                            {
                                "type": "text",
                                "text": "i would bet #archiveteam on efnet has thought of it"
                            }
                        ]
                    }
                ]
            }
        ]
    },
    {
        "user": "U3PF5D3GF",
        "type": "message",
        "ts": "1510723597.000009",
        "text": "and is working on compuserve's forums",
        "team": "T3NRU3N8L",
        "user_team": "T3NRU3N8L",
        "source_team": "T3NRU3N8L",
        "user_profile": {
            "avatar_hash": "bf087bcc3759",
            "image_72": "https:\/\/avatars.slack-edge.com\/2017-01-09\/125150045459_bf087bcc375906f87bfd_72.jpg",
            "first_name": "Alex",
            "real_name": "Alex Handy",
            "display_name": "vonguard",
            "team": "T3NRU3N8L",
            "name": "vonguard",
            "is_restricted": false,
            "is_ultra_restricted": false
        },
        "blocks": [
            {
                "type": "rich_text",
                "block_id": "VMR",
                "elements": [
                    {
                        "type": "rich_text_section",
                        "elements": [
                            {
                                "type": "text",
                                "text": "and is working on compuserve's forums"
                            }
                        ]
                    }
                ]
            }
        ]
    }
]