[
    {
        "text": "<@U3N3P0V89|stu> uploaded a file: <https:\/\/neohabitat.slack.com\/files\/stu\/F6QJVL1A5\/fjhabitatlucasfilm.png|fjhabitatlucasfilm.png>",
        "files": [
            {
                "id": "F6QJVL1A5",
                "created": 1503274629,
                "timestamp": 1503274629,
                "name": "fjhabitatlucasfilm.png",
                "title": "fjhabitatlucasfilm.png",
                "mimetype": "image\/png",
                "filetype": "png",
                "pretty_type": "PNG",
                "user": "U3N3P0V89",
                "user_team": "T3NRU3N8L",
                "editable": false,
                "size": 1330025,
                "mode": "hosted",
                "is_external": false,
                "external_type": "",
                "is_public": true,
                "public_url_shared": false,
                "display_as_bot": false,
                "username": "",
                "url_private": "https:\/\/files.slack.com\/files-pri\/T3NRU3N8L-F6QJVL1A5\/fjhabitatlucasfilm.png?t=xoxe-124878124292-7467719047090-7480385333457-4296bbd25a5710071a4df099b64b6f19",
                "url_private_download": "https:\/\/files.slack.com\/files-pri\/T3NRU3N8L-F6QJVL1A5\/download\/fjhabitatlucasfilm.png?t=xoxe-124878124292-7467719047090-7480385333457-4296bbd25a5710071a4df099b64b6f19",
                "media_display_type": "unknown",
                "thumb_64": "https:\/\/files.slack.com\/files-tmb\/T3NRU3N8L-F6QJVL1A5-8bf485eccc\/fjhabitatlucasfilm_64.png?t=xoxe-124878124292-7467719047090-7480385333457-4296bbd25a5710071a4df099b64b6f19",
                "thumb_80": "https:\/\/files.slack.com\/files-tmb\/T3NRU3N8L-F6QJVL1A5-8bf485eccc\/fjhabitatlucasfilm_80.png?t=xoxe-124878124292-7467719047090-7480385333457-4296bbd25a5710071a4df099b64b6f19",
                "thumb_360": "https:\/\/files.slack.com\/files-tmb\/T3NRU3N8L-F6QJVL1A5-8bf485eccc\/fjhabitatlucasfilm_360.png?t=xoxe-124878124292-7467719047090-7480385333457-4296bbd25a5710071a4df099b64b6f19",
                "thumb_360_w": 360,
                "thumb_360_h": 285,
                "thumb_480": "https:\/\/files.slack.com\/files-tmb\/T3NRU3N8L-F6QJVL1A5-8bf485eccc\/fjhabitatlucasfilm_480.png?t=xoxe-124878124292-7467719047090-7480385333457-4296bbd25a5710071a4df099b64b6f19",
                "thumb_480_w": 480,
                "thumb_480_h": 380,
                "thumb_160": "https:\/\/files.slack.com\/files-tmb\/T3NRU3N8L-F6QJVL1A5-8bf485eccc\/fjhabitatlucasfilm_160.png?t=xoxe-124878124292-7467719047090-7480385333457-4296bbd25a5710071a4df099b64b6f19",
                "thumb_720": "https:\/\/files.slack.com\/files-tmb\/T3NRU3N8L-F6QJVL1A5-8bf485eccc\/fjhabitatlucasfilm_720.png?t=xoxe-124878124292-7467719047090-7480385333457-4296bbd25a5710071a4df099b64b6f19",
                "thumb_720_w": 720,
                "thumb_720_h": 570,
                "thumb_800": "https:\/\/files.slack.com\/files-tmb\/T3NRU3N8L-F6QJVL1A5-8bf485eccc\/fjhabitatlucasfilm_800.png?t=xoxe-124878124292-7467719047090-7480385333457-4296bbd25a5710071a4df099b64b6f19",
                "thumb_800_w": 800,
                "thumb_800_h": 634,
                "thumb_960": "https:\/\/files.slack.com\/files-tmb\/T3NRU3N8L-F6QJVL1A5-8bf485eccc\/fjhabitatlucasfilm_960.png?t=xoxe-124878124292-7467719047090-7480385333457-4296bbd25a5710071a4df099b64b6f19",
                "thumb_960_w": 960,
                "thumb_960_h": 760,
                "image_exif_rotation": 1,
                "original_w": 1014,
                "original_h": 803,
                "permalink": "https:\/\/neohabitat.slack.com\/files\/U3N3P0V89\/F6QJVL1A5\/fjhabitatlucasfilm.png",
                "permalink_public": "https:\/\/slack-files.com\/T3NRU3N8L-F6QJVL1A5-e686ceecc6",
                "is_starred": false,
                "has_rich_preview": false,
                "file_access": "visible"
            }
        ],
        "upload": true,
        "user": "U3N3P0V89",
        "display_as_bot": false,
        "blocks": [
            {
                "type": "rich_text",
                "block_id": "tqXw+",
                "elements": [
                    {
                        "type": "rich_text_section",
                        "elements": [
                            {
                                "type": "user",
                                "user_id": "U3N3P0V89"
                            },
                            {
                                "type": "text",
                                "text": " uploaded a file: "
                            },
                            {
                                "type": "link",
                                "url": "https:\/\/neohabitat.slack.com\/files\/stu\/F6QJVL1A5\/fjhabitatlucasfilm.png",
                                "text": "fjhabitatlucasfilm.png",
                                "unsafe": true
                            }
                        ]
                    }
                ]
            }
        ],
        "type": "message",
        "ts": "1503274633.000050"
    },
    {
        "user": "U3N3P0V89",
        "type": "message",
        "ts": "1503274645.000068",
        "edited": {
            "user": "U3N3P0V89",
            "ts": "1503275307.000000"
        },
        "text": "found this whilst digging earlier for things from fujitsu habitat, thought it was cool seeing the lucasfilm logo in there. never seen that before (ingame that is)",
        "team": "T3NRU3N8L",
        "user_team": "T3NRU3N8L",
        "source_team": "T3NRU3N8L",
        "user_profile": {
            "avatar_hash": "6dcfc9e0d4c7",
            "image_72": "https:\/\/avatars.slack-edge.com\/2017-06-07\/195047001686_6dcfc9e0d4c71e750732_72.png",
            "first_name": "Stu",
            "real_name": "Stu",
            "display_name": "stu",
            "team": "T3NRU3N8L",
            "name": "stu",
            "is_restricted": false,
            "is_ultra_restricted": false
        },
        "blocks": [
            {
                "type": "rich_text",
                "block_id": "i984",
                "elements": [
                    {
                        "type": "rich_text_section",
                        "elements": [
                            {
                                "type": "text",
                                "text": "found this whilst digging earlier for things from fujitsu habitat, thought it was cool seeing the lucasfilm logo in there. never seen that before (ingame that is)"
                            }
                        ]
                    }
                ]
            }
        ]
    },
    {
        "user": "U3PF5D3GF",
        "type": "message",
        "ts": "1503277738.000113",
        "text": "wow!",
        "team": "T3NRU3N8L",
        "user_team": "T3NRU3N8L",
        "source_team": "T3NRU3N8L",
        "user_profile": {
            "avatar_hash": "bf087bcc3759",
            "image_72": "https:\/\/avatars.slack-edge.com\/2017-01-09\/125150045459_bf087bcc375906f87bfd_72.jpg",
            "first_name": "Alex",
            "real_name": "Alex Handy",
            "display_name": "vonguard",
            "team": "T3NRU3N8L",
            "name": "vonguard",
            "is_restricted": false,
            "is_ultra_restricted": false
        },
        "blocks": [
            {
                "type": "rich_text",
                "block_id": "dU+",
                "elements": [
                    {
                        "type": "rich_text_section",
                        "elements": [
                            {
                                "type": "text",
                                "text": "wow!"
                            }
                        ]
                    }
                ]
            }
        ]
    }
]