[
    {
        "subtype": "channel_join",
        "user": "U5P7F33N3",
        "text": "<@U5P7F33N3> has joined the channel",
        "type": "message",
        "ts": "1496589242.680474"
    },
    {
        "subtype": "channel_join",
        "user": "U5P7PQLLF",
        "text": "<@U5P7PQLLF> has joined the channel",
        "type": "message",
        "ts": "1496593286.927036"
    },
    {
        "subtype": "channel_join",
        "user": "U5NGFPJN9",
        "text": "<@U5NGFPJN9> has joined the channel",
        "type": "message",
        "ts": "1496605689.647528"
    },
    {
        "subtype": "channel_join",
        "user": "U5NK470R3",
        "text": "<@U5NK470R3> has joined the channel",
        "type": "message",
        "ts": "1496641304.130920"
    }
]