[
    {
        "subtype": "channel_join",
        "user": "U847WKKQC",
        "text": "<@U847WKKQC> has joined the channel",
        "type": "message",
        "ts": "1511353375.000408"
    },
    {
        "user": "U3NS4Q413",
        "type": "message",
        "ts": "1511397105.000015",
        "text": "Welcome <@U847WKKQC>",
        "team": "T3NRU3N8L",
        "user_team": "T3NRU3N8L",
        "source_team": "T3NRU3N8L",
        "user_profile": {
            "avatar_hash": "9a824257f5f9",
            "image_72": "https:\/\/avatars.slack-edge.com\/2017-06-19\/200099674645_9a824257f5f9fea53c25_72.png",
            "first_name": "Randy",
            "real_name": "Randy Farmer",
            "display_name": "randy",
            "team": "T3NRU3N8L",
            "name": "randy",
            "is_restricted": false,
            "is_ultra_restricted": false
        },
        "blocks": [
            {
                "type": "rich_text",
                "block_id": "R0M",
                "elements": [
                    {
                        "type": "rich_text_section",
                        "elements": [
                            {
                                "type": "text",
                                "text": "Welcome "
                            },
                            {
                                "type": "user",
                                "user_id": "U847WKKQC"
                            }
                        ]
                    }
                ]
            }
        ]
    },
    {
        "user": "U3N3TBZPT",
        "type": "message",
        "ts": "1511422071.000072",
        "text": "<https:\/\/twitter.com\/IosrscIub\/status\/932523808011022336>",
        "team": "T3NRU3N8L",
        "user_team": "T3NRU3N8L",
        "source_team": "T3NRU3N8L",
        "user_profile": {
            "avatar_hash": "g96f16513098",
            "image_72": "https:\/\/secure.gravatar.com\/avatar\/296f1651309839191e53ca51b0cca0cc.jpg?s=72&d=https%3A%2F%2Fa.slack-edge.com%2Fdf10d%2Fimg%2Favatars%2Fava_0001-72.png",
            "first_name": "Steve",
            "real_name": "Steve Salevan",
            "display_name": "steve",
            "team": "T3NRU3N8L",
            "name": "steve",
            "is_restricted": false,
            "is_ultra_restricted": false
        },
        "attachments": [
            {
                "fallback": "<https:\/\/twitter.com\/IosrscIub|@IosrscIub>: WHY IS THIS THE ONLY BULLSHIT I CAN LAUGH AT ANYMORE I CANT BREATHE <https:\/\/pbs.twimg.com\/ext_tw_video_thumb\/932523630696849408\/pu\/img\/nHcR1lhLYQPPk6bn.jpg>",
                "ts": 1511165975,
                "author_name": "ari",
                "author_link": "https:\/\/twitter.com\/IosrscIub\/status\/932523808011022336",
                "author_icon": "https:\/\/pbs.twimg.com\/profile_images\/914365282793197569\/JFSrFY81_normal.jpg",
                "author_subname": "@IosrscIub",
                "text": "WHY IS THIS THE ONLY BULLSHIT I CAN LAUGH AT ANYMORE I CANT BREATHE",
                "service_name": "twitter",
                "service_url": "https:\/\/twitter.com\/",
                "from_url": "https:\/\/twitter.com\/IosrscIub\/status\/932523808011022336",
                "thumb_url": "https:\/\/pbs.twimg.com\/ext_tw_video_thumb\/932523630696849408\/pu\/img\/nHcR1lhLYQPPk6bn.jpg",
                "thumb_width": 480,
                "thumb_height": 270,
                "video_html_width": 480,
                "video_html_height": 270,
                "video_html": "<video controls poster=\"https:\/\/pbs.twimg.com\/ext_tw_video_thumb\/932523630696849408\/pu\/img\/nHcR1lhLYQPPk6bn.jpg\" width=\"480\" height=\"270\"><source type=\"video\/mp4\" src=\"https:\/\/video.twimg.com\/ext_tw_video\/932523630696849408\/pu\/vid\/320x180\/hSu70VOCUf7PopVF.mp4\"><\/video>",
                "id": 1,
                "footer": "Twitter",
                "footer_icon": "https:\/\/a.slack-edge.com\/80588\/img\/services\/twitter_pixel_snapped_32.png"
            }
        ],
        "blocks": [
            {
                "type": "rich_text",
                "block_id": "rYk",
                "elements": [
                    {
                        "type": "rich_text_section",
                        "elements": [
                            {
                                "type": "link",
                                "url": "https:\/\/twitter.com\/IosrscIub\/status\/932523808011022336"
                            }
                        ]
                    }
                ]
            }
        ]
    }
]