[
    {
        "text": "<@U41BJADGU|ricky_derocher> uploaded a file: <https:\/\/neohabitat.slack.com\/files\/ricky_derocher\/F4M68S9PF\/01.png|01.png> and commented: Hmmm... Is it possible to play Sea Strike or Hangman?",
        "files": [
            {
                "id": "F4M68S9PF",
                "created": 1490050637,
                "timestamp": 1490050637,
                "name": "01.png",
                "title": "01.png",
                "mimetype": "image\/png",
                "filetype": "png",
                "pretty_type": "PNG",
                "user": "U41BJADGU",
                "user_team": "T3NRU3N8L",
                "editable": false,
                "size": 1983,
                "mode": "hosted",
                "is_external": false,
                "external_type": "",
                "is_public": true,
                "public_url_shared": false,
                "display_as_bot": false,
                "username": "",
                "url_private": "https:\/\/files.slack.com\/files-pri\/T3NRU3N8L-F4M68S9PF\/01.png?t=xoxe-124878124292-7467719047090-7480385333457-4296bbd25a5710071a4df099b64b6f19",
                "url_private_download": "https:\/\/files.slack.com\/files-pri\/T3NRU3N8L-F4M68S9PF\/download\/01.png?t=xoxe-124878124292-7467719047090-7480385333457-4296bbd25a5710071a4df099b64b6f19",
                "media_display_type": "unknown",
                "thumb_64": "https:\/\/files.slack.com\/files-tmb\/T3NRU3N8L-F4M68S9PF-f8f9646b4a\/01_64.png?t=xoxe-124878124292-7467719047090-7480385333457-4296bbd25a5710071a4df099b64b6f19",
                "thumb_80": "https:\/\/files.slack.com\/files-tmb\/T3NRU3N8L-F4M68S9PF-f8f9646b4a\/01_80.png?t=xoxe-124878124292-7467719047090-7480385333457-4296bbd25a5710071a4df099b64b6f19",
                "thumb_360": "https:\/\/files.slack.com\/files-tmb\/T3NRU3N8L-F4M68S9PF-f8f9646b4a\/01_360.png?t=xoxe-124878124292-7467719047090-7480385333457-4296bbd25a5710071a4df099b64b6f19",
                "thumb_360_w": 360,
                "thumb_360_h": 232,
                "thumb_160": "https:\/\/files.slack.com\/files-tmb\/T3NRU3N8L-F4M68S9PF-f8f9646b4a\/01_160.png?t=xoxe-124878124292-7467719047090-7480385333457-4296bbd25a5710071a4df099b64b6f19",
                "image_exif_rotation": 1,
                "original_w": 384,
                "original_h": 247,
                "permalink": "https:\/\/neohabitat.slack.com\/files\/U41BJADGU\/F4M68S9PF\/01.png",
                "permalink_public": "https:\/\/slack-files.com\/T3NRU3N8L-F4M68S9PF-c2d5ce37fd",
                "is_starred": false,
                "has_rich_preview": false,
                "file_access": "visible"
            }
        ],
        "upload": true,
        "user": "U41BJADGU",
        "display_as_bot": false,
        "blocks": [
            {
                "type": "rich_text",
                "block_id": "HAX",
                "elements": [
                    {
                        "type": "rich_text_section",
                        "elements": [
                            {
                                "type": "user",
                                "user_id": "U41BJADGU"
                            },
                            {
                                "type": "text",
                                "text": " uploaded a file: "
                            },
                            {
                                "type": "link",
                                "url": "https:\/\/neohabitat.slack.com\/files\/ricky_derocher\/F4M68S9PF\/01.png",
                                "text": "01.png",
                                "unsafe": true
                            },
                            {
                                "type": "text",
                                "text": " and commented: Hmmm... Is it possible to play Sea Strike or Hangman?"
                            }
                        ]
                    }
                ]
            }
        ],
        "type": "message",
        "ts": "1490050638.951287"
    },
    {
        "user": "U41BJADGU",
        "type": "message",
        "ts": "1490050651.953993",
        "text": ":thinking_face:",
        "team": "T3NRU3N8L",
        "user_team": "T3NRU3N8L",
        "source_team": "T3NRU3N8L",
        "user_profile": {
            "avatar_hash": "f3bfb536f4e1",
            "image_72": "https:\/\/avatars.slack-edge.com\/2017-03-06\/151260998854_f3bfb536f4e1f6383a63_48.png",
            "first_name": "Ricky",
            "real_name": "Ricky Derocher",
            "display_name": "ricky_derocher",
            "team": "T3NRU3N8L",
            "name": "ricky_derocher",
            "is_restricted": false,
            "is_ultra_restricted": false
        },
        "blocks": [
            {
                "type": "rich_text",
                "block_id": "m6dt=",
                "elements": [
                    {
                        "type": "rich_text_section",
                        "elements": [
                            {
                                "type": "emoji",
                                "name": "thinking_face",
                                "unicode": "1f914"
                            }
                        ]
                    }
                ]
            }
        ]
    },
    {
        "user": "U3N3TBZPT",
        "type": "message",
        "ts": "1490051076.032035",
        "text": "should be, if there's someone in PC",
        "team": "T3NRU3N8L",
        "user_team": "T3NRU3N8L",
        "source_team": "T3NRU3N8L",
        "user_profile": {
            "avatar_hash": "g96f16513098",
            "image_72": "https:\/\/secure.gravatar.com\/avatar\/296f1651309839191e53ca51b0cca0cc.jpg?s=72&d=https%3A%2F%2Fa.slack-edge.com%2Fdf10d%2Fimg%2Favatars%2Fava_0001-72.png",
            "first_name": "Steve",
            "real_name": "Steve Salevan",
            "display_name": "steve",
            "team": "T3NRU3N8L",
            "name": "steve",
            "is_restricted": false,
            "is_ultra_restricted": false
        },
        "blocks": [
            {
                "type": "rich_text",
                "block_id": "exd9",
                "elements": [
                    {
                        "type": "rich_text_section",
                        "elements": [
                            {
                                "type": "text",
                                "text": "should be, if there's someone in PC"
                            }
                        ]
                    }
                ]
            }
        ]
    }
]