[
    {
        "user": "U3NS4Q413",
        "type": "message",
        "ts": "1497890432.756380",
        "text": "Look what I got from my Daughter and Son-in-law for Father's day!",
        "team": "T3NRU3N8L",
        "user_team": "T3NRU3N8L",
        "source_team": "T3NRU3N8L",
        "user_profile": {
            "avatar_hash": "9a824257f5f9",
            "image_72": "https:\/\/avatars.slack-edge.com\/2017-06-19\/200099674645_9a824257f5f9fea53c25_72.png",
            "first_name": "Randy",
            "real_name": "Randy Farmer",
            "display_name": "randy",
            "team": "T3NRU3N8L",
            "name": "randy",
            "is_restricted": false,
            "is_ultra_restricted": false
        },
        "blocks": [
            {
                "type": "rich_text",
                "block_id": "GvPJ",
                "elements": [
                    {
                        "type": "rich_text_section",
                        "elements": [
                            {
                                "type": "text",
                                "text": "Look what I got from my Daughter and Son-in-law for Father's day!"
                            }
                        ]
                    }
                ]
            }
        ]
    },
    {
        "text": "<@U3NS4Q413|randy> uploaded a file: <https:\/\/neohabitat.slack.com\/files\/randy\/F5V9H6J9E\/34596710353_58e0cf844a_o.jpg|Father's Day Card 2017>",
        "files": [
            {
                "id": "F5V9H6J9E",
                "created": 1497890467,
                "timestamp": 1497890467,
                "name": "34596710353_58e0cf844a_o.jpg",
                "title": "Father's Day Card 2017",
                "mimetype": "image\/jpeg",
                "filetype": "jpg",
                "pretty_type": "JPEG",
                "user": "U3NS4Q413",
                "user_team": "T3NRU3N8L",
                "editable": false,
                "size": 994326,
                "mode": "hosted",
                "is_external": false,
                "external_type": "",
                "is_public": true,
                "public_url_shared": false,
                "display_as_bot": false,
                "username": "",
                "url_private": "https:\/\/files.slack.com\/files-pri\/T3NRU3N8L-F5V9H6J9E\/34596710353_58e0cf844a_o.jpg?t=xoxe-124878124292-7467719047090-7480385333457-4296bbd25a5710071a4df099b64b6f19",
                "url_private_download": "https:\/\/files.slack.com\/files-pri\/T3NRU3N8L-F5V9H6J9E\/download\/34596710353_58e0cf844a_o.jpg?t=xoxe-124878124292-7467719047090-7480385333457-4296bbd25a5710071a4df099b64b6f19",
                "media_display_type": "unknown",
                "thumb_64": "https:\/\/files.slack.com\/files-tmb\/T3NRU3N8L-F5V9H6J9E-5699b66b04\/34596710353_58e0cf844a_o_64.jpg?t=xoxe-124878124292-7467719047090-7480385333457-4296bbd25a5710071a4df099b64b6f19",
                "thumb_80": "https:\/\/files.slack.com\/files-tmb\/T3NRU3N8L-F5V9H6J9E-5699b66b04\/34596710353_58e0cf844a_o_80.jpg?t=xoxe-124878124292-7467719047090-7480385333457-4296bbd25a5710071a4df099b64b6f19",
                "thumb_360": "https:\/\/files.slack.com\/files-tmb\/T3NRU3N8L-F5V9H6J9E-5699b66b04\/34596710353_58e0cf844a_o_360.jpg?t=xoxe-124878124292-7467719047090-7480385333457-4296bbd25a5710071a4df099b64b6f19",
                "thumb_360_w": 360,
                "thumb_360_h": 256,
                "thumb_480": "https:\/\/files.slack.com\/files-tmb\/T3NRU3N8L-F5V9H6J9E-5699b66b04\/34596710353_58e0cf844a_o_480.jpg?t=xoxe-124878124292-7467719047090-7480385333457-4296bbd25a5710071a4df099b64b6f19",
                "thumb_480_w": 480,
                "thumb_480_h": 341,
                "thumb_160": "https:\/\/files.slack.com\/files-tmb\/T3NRU3N8L-F5V9H6J9E-5699b66b04\/34596710353_58e0cf844a_o_160.jpg?t=xoxe-124878124292-7467719047090-7480385333457-4296bbd25a5710071a4df099b64b6f19",
                "thumb_720": "https:\/\/files.slack.com\/files-tmb\/T3NRU3N8L-F5V9H6J9E-5699b66b04\/34596710353_58e0cf844a_o_720.jpg?t=xoxe-124878124292-7467719047090-7480385333457-4296bbd25a5710071a4df099b64b6f19",
                "thumb_720_w": 720,
                "thumb_720_h": 512,
                "thumb_800": "https:\/\/files.slack.com\/files-tmb\/T3NRU3N8L-F5V9H6J9E-5699b66b04\/34596710353_58e0cf844a_o_800.jpg?t=xoxe-124878124292-7467719047090-7480385333457-4296bbd25a5710071a4df099b64b6f19",
                "thumb_800_w": 800,
                "thumb_800_h": 569,
                "thumb_960": "https:\/\/files.slack.com\/files-tmb\/T3NRU3N8L-F5V9H6J9E-5699b66b04\/34596710353_58e0cf844a_o_960.jpg?t=xoxe-124878124292-7467719047090-7480385333457-4296bbd25a5710071a4df099b64b6f19",
                "thumb_960_w": 960,
                "thumb_960_h": 683,
                "thumb_1024": "https:\/\/files.slack.com\/files-tmb\/T3NRU3N8L-F5V9H6J9E-5699b66b04\/34596710353_58e0cf844a_o_1024.jpg?t=xoxe-124878124292-7467719047090-7480385333457-4296bbd25a5710071a4df099b64b6f19",
                "thumb_1024_w": 1024,
                "thumb_1024_h": 728,
                "image_exif_rotation": 1,
                "original_w": 2240,
                "original_h": 1593,
                "permalink": "https:\/\/neohabitat.slack.com\/files\/U3NS4Q413\/F5V9H6J9E\/34596710353_58e0cf844a_o.jpg",
                "permalink_public": "https:\/\/slack-files.com\/T3NRU3N8L-F5V9H6J9E-df16e978a1",
                "is_starred": false,
                "has_rich_preview": false,
                "file_access": "visible"
            }
        ],
        "upload": true,
        "user": "U3NS4Q413",
        "display_as_bot": false,
        "blocks": [
            {
                "type": "rich_text",
                "block_id": "MLDx3",
                "elements": [
                    {
                        "type": "rich_text_section",
                        "elements": [
                            {
                                "type": "user",
                                "user_id": "U3NS4Q413"
                            },
                            {
                                "type": "text",
                                "text": " uploaded a file: "
                            },
                            {
                                "type": "link",
                                "url": "https:\/\/neohabitat.slack.com\/files\/randy\/F5V9H6J9E\/34596710353_58e0cf844a_o.jpg",
                                "text": "Father's Day Card 2017"
                            }
                        ]
                    }
                ]
            }
        ],
        "type": "message",
        "ts": "1497890470.769653"
    },
    {
        "text": "<@U3NS4Q413|randy> uploaded a file: <https:\/\/neohabitat.slack.com\/files\/randy\/F5WQ5QCLF\/35407933985_dfc84b73ea_o.jpg|Father's Day Stickers 2017>",
        "files": [
            {
                "id": "F5WQ5QCLF",
                "created": 1497890496,
                "timestamp": 1497890496,
                "name": "35407933985_dfc84b73ea_o.jpg",
                "title": "Father's Day Stickers 2017",
                "mimetype": "image\/jpeg",
                "filetype": "jpg",
                "pretty_type": "JPEG",
                "user": "U3NS4Q413",
                "user_team": "T3NRU3N8L",
                "editable": false,
                "size": 1007790,
                "mode": "hosted",
                "is_external": false,
                "external_type": "",
                "is_public": true,
                "public_url_shared": false,
                "display_as_bot": false,
                "username": "",
                "url_private": "https:\/\/files.slack.com\/files-pri\/T3NRU3N8L-F5WQ5QCLF\/35407933985_dfc84b73ea_o.jpg?t=xoxe-124878124292-7467719047090-7480385333457-4296bbd25a5710071a4df099b64b6f19",
                "url_private_download": "https:\/\/files.slack.com\/files-pri\/T3NRU3N8L-F5WQ5QCLF\/download\/35407933985_dfc84b73ea_o.jpg?t=xoxe-124878124292-7467719047090-7480385333457-4296bbd25a5710071a4df099b64b6f19",
                "media_display_type": "unknown",
                "thumb_64": "https:\/\/files.slack.com\/files-tmb\/T3NRU3N8L-F5WQ5QCLF-b2567109ec\/35407933985_dfc84b73ea_o_64.jpg?t=xoxe-124878124292-7467719047090-7480385333457-4296bbd25a5710071a4df099b64b6f19",
                "thumb_80": "https:\/\/files.slack.com\/files-tmb\/T3NRU3N8L-F5WQ5QCLF-b2567109ec\/35407933985_dfc84b73ea_o_80.jpg?t=xoxe-124878124292-7467719047090-7480385333457-4296bbd25a5710071a4df099b64b6f19",
                "thumb_360": "https:\/\/files.slack.com\/files-tmb\/T3NRU3N8L-F5WQ5QCLF-b2567109ec\/35407933985_dfc84b73ea_o_360.jpg?t=xoxe-124878124292-7467719047090-7480385333457-4296bbd25a5710071a4df099b64b6f19",
                "thumb_360_w": 360,
                "thumb_360_h": 353,
                "thumb_480": "https:\/\/files.slack.com\/files-tmb\/T3NRU3N8L-F5WQ5QCLF-b2567109ec\/35407933985_dfc84b73ea_o_480.jpg?t=xoxe-124878124292-7467719047090-7480385333457-4296bbd25a5710071a4df099b64b6f19",
                "thumb_480_w": 480,
                "thumb_480_h": 471,
                "thumb_160": "https:\/\/files.slack.com\/files-tmb\/T3NRU3N8L-F5WQ5QCLF-b2567109ec\/35407933985_dfc84b73ea_o_160.jpg?t=xoxe-124878124292-7467719047090-7480385333457-4296bbd25a5710071a4df099b64b6f19",
                "thumb_720": "https:\/\/files.slack.com\/files-tmb\/T3NRU3N8L-F5WQ5QCLF-b2567109ec\/35407933985_dfc84b73ea_o_720.jpg?t=xoxe-124878124292-7467719047090-7480385333457-4296bbd25a5710071a4df099b64b6f19",
                "thumb_720_w": 720,
                "thumb_720_h": 707,
                "thumb_800": "https:\/\/files.slack.com\/files-tmb\/T3NRU3N8L-F5WQ5QCLF-b2567109ec\/35407933985_dfc84b73ea_o_800.jpg?t=xoxe-124878124292-7467719047090-7480385333457-4296bbd25a5710071a4df099b64b6f19",
                "thumb_800_w": 800,
                "thumb_800_h": 786,
                "thumb_960": "https:\/\/files.slack.com\/files-tmb\/T3NRU3N8L-F5WQ5QCLF-b2567109ec\/35407933985_dfc84b73ea_o_960.jpg?t=xoxe-124878124292-7467719047090-7480385333457-4296bbd25a5710071a4df099b64b6f19",
                "thumb_960_w": 960,
                "thumb_960_h": 943,
                "thumb_1024": "https:\/\/files.slack.com\/files-tmb\/T3NRU3N8L-F5WQ5QCLF-b2567109ec\/35407933985_dfc84b73ea_o_1024.jpg?t=xoxe-124878124292-7467719047090-7480385333457-4296bbd25a5710071a4df099b64b6f19",
                "thumb_1024_w": 1024,
                "thumb_1024_h": 1005,
                "image_exif_rotation": 1,
                "original_w": 1715,
                "original_h": 1684,
                "permalink": "https:\/\/neohabitat.slack.com\/files\/U3NS4Q413\/F5WQ5QCLF\/35407933985_dfc84b73ea_o.jpg",
                "permalink_public": "https:\/\/slack-files.com\/T3NRU3N8L-F5WQ5QCLF-19c8c90f0c",
                "is_starred": false,
                "has_rich_preview": false,
                "file_access": "visible"
            }
        ],
        "upload": true,
        "user": "U3NS4Q413",
        "display_as_bot": false,
        "blocks": [
            {
                "type": "rich_text",
                "block_id": "zOZOL",
                "elements": [
                    {
                        "type": "rich_text_section",
                        "elements": [
                            {
                                "type": "user",
                                "user_id": "U3NS4Q413"
                            },
                            {
                                "type": "text",
                                "text": " uploaded a file: "
                            },
                            {
                                "type": "link",
                                "url": "https:\/\/neohabitat.slack.com\/files\/randy\/F5WQ5QCLF\/35407933985_dfc84b73ea_o.jpg",
                                "text": "Father's Day Stickers 2017"
                            }
                        ]
                    }
                ]
            }
        ],
        "type": "message",
        "ts": "1497890500.780492"
    },
    {
        "user": "U3N3P0V89",
        "type": "message",
        "ts": "1497894082.029120",
        "text": "we just need to get someone to somehow implement that head now :stuck_out_tongue:",
        "team": "T3NRU3N8L",
        "user_team": "T3NRU3N8L",
        "source_team": "T3NRU3N8L",
        "user_profile": {
            "avatar_hash": "6dcfc9e0d4c7",
            "image_72": "https:\/\/avatars.slack-edge.com\/2017-06-07\/195047001686_6dcfc9e0d4c71e750732_72.png",
            "first_name": "Stu",
            "real_name": "Stu",
            "display_name": "stu",
            "team": "T3NRU3N8L",
            "name": "stu",
            "is_restricted": false,
            "is_ultra_restricted": false
        },
        "blocks": [
            {
                "type": "rich_text",
                "block_id": "p8ROO",
                "elements": [
                    {
                        "type": "rich_text_section",
                        "elements": [
                            {
                                "type": "text",
                                "text": "we just need to get someone to somehow implement that head now "
                            },
                            {
                                "type": "emoji",
                                "name": "stuck_out_tongue",
                                "unicode": "1f61b"
                            }
                        ]
                    }
                ]
            }
        ]
    },
    {
        "user": "U3NS4Q413",
        "type": "message",
        "ts": "1497894105.037259",
        "text": "The hat version is cool. :slightly_smiling_face:",
        "team": "T3NRU3N8L",
        "user_team": "T3NRU3N8L",
        "source_team": "T3NRU3N8L",
        "user_profile": {
            "avatar_hash": "9a824257f5f9",
            "image_72": "https:\/\/avatars.slack-edge.com\/2017-06-19\/200099674645_9a824257f5f9fea53c25_72.png",
            "first_name": "Randy",
            "real_name": "Randy Farmer",
            "display_name": "randy",
            "team": "T3NRU3N8L",
            "name": "randy",
            "is_restricted": false,
            "is_ultra_restricted": false
        },
        "blocks": [
            {
                "type": "rich_text",
                "block_id": "r7NMu",
                "elements": [
                    {
                        "type": "rich_text_section",
                        "elements": [
                            {
                                "type": "text",
                                "text": "The hat version is cool. "
                            },
                            {
                                "type": "emoji",
                                "name": "slightly_smiling_face",
                                "unicode": "1f642"
                            }
                        ]
                    }
                ]
            }
        ]
    },
    {
        "user": "U3NS4Q413",
        "type": "message",
        "ts": "1497894132.046503",
        "text": "I'm getting the original bits tonight.",
        "team": "T3NRU3N8L",
        "user_team": "T3NRU3N8L",
        "source_team": "T3NRU3N8L",
        "user_profile": {
            "avatar_hash": "9a824257f5f9",
            "image_72": "https:\/\/avatars.slack-edge.com\/2017-06-19\/200099674645_9a824257f5f9fea53c25_72.png",
            "first_name": "Randy",
            "real_name": "Randy Farmer",
            "display_name": "randy",
            "team": "T3NRU3N8L",
            "name": "randy",
            "is_restricted": false,
            "is_ultra_restricted": false
        },
        "blocks": [
            {
                "type": "rich_text",
                "block_id": "5z5MS",
                "elements": [
                    {
                        "type": "rich_text_section",
                        "elements": [
                            {
                                "type": "text",
                                "text": "I'm getting the original bits tonight."
                            }
                        ]
                    }
                ]
            }
        ]
    }
]