[
    {
        "user": "U4A79TU2G",
        "type": "message",
        "ts": "1489058208.000616",
        "text": "SOAP OPERA UPDATES?",
        "team": "T3NRU3N8L",
        "user_team": "T3NRU3N8L",
        "source_team": "T3NRU3N8L",
        "user_profile": {
            "avatar_hash": "1f9da7b17d63",
            "image_72": "https:\/\/avatars.slack-edge.com\/2017-02-25\/145667879841_1f9da7b17d63a5a17c36_72.png",
            "first_name": "Marcus",
            "real_name": "Marcus Seyer",
            "display_name": "the_dhel",
            "team": "T3NRU3N8L",
            "name": "the_dhel",
            "is_restricted": false,
            "is_ultra_restricted": false
        },
        "blocks": [
            {
                "type": "rich_text",
                "block_id": "pSSI",
                "elements": [
                    {
                        "type": "rich_text_section",
                        "elements": [
                            {
                                "type": "text",
                                "text": "SOAP OPERA UPDATES?"
                            }
                        ]
                    }
                ]
            }
        ]
    },
    {
        "user": "U4A79TU2G",
        "type": "message",
        "ts": "1489058210.000617",
        "text": "Sign me up.",
        "team": "T3NRU3N8L",
        "user_team": "T3NRU3N8L",
        "source_team": "T3NRU3N8L",
        "user_profile": {
            "avatar_hash": "1f9da7b17d63",
            "image_72": "https:\/\/avatars.slack-edge.com\/2017-02-25\/145667879841_1f9da7b17d63a5a17c36_72.png",
            "first_name": "Marcus",
            "real_name": "Marcus Seyer",
            "display_name": "the_dhel",
            "team": "T3NRU3N8L",
            "name": "the_dhel",
            "is_restricted": false,
            "is_ultra_restricted": false
        },
        "blocks": [
            {
                "type": "rich_text",
                "block_id": "V5q",
                "elements": [
                    {
                        "type": "rich_text_section",
                        "elements": [
                            {
                                "type": "text",
                                "text": "Sign me up."
                            }
                        ]
                    }
                ]
            }
        ]
    },
    {
        "user": "U4A79TU2G",
        "type": "message",
        "ts": "1489058411.000618",
        "text": "<https:\/\/www.youtube.com\/watch?v=SHo3qjpDsm4>",
        "team": "T3NRU3N8L",
        "user_team": "T3NRU3N8L",
        "source_team": "T3NRU3N8L",
        "user_profile": {
            "avatar_hash": "1f9da7b17d63",
            "image_72": "https:\/\/avatars.slack-edge.com\/2017-02-25\/145667879841_1f9da7b17d63a5a17c36_72.png",
            "first_name": "Marcus",
            "real_name": "Marcus Seyer",
            "display_name": "the_dhel",
            "team": "T3NRU3N8L",
            "name": "the_dhel",
            "is_restricted": false,
            "is_ultra_restricted": false
        },
        "attachments": [
            {
                "service_name": "YouTube",
                "service_url": "https:\/\/www.youtube.com\/",
                "title": "Real Q Link Sep 1989",
                "title_link": "https:\/\/www.youtube.com\/watch?v=SHo3qjpDsm4",
                "author_name": "Raymond Day",
                "author_link": "https:\/\/www.youtube.com\/user\/RaymondDay",
                "thumb_url": "https:\/\/i.ytimg.com\/vi\/SHo3qjpDsm4\/hqdefault.jpg",
                "thumb_width": 480,
                "thumb_height": 360,
                "fallback": "YouTube Video: Real Q Link Sep 1989",
                "video_html": "<iframe width=\"400\" height=\"300\" src=\"https:\/\/www.youtube.com\/embed\/SHo3qjpDsm4?feature=oembed&autoplay=1&iv_load_policy=3\" frameborder=\"0\" allowfullscreen><\/iframe>",
                "video_html_width": 400,
                "video_html_height": 300,
                "from_url": "https:\/\/www.youtube.com\/watch?v=SHo3qjpDsm4",
                "service_icon": "https:\/\/a.slack-edge.com\/2089\/img\/unfurl_icons\/youtube.png",
                "id": 1
            }
        ],
        "blocks": [
            {
                "type": "rich_text",
                "block_id": "ru4O",
                "elements": [
                    {
                        "type": "rich_text_section",
                        "elements": [
                            {
                                "type": "link",
                                "url": "https:\/\/www.youtube.com\/watch?v=SHo3qjpDsm4"
                            }
                        ]
                    }
                ]
            }
        ]
    },
    {
        "user": "U4A79TU2G",
        "type": "message",
        "ts": "1489058439.000620",
        "text": "it's amazing seeing these uncut, unedited videos of just people using these programs",
        "team": "T3NRU3N8L",
        "user_team": "T3NRU3N8L",
        "source_team": "T3NRU3N8L",
        "user_profile": {
            "avatar_hash": "1f9da7b17d63",
            "image_72": "https:\/\/avatars.slack-edge.com\/2017-02-25\/145667879841_1f9da7b17d63a5a17c36_72.png",
            "first_name": "Marcus",
            "real_name": "Marcus Seyer",
            "display_name": "the_dhel",
            "team": "T3NRU3N8L",
            "name": "the_dhel",
            "is_restricted": false,
            "is_ultra_restricted": false
        },
        "blocks": [
            {
                "type": "rich_text",
                "block_id": "b0fY",
                "elements": [
                    {
                        "type": "rich_text_section",
                        "elements": [
                            {
                                "type": "text",
                                "text": "it's amazing seeing these uncut, unedited videos of just people using these programs"
                            }
                        ]
                    }
                ]
            }
        ],
        "reactions": [
            {
                "name": "+1",
                "users": [
                    "U41BJADGU"
                ],
                "count": 1
            }
        ]
    },
    {
        "user": "U41BJADGU",
        "type": "message",
        "ts": "1489077071.000622",
        "edited": {
            "user": "U41BJADGU",
            "ts": "1489077096.000000"
        },
        "text": "It must have been a sad day back in 1994 on the day that Q-Link went offline for good - I wonder how many people were on it until the very last minute?",
        "team": "T3NRU3N8L",
        "user_team": "T3NRU3N8L",
        "source_team": "T3NRU3N8L",
        "user_profile": {
            "avatar_hash": "f3bfb536f4e1",
            "image_72": "https:\/\/avatars.slack-edge.com\/2017-03-06\/151260998854_f3bfb536f4e1f6383a63_48.png",
            "first_name": "Ricky",
            "real_name": "Ricky Derocher",
            "display_name": "ricky_derocher",
            "team": "T3NRU3N8L",
            "name": "ricky_derocher",
            "is_restricted": false,
            "is_ultra_restricted": false
        },
        "blocks": [
            {
                "type": "rich_text",
                "block_id": "8=b",
                "elements": [
                    {
                        "type": "rich_text_section",
                        "elements": [
                            {
                                "type": "text",
                                "text": "It must have been a sad day back in 1994 on the day that Q-Link went offline for good - I wonder how many people were on it until the very last minute?"
                            }
                        ]
                    }
                ]
            }
        ]
    }
]