[
    {
        "text": "<@U41BJADGU|ricky_derocher> uploaded a file: <https:\/\/neohabitat.slack.com\/files\/ricky_derocher\/F4EH59B26\/lfl_games_video.mp4|LFL games video.mp4> and commented: Old Lucasfilm games promotional video. :slightly_smiling_face:",
        "files": [
            {
                "id": "F4EH59B26",
                "created": 1488853405,
                "timestamp": 1488853405,
                "name": "LFL games video.mp4",
                "title": "LFL games video.mp4",
                "mimetype": "video\/mp4",
                "filetype": "mp4",
                "pretty_type": "MPEG 4 Video",
                "user": "U41BJADGU",
                "user_team": "T3NRU3N8L",
                "editable": false,
                "size": 46774860,
                "mode": "hosted",
                "is_external": false,
                "external_type": "",
                "is_public": true,
                "public_url_shared": false,
                "display_as_bot": false,
                "username": "",
                "url_private": "https:\/\/files.slack.com\/files-pri\/T3NRU3N8L-F4EH59B26\/lfl_games_video.mp4?t=xoxe-124878124292-7467719047090-7480385333457-4296bbd25a5710071a4df099b64b6f19",
                "url_private_download": "https:\/\/files.slack.com\/files-pri\/T3NRU3N8L-F4EH59B26\/download\/lfl_games_video.mp4?t=xoxe-124878124292-7467719047090-7480385333457-4296bbd25a5710071a4df099b64b6f19",
                "media_display_type": "video",
                "permalink": "https:\/\/neohabitat.slack.com\/files\/U41BJADGU\/F4EH59B26\/lfl_games_video.mp4",
                "permalink_public": "https:\/\/slack-files.com\/T3NRU3N8L-F4EH59B26-7be29ea769",
                "is_starred": false,
                "has_rich_preview": false,
                "file_access": "visible"
            }
        ],
        "upload": true,
        "user": "U41BJADGU",
        "display_as_bot": false,
        "blocks": [
            {
                "type": "rich_text",
                "block_id": "Hq7fC",
                "elements": [
                    {
                        "type": "rich_text_section",
                        "elements": [
                            {
                                "type": "user",
                                "user_id": "U41BJADGU"
                            },
                            {
                                "type": "text",
                                "text": " uploaded a file: "
                            },
                            {
                                "type": "link",
                                "url": "https:\/\/neohabitat.slack.com\/files\/ricky_derocher\/F4EH59B26\/lfl_games_video.mp4",
                                "text": "LFL games video.mp4"
                            },
                            {
                                "type": "text",
                                "text": " and commented: Old Lucasfilm games promotional video. "
                            },
                            {
                                "type": "emoji",
                                "name": "slightly_smiling_face",
                                "unicode": "1f642"
                            }
                        ]
                    }
                ]
            }
        ],
        "type": "message",
        "ts": "1488853408.000590"
    }
]