[
    {
        "user": "U3NS476S0",
        "type": "message",
        "ts": "1509312128.000011",
        "text": "<@U3NS4Q413> <https:\/\/www.newyorker.com\/culture\/cultural-comment\/the-uncanny-resurrection-of-dungeons-and-dragons>",
        "team": "T3NRU3N8L",
        "user_team": "T3NRU3N8L",
        "source_team": "T3NRU3N8L",
        "user_profile": {
            "avatar_hash": "7d8938fafcab",
            "image_72": "https:\/\/avatars.slack-edge.com\/2018-02-10\/313231218068_7d8938fafcabedc7aa5e_72.png",
            "first_name": "Kate",
            "real_name": "Kate Lawson",
            "display_name": "k8z",
            "team": "T3NRU3N8L",
            "name": "n8",
            "is_restricted": false,
            "is_ultra_restricted": false
        },
        "attachments": [
            {
                "service_name": "The New Yorker",
                "title": "The Uncanny Resurrection of Dungeons &amp; Dragons",
                "title_link": "https:\/\/www.newyorker.com\/culture\/cultural-comment\/the-uncanny-resurrection-of-dungeons-and-dragons",
                "text": "Dungeons &amp; Dragons seems to have been waiting for us somewhere under the particular psyche of this generation.",
                "fallback": "The New Yorker: The Uncanny Resurrection of Dungeons &amp; Dragons",
                "image_url": "https:\/\/media.newyorker.com\/photos\/59e52bbe0349d052ad1750ef\/16:9\/w_1200,h_630,c_limit\/steed.dand.jpg?mbid=social_retweet",
                "from_url": "https:\/\/www.newyorker.com\/culture\/cultural-comment\/the-uncanny-resurrection-of-dungeons-and-dragons",
                "image_width": 444,
                "image_height": 250,
                "image_bytes": 271229,
                "service_icon": "https:\/\/www.newyorker.com\/favicon.ico",
                "id": 1
            }
        ],
        "blocks": [
            {
                "type": "rich_text",
                "block_id": "+tzB",
                "elements": [
                    {
                        "type": "rich_text_section",
                        "elements": [
                            {
                                "type": "user",
                                "user_id": "U3NS4Q413"
                            },
                            {
                                "type": "text",
                                "text": " "
                            },
                            {
                                "type": "link",
                                "url": "https:\/\/www.newyorker.com\/culture\/cultural-comment\/the-uncanny-resurrection-of-dungeons-and-dragons"
                            }
                        ]
                    }
                ]
            }
        ]
    },
    {
        "user": "U3NS476S0",
        "type": "message",
        "ts": "1509312201.000045",
        "text": "Also <https:\/\/www.youtube.com\/watch?v=UdAwX8JB66E>",
        "team": "T3NRU3N8L",
        "user_team": "T3NRU3N8L",
        "source_team": "T3NRU3N8L",
        "user_profile": {
            "avatar_hash": "7d8938fafcab",
            "image_72": "https:\/\/avatars.slack-edge.com\/2018-02-10\/313231218068_7d8938fafcabedc7aa5e_72.png",
            "first_name": "Kate",
            "real_name": "Kate Lawson",
            "display_name": "k8z",
            "team": "T3NRU3N8L",
            "name": "n8",
            "is_restricted": false,
            "is_ultra_restricted": false
        },
        "attachments": [
            {
                "service_name": "YouTube",
                "service_url": "https:\/\/www.youtube.com\/",
                "title": "The Never-Ending Game of Dungeons &amp; Dragons",
                "title_link": "https:\/\/www.youtube.com\/watch?v=UdAwX8JB66E",
                "author_name": "Great Big Story",
                "author_link": "https:\/\/www.youtube.com\/channel\/UCajXeitgFL-rb5-gXI-aG8Q",
                "thumb_url": "https:\/\/i.ytimg.com\/vi\/UdAwX8JB66E\/hqdefault.jpg",
                "thumb_width": 480,
                "thumb_height": 360,
                "fallback": "YouTube Video: The Never-Ending Game of Dungeons & Dragons",
                "video_html": "<iframe width=\"400\" height=\"225\" src=\"https:\/\/www.youtube.com\/embed\/UdAwX8JB66E?feature=oembed&autoplay=1&iv_load_policy=3\" frameborder=\"0\" gesture=\"media\" allowfullscreen><\/iframe>",
                "video_html_width": 400,
                "video_html_height": 225,
                "from_url": "https:\/\/www.youtube.com\/watch?v=UdAwX8JB66E",
                "service_icon": "https:\/\/a.slack-edge.com\/2089\/img\/unfurl_icons\/youtube.png",
                "id": 1
            }
        ],
        "blocks": [
            {
                "type": "rich_text",
                "block_id": "T7F0e",
                "elements": [
                    {
                        "type": "rich_text_section",
                        "elements": [
                            {
                                "type": "text",
                                "text": "Also "
                            },
                            {
                                "type": "link",
                                "url": "https:\/\/www.youtube.com\/watch?v=UdAwX8JB66E"
                            }
                        ]
                    }
                ]
            }
        ]
    },
    {
        "user": "U3NS4Q413",
        "type": "message",
        "ts": "1509316357.000069",
        "text": "Yup.",
        "team": "T3NRU3N8L",
        "user_team": "T3NRU3N8L",
        "source_team": "T3NRU3N8L",
        "user_profile": {
            "avatar_hash": "9a824257f5f9",
            "image_72": "https:\/\/avatars.slack-edge.com\/2017-06-19\/200099674645_9a824257f5f9fea53c25_72.png",
            "first_name": "Randy",
            "real_name": "Randy Farmer",
            "display_name": "randy",
            "team": "T3NRU3N8L",
            "name": "randy",
            "is_restricted": false,
            "is_ultra_restricted": false
        },
        "blocks": [
            {
                "type": "rich_text",
                "block_id": "=kj",
                "elements": [
                    {
                        "type": "rich_text_section",
                        "elements": [
                            {
                                "type": "text",
                                "text": "Yup."
                            }
                        ]
                    }
                ]
            }
        ]
    }
]