[
    {
        "user": "U40A3G4QM",
        "type": "message",
        "ts": "1509380224.000198",
        "text": "<https:\/\/boingboing.net\/2017\/10\/25\/this-dungeons-and-dragons-camp.html>",
        "team": "T3NRU3N8L",
        "user_team": "T3NRU3N8L",
        "source_team": "T3NRU3N8L",
        "user_profile": {
            "avatar_hash": "g21c91d033ec",
            "image_72": "https:\/\/secure.gravatar.com\/avatar\/a21c91d033ec956f06feb12bdbb6a5a1.jpg?s=72&d=https%3A%2F%2Fa.slack-edge.com%2Fdf10d%2Fimg%2Favatars%2Fava_0008-72.png",
            "first_name": "David",
            "real_name": "David McIntyre",
            "display_name": "davidm",
            "team": "T3NRU3N8L",
            "name": "davidm",
            "is_restricted": false,
            "is_ultra_restricted": false
        },
        "attachments": [
            {
                "service_name": "Boing Boing",
                "title": "This Dungeons and Dragons campaign has been running for 35 years",
                "title_link": "https:\/\/boingboing.net\/2017\/10\/25\/this-dungeons-and-dragons-camp.html",
                "text": "This Dungeons and Dragons campaign has been running for 35 years",
                "fallback": "Boing Boing: This Dungeons and Dragons campaign has been running for 35 years",
                "image_url": "https:\/\/media.boingboing.net\/wp-content\/uploads\/2017\/10\/Screen-Shot-2017-10-25-at-8.50.06-AM.jpg",
                "from_url": "https:\/\/boingboing.net\/2017\/10\/25\/this-dungeons-and-dragons-camp.html",
                "image_width": 426,
                "image_height": 250,
                "image_bytes": 33389,
                "service_icon": "https:\/\/media.boingboing.net\/wp-content\/themes\/bng\/i\/apple-touch-icon.png",
                "id": 1
            }
        ],
        "blocks": [
            {
                "type": "rich_text",
                "block_id": "ym3r",
                "elements": [
                    {
                        "type": "rich_text_section",
                        "elements": [
                            {
                                "type": "link",
                                "url": "https:\/\/boingboing.net\/2017\/10\/25\/this-dungeons-and-dragons-camp.html"
                            }
                        ]
                    }
                ]
            }
        ]
    },
    {
        "user": "U40A3G4QM",
        "type": "message",
        "ts": "1509380235.000246",
        "text": "and some just never stopped playing",
        "team": "T3NRU3N8L",
        "user_team": "T3NRU3N8L",
        "source_team": "T3NRU3N8L",
        "user_profile": {
            "avatar_hash": "g21c91d033ec",
            "image_72": "https:\/\/secure.gravatar.com\/avatar\/a21c91d033ec956f06feb12bdbb6a5a1.jpg?s=72&d=https%3A%2F%2Fa.slack-edge.com%2Fdf10d%2Fimg%2Favatars%2Fava_0008-72.png",
            "first_name": "David",
            "real_name": "David McIntyre",
            "display_name": "davidm",
            "team": "T3NRU3N8L",
            "name": "davidm",
            "is_restricted": false,
            "is_ultra_restricted": false
        },
        "blocks": [
            {
                "type": "rich_text",
                "block_id": "1HJB",
                "elements": [
                    {
                        "type": "rich_text_section",
                        "elements": [
                            {
                                "type": "text",
                                "text": "and some just never stopped playing"
                            }
                        ]
                    }
                ]
            }
        ]
    },
    {
        "user": "U40A3G4QM",
        "type": "message",
        "ts": "1509381975.000469",
        "text": "We just worked out with our group and DM that we've been playing effectively the same campaign (with two different parties and editions) for 23 years",
        "team": "T3NRU3N8L",
        "user_team": "T3NRU3N8L",
        "source_team": "T3NRU3N8L",
        "user_profile": {
            "avatar_hash": "g21c91d033ec",
            "image_72": "https:\/\/secure.gravatar.com\/avatar\/a21c91d033ec956f06feb12bdbb6a5a1.jpg?s=72&d=https%3A%2F%2Fa.slack-edge.com%2Fdf10d%2Fimg%2Favatars%2Fava_0008-72.png",
            "first_name": "David",
            "real_name": "David McIntyre",
            "display_name": "davidm",
            "team": "T3NRU3N8L",
            "name": "davidm",
            "is_restricted": false,
            "is_ultra_restricted": false
        },
        "blocks": [
            {
                "type": "rich_text",
                "block_id": "38Pbe",
                "elements": [
                    {
                        "type": "rich_text_section",
                        "elements": [
                            {
                                "type": "text",
                                "text": "We just worked out with our group and DM that we've been playing effectively the same campaign (with two different parties and editions) for 23 years"
                            }
                        ]
                    }
                ]
            }
        ],
        "reactions": [
            {
                "name": "clap::skin-tone-3",
                "users": [
                    "U3NS4Q413"
                ],
                "count": 1
            }
        ]
    },
    {
        "subtype": "channel_join",
        "user": "U7S9JC95K",
        "text": "<@U7S9JC95K> has joined the channel",
        "type": "message",
        "ts": "1509386491.000052"
    },
    {
        "subtype": "channel_join",
        "user": "U7RJLJDEC",
        "text": "<@U7RJLJDEC> has joined the channel",
        "type": "message",
        "ts": "1509395977.000365"
    }
]