[
    {
        "user": "U43GKAHBK",
        "type": "message",
        "ts": "1487000287.000418",
        "edited": {
            "user": "U43GKAHBK",
            "ts": "1487000293.000000"
        },
        "text": "<@U3NSHCBNH> : Just sent a PR for the client automation script (<https:\/\/github.com\/frandallfarmer\/neohabitat\/pull\/88>) - I'd love for someone else to try it out when they have a chance!",
        "team": "T3NRU3N8L",
        "user_team": "T3NRU3N8L",
        "source_team": "T3NRU3N8L",
        "user_profile": {
            "avatar_hash": "1f283721562f",
            "image_72": "https:\/\/avatars.slack-edge.com\/2017-02-11\/140242814418_1f283721562f78b43cf4_72.jpg",
            "first_name": "Robert",
            "real_name": "Robert Smith",
            "display_name": "smithrobs",
            "team": "T3NRU3N8L",
            "name": "smithrobs",
            "is_restricted": false,
            "is_ultra_restricted": false
        },
        "blocks": [
            {
                "type": "rich_text",
                "block_id": "oU9",
                "elements": [
                    {
                        "type": "rich_text_section",
                        "elements": [
                            {
                                "type": "user",
                                "user_id": "U3NSHCBNH"
                            },
                            {
                                "type": "text",
                                "text": " : Just sent a PR for the client automation script ("
                            },
                            {
                                "type": "link",
                                "url": "https:\/\/github.com\/frandallfarmer\/neohabitat\/pull\/88"
                            },
                            {
                                "type": "text",
                                "text": ") - I'd love for someone else to try it out when they have a chance!"
                            }
                        ]
                    }
                ]
            }
        ]
    },
    {
        "user": "U3N3P0V89",
        "type": "message",
        "ts": "1487000310.000421",
        "text": "nice one <@U43GKAHBK> this'll be a major time saver!",
        "team": "T3NRU3N8L",
        "user_team": "T3NRU3N8L",
        "source_team": "T3NRU3N8L",
        "user_profile": {
            "avatar_hash": "6dcfc9e0d4c7",
            "image_72": "https:\/\/avatars.slack-edge.com\/2017-06-07\/195047001686_6dcfc9e0d4c71e750732_72.png",
            "first_name": "Stu",
            "real_name": "Stu",
            "display_name": "stu",
            "team": "T3NRU3N8L",
            "name": "stu",
            "is_restricted": false,
            "is_ultra_restricted": false
        },
        "blocks": [
            {
                "type": "rich_text",
                "block_id": "4haqc",
                "elements": [
                    {
                        "type": "rich_text_section",
                        "elements": [
                            {
                                "type": "text",
                                "text": "nice one "
                            },
                            {
                                "type": "user",
                                "user_id": "U43GKAHBK"
                            },
                            {
                                "type": "text",
                                "text": " this'll be a major time saver!"
                            }
                        ]
                    }
                ]
            }
        ]
    },
    {
        "user": "U43GKAHBK",
        "type": "message",
        "ts": "1487000331.000422",
        "text": ":thumbsup:",
        "team": "T3NRU3N8L",
        "user_team": "T3NRU3N8L",
        "source_team": "T3NRU3N8L",
        "user_profile": {
            "avatar_hash": "1f283721562f",
            "image_72": "https:\/\/avatars.slack-edge.com\/2017-02-11\/140242814418_1f283721562f78b43cf4_72.jpg",
            "first_name": "Robert",
            "real_name": "Robert Smith",
            "display_name": "smithrobs",
            "team": "T3NRU3N8L",
            "name": "smithrobs",
            "is_restricted": false,
            "is_ultra_restricted": false
        },
        "blocks": [
            {
                "type": "rich_text",
                "block_id": "XOfv",
                "elements": [
                    {
                        "type": "rich_text_section",
                        "elements": [
                            {
                                "type": "emoji",
                                "name": "thumbsup",
                                "unicode": "1f44d"
                            }
                        ]
                    }
                ]
            }
        ]
    },
    {
        "text": "<@U3N3P0V89|stuart> uploaded a file: <https:\/\/neohabitat.slack.com\/files\/stuart\/F441G58DP\/pasted_image_at_2017_02_13_03_45_pm.png|Pasted image at 2017-02-13, 3:45 PM>",
        "files": [
            {
                "id": "F441G58DP",
                "created": 1487000708,
                "timestamp": 1487000708,
                "name": "Pasted image at 2017_02_13 03_45 PM.png",
                "title": "Pasted image at 2017-02-13, 3:45 PM",
                "mimetype": "image\/png",
                "filetype": "png",
                "pretty_type": "PNG",
                "user": "U3N3P0V89",
                "user_team": "T3NRU3N8L",
                "editable": false,
                "size": 51870,
                "mode": "hosted",
                "is_external": false,
                "external_type": "",
                "is_public": true,
                "public_url_shared": false,
                "display_as_bot": false,
                "username": "",
                "url_private": "https:\/\/files.slack.com\/files-pri\/T3NRU3N8L-F441G58DP\/pasted_image_at_2017_02_13_03_45_pm.png?t=xoxe-124878124292-7467719047090-7480385333457-4296bbd25a5710071a4df099b64b6f19",
                "url_private_download": "https:\/\/files.slack.com\/files-pri\/T3NRU3N8L-F441G58DP\/download\/pasted_image_at_2017_02_13_03_45_pm.png?t=xoxe-124878124292-7467719047090-7480385333457-4296bbd25a5710071a4df099b64b6f19",
                "media_display_type": "unknown",
                "thumb_64": "https:\/\/files.slack.com\/files-tmb\/T3NRU3N8L-F441G58DP-1f41d0a4ec\/pasted_image_at_2017_02_13_03_45_pm_64.png?t=xoxe-124878124292-7467719047090-7480385333457-4296bbd25a5710071a4df099b64b6f19",
                "thumb_80": "https:\/\/files.slack.com\/files-tmb\/T3NRU3N8L-F441G58DP-1f41d0a4ec\/pasted_image_at_2017_02_13_03_45_pm_80.png?t=xoxe-124878124292-7467719047090-7480385333457-4296bbd25a5710071a4df099b64b6f19",
                "thumb_360": "https:\/\/files.slack.com\/files-tmb\/T3NRU3N8L-F441G58DP-1f41d0a4ec\/pasted_image_at_2017_02_13_03_45_pm_360.png?t=xoxe-124878124292-7467719047090-7480385333457-4296bbd25a5710071a4df099b64b6f19",
                "thumb_360_w": 360,
                "thumb_360_h": 319,
                "thumb_480": "https:\/\/files.slack.com\/files-tmb\/T3NRU3N8L-F441G58DP-1f41d0a4ec\/pasted_image_at_2017_02_13_03_45_pm_480.png?t=xoxe-124878124292-7467719047090-7480385333457-4296bbd25a5710071a4df099b64b6f19",
                "thumb_480_w": 480,
                "thumb_480_h": 425,
                "thumb_160": "https:\/\/files.slack.com\/files-tmb\/T3NRU3N8L-F441G58DP-1f41d0a4ec\/pasted_image_at_2017_02_13_03_45_pm_160.png?t=xoxe-124878124292-7467719047090-7480385333457-4296bbd25a5710071a4df099b64b6f19",
                "thumb_720": "https:\/\/files.slack.com\/files-tmb\/T3NRU3N8L-F441G58DP-1f41d0a4ec\/pasted_image_at_2017_02_13_03_45_pm_720.png?t=xoxe-124878124292-7467719047090-7480385333457-4296bbd25a5710071a4df099b64b6f19",
                "thumb_720_w": 720,
                "thumb_720_h": 637,
                "image_exif_rotation": 1,
                "original_w": 721,
                "original_h": 638,
                "permalink": "https:\/\/neohabitat.slack.com\/files\/U3N3P0V89\/F441G58DP\/pasted_image_at_2017_02_13_03_45_pm.png",
                "permalink_public": "https:\/\/slack-files.com\/T3NRU3N8L-F441G58DP-d07246241c",
                "is_starred": false,
                "has_rich_preview": false,
                "file_access": "visible"
            }
        ],
        "upload": true,
        "user": "U3N3P0V89",
        "display_as_bot": false,
        "blocks": [
            {
                "type": "rich_text",
                "block_id": "CFy",
                "elements": [
                    {
                        "type": "rich_text_section",
                        "elements": [
                            {
                                "type": "user",
                                "user_id": "U3N3P0V89"
                            },
                            {
                                "type": "text",
                                "text": " uploaded a file: "
                            },
                            {
                                "type": "link",
                                "url": "https:\/\/neohabitat.slack.com\/files\/stuart\/F441G58DP\/pasted_image_at_2017_02_13_03_45_pm.png",
                                "text": "Pasted image at 2017-02-13, 3:45 PM"
                            }
                        ]
                    }
                ]
            }
        ],
        "type": "message",
        "ts": "1487000710.000423"
    },
    {
        "user": "U3N3P0V89",
        "type": "message",
        "ts": "1487000723.000424",
        "text": "i'm from the UK so \" for me is actually @",
        "team": "T3NRU3N8L",
        "user_team": "T3NRU3N8L",
        "source_team": "T3NRU3N8L",
        "user_profile": {
            "avatar_hash": "6dcfc9e0d4c7",
            "image_72": "https:\/\/avatars.slack-edge.com\/2017-06-07\/195047001686_6dcfc9e0d4c71e750732_72.png",
            "first_name": "Stu",
            "real_name": "Stu",
            "display_name": "stu",
            "team": "T3NRU3N8L",
            "name": "stu",
            "is_restricted": false,
            "is_ultra_restricted": false
        },
        "blocks": [
            {
                "type": "rich_text",
                "block_id": "O1Rk5",
                "elements": [
                    {
                        "type": "rich_text_section",
                        "elements": [
                            {
                                "type": "text",
                                "text": "i'm from the UK so \" for me is actually @"
                            }
                        ]
                    }
                ]
            }
        ]
    },
    {
        "user": "U3N3P0V89",
        "type": "message",
        "ts": "1487000949.000425",
        "text": "easy to fix in the script though, just replace  `Send load\"*\",8,1{enter}` with `Send load@*@,8,1{enter}`",
        "team": "T3NRU3N8L",
        "user_team": "T3NRU3N8L",
        "source_team": "T3NRU3N8L",
        "user_profile": {
            "avatar_hash": "6dcfc9e0d4c7",
            "image_72": "https:\/\/avatars.slack-edge.com\/2017-06-07\/195047001686_6dcfc9e0d4c71e750732_72.png",
            "first_name": "Stu",
            "real_name": "Stu",
            "display_name": "stu",
            "team": "T3NRU3N8L",
            "name": "stu",
            "is_restricted": false,
            "is_ultra_restricted": false
        },
        "blocks": [
            {
                "type": "rich_text",
                "block_id": "0+j",
                "elements": [
                    {
                        "type": "rich_text_section",
                        "elements": [
                            {
                                "type": "text",
                                "text": "easy to fix in the script though, just replace  "
                            },
                            {
                                "type": "text",
                                "text": "Send load\"*\",8,1{enter}",
                                "style": {
                                    "code": true
                                }
                            },
                            {
                                "type": "text",
                                "text": " with "
                            },
                            {
                                "type": "text",
                                "text": "Send load@*@,8,1{enter}",
                                "style": {
                                    "code": true
                                }
                            }
                        ]
                    }
                ]
            }
        ]
    },
    {
        "user": "U3N3P0V89",
        "type": "message",
        "ts": "1487001157.000426",
        "text": "only issue i had is when it gets to the main qlink screen, i had to manually press F1 to enter people connection",
        "team": "T3NRU3N8L",
        "user_team": "T3NRU3N8L",
        "source_team": "T3NRU3N8L",
        "user_profile": {
            "avatar_hash": "6dcfc9e0d4c7",
            "image_72": "https:\/\/avatars.slack-edge.com\/2017-06-07\/195047001686_6dcfc9e0d4c71e750732_72.png",
            "first_name": "Stu",
            "real_name": "Stu",
            "display_name": "stu",
            "team": "T3NRU3N8L",
            "name": "stu",
            "is_restricted": false,
            "is_ultra_restricted": false
        },
        "blocks": [
            {
                "type": "rich_text",
                "block_id": "7k5g",
                "elements": [
                    {
                        "type": "rich_text_section",
                        "elements": [
                            {
                                "type": "text",
                                "text": "only issue i had is when it gets to the main qlink screen, i had to manually press F1 to enter people connection"
                            }
                        ]
                    }
                ]
            }
        ]
    },
    {
        "user": "U3N3P0V89",
        "type": "message",
        "ts": "1487001163.000427",
        "text": "but other than that, it worked great :slightly_smiling_face:",
        "team": "T3NRU3N8L",
        "user_team": "T3NRU3N8L",
        "source_team": "T3NRU3N8L",
        "user_profile": {
            "avatar_hash": "6dcfc9e0d4c7",
            "image_72": "https:\/\/avatars.slack-edge.com\/2017-06-07\/195047001686_6dcfc9e0d4c71e750732_72.png",
            "first_name": "Stu",
            "real_name": "Stu",
            "display_name": "stu",
            "team": "T3NRU3N8L",
            "name": "stu",
            "is_restricted": false,
            "is_ultra_restricted": false
        },
        "blocks": [
            {
                "type": "rich_text",
                "block_id": "+=I0",
                "elements": [
                    {
                        "type": "rich_text_section",
                        "elements": [
                            {
                                "type": "text",
                                "text": "but other than that, it worked great "
                            },
                            {
                                "type": "emoji",
                                "name": "slightly_smiling_face",
                                "unicode": "1f642"
                            }
                        ]
                    }
                ]
            }
        ]
    },
    {
        "user": "U43GKAHBK",
        "type": "message",
        "ts": "1487001810.000428",
        "text": "ahhh! yes, I ignore locale. will put it on the todo list :slightly_smiling_face:",
        "team": "T3NRU3N8L",
        "user_team": "T3NRU3N8L",
        "source_team": "T3NRU3N8L",
        "user_profile": {
            "avatar_hash": "1f283721562f",
            "image_72": "https:\/\/avatars.slack-edge.com\/2017-02-11\/140242814418_1f283721562f78b43cf4_72.jpg",
            "first_name": "Robert",
            "real_name": "Robert Smith",
            "display_name": "smithrobs",
            "team": "T3NRU3N8L",
            "name": "smithrobs",
            "is_restricted": false,
            "is_ultra_restricted": false
        },
        "blocks": [
            {
                "type": "rich_text",
                "block_id": "3avnx",
                "elements": [
                    {
                        "type": "rich_text_section",
                        "elements": [
                            {
                                "type": "text",
                                "text": "ahhh! yes, I ignore locale. will put it on the todo list "
                            },
                            {
                                "type": "emoji",
                                "name": "slightly_smiling_face",
                                "unicode": "1f642"
                            }
                        ]
                    }
                ]
            }
        ],
        "reactions": [
            {
                "name": "ok_hand::skin-tone-3",
                "users": [
                    "U3N3P0V89"
                ],
                "count": 1
            }
        ]
    },
    {
        "user": "U41BJADGU",
        "type": "message",
        "ts": "1487022643.000430",
        "text": "Got a copy of Jordan Mecher's Making of Prince of Persia Journals in the mail today. If you haven't seen his journals - they are worth a look.",
        "team": "T3NRU3N8L",
        "user_team": "T3NRU3N8L",
        "source_team": "T3NRU3N8L",
        "user_profile": {
            "avatar_hash": "f3bfb536f4e1",
            "image_72": "https:\/\/avatars.slack-edge.com\/2017-03-06\/151260998854_f3bfb536f4e1f6383a63_48.png",
            "first_name": "Ricky",
            "real_name": "Ricky Derocher",
            "display_name": "ricky_derocher",
            "team": "T3NRU3N8L",
            "name": "ricky_derocher",
            "is_restricted": false,
            "is_ultra_restricted": false
        },
        "blocks": [
            {
                "type": "rich_text",
                "block_id": "6ed",
                "elements": [
                    {
                        "type": "rich_text_section",
                        "elements": [
                            {
                                "type": "text",
                                "text": "Got a copy of Jordan Mecher's Making of Prince of Persia Journals in the mail today. If you haven't seen his journals - they are worth a look."
                            }
                        ]
                    }
                ]
            }
        ]
    },
    {
        "user": "U41BJADGU",
        "type": "message",
        "ts": "1487022678.000431",
        "text": "<http:\/\/www.jordanmechner.com\/backstage\/journals\/>",
        "team": "T3NRU3N8L",
        "user_team": "T3NRU3N8L",
        "source_team": "T3NRU3N8L",
        "user_profile": {
            "avatar_hash": "f3bfb536f4e1",
            "image_72": "https:\/\/avatars.slack-edge.com\/2017-03-06\/151260998854_f3bfb536f4e1f6383a63_48.png",
            "first_name": "Ricky",
            "real_name": "Ricky Derocher",
            "display_name": "ricky_derocher",
            "team": "T3NRU3N8L",
            "name": "ricky_derocher",
            "is_restricted": false,
            "is_ultra_restricted": false
        },
        "attachments": [
            {
                "title": "Jordan Mechner - Journals",
                "title_link": "http:\/\/www.jordanmechner.com\/backstage\/journals\/",
                "text": "Get an insightful look behind the scenes with Jordan Mechner's 80s journals, documenting the making of Prince of Persia and Karateka.",
                "fallback": "Jordan Mechner - Journals",
                "from_url": "http:\/\/www.jordanmechner.com\/backstage\/journals\/",
                "service_icon": "http:\/\/www.jordanmechner.com\/images\/webicon.png",
                "service_name": "jordanmechner.com",
                "id": 1
            }
        ],
        "blocks": [
            {
                "type": "rich_text",
                "block_id": "yYD",
                "elements": [
                    {
                        "type": "rich_text_section",
                        "elements": [
                            {
                                "type": "link",
                                "url": "http:\/\/www.jordanmechner.com\/backstage\/journals\/"
                            }
                        ]
                    }
                ]
            }
        ]
    },
    {
        "user": "U3NSHCBNH",
        "type": "message",
        "ts": "1487039470.000433",
        "text": "I loved that game.. My first copy was the Tandy version..",
        "team": "T3NRU3N8L",
        "user_team": "T3NRU3N8L",
        "source_team": "T3NRU3N8L",
        "user_profile": {
            "avatar_hash": "f99a50cbd973",
            "image_72": "https:\/\/avatars.slack-edge.com\/2017-02-02\/136493625749_f99a50cbd973bb658f83_72.jpg",
            "first_name": "Keith",
            "real_name": "Keith Elkin",
            "display_name": "kelkin",
            "team": "T3NRU3N8L",
            "name": "kelkin",
            "is_restricted": false,
            "is_ultra_restricted": false
        },
        "blocks": [
            {
                "type": "rich_text",
                "block_id": "a+eV",
                "elements": [
                    {
                        "type": "rich_text_section",
                        "elements": [
                            {
                                "type": "text",
                                "text": "I loved that game.. My first copy was the Tandy version.."
                            }
                        ]
                    }
                ]
            }
        ]
    },
    {
        "user": "U41BJADGU",
        "type": "message",
        "ts": "1487041291.000434",
        "text": "It had a pretty interesting development period - it was started in 1985 but the time it was finally released in 1989 - the Apple II gaming market had pretty much dried up.",
        "team": "T3NRU3N8L",
        "user_team": "T3NRU3N8L",
        "source_team": "T3NRU3N8L",
        "user_profile": {
            "avatar_hash": "f3bfb536f4e1",
            "image_72": "https:\/\/avatars.slack-edge.com\/2017-03-06\/151260998854_f3bfb536f4e1f6383a63_48.png",
            "first_name": "Ricky",
            "real_name": "Ricky Derocher",
            "display_name": "ricky_derocher",
            "team": "T3NRU3N8L",
            "name": "ricky_derocher",
            "is_restricted": false,
            "is_ultra_restricted": false
        },
        "blocks": [
            {
                "type": "rich_text",
                "block_id": "3ec",
                "elements": [
                    {
                        "type": "rich_text_section",
                        "elements": [
                            {
                                "type": "text",
                                "text": "It had a pretty interesting development period - it was started in 1985 but the time it was finally released in 1989 - the Apple II gaming market had pretty much dried up."
                            }
                        ]
                    }
                ]
            }
        ]
    },
    {
        "user": "U41BJADGU",
        "type": "message",
        "ts": "1487041360.000435",
        "edited": {
            "user": "U41BJADGU",
            "ts": "1487041372.000000"
        },
        "text": "It wasn't until it was ported to other platforms - that the game became successful.",
        "team": "T3NRU3N8L",
        "user_team": "T3NRU3N8L",
        "source_team": "T3NRU3N8L",
        "user_profile": {
            "avatar_hash": "f3bfb536f4e1",
            "image_72": "https:\/\/avatars.slack-edge.com\/2017-03-06\/151260998854_f3bfb536f4e1f6383a63_48.png",
            "first_name": "Ricky",
            "real_name": "Ricky Derocher",
            "display_name": "ricky_derocher",
            "team": "T3NRU3N8L",
            "name": "ricky_derocher",
            "is_restricted": false,
            "is_ultra_restricted": false
        },
        "blocks": [
            {
                "type": "rich_text",
                "block_id": "DUlp",
                "elements": [
                    {
                        "type": "rich_text_section",
                        "elements": [
                            {
                                "type": "text",
                                "text": "It wasn't until it was ported to other platforms - that the game became successful."
                            }
                        ]
                    }
                ]
            }
        ]
    }
]