[
    {
        "user": "U3NSHCBNH",
        "type": "message",
        "ts": "1497020894.273830",
        "text": "<@U40A3G4QM> Hah, what memories.. I remember buying the computer shopper every month and calling lng distance numbers to connect to BBS's all over the country.. not knowing the concept of long distance charges.. Man did I get into a lot of trouble when that phone bill came..",
        "team": "T3NRU3N8L",
        "user_team": "T3NRU3N8L",
        "source_team": "T3NRU3N8L",
        "user_profile": {
            "avatar_hash": "f99a50cbd973",
            "image_72": "https:\/\/avatars.slack-edge.com\/2017-02-02\/136493625749_f99a50cbd973bb658f83_72.jpg",
            "first_name": "Keith",
            "real_name": "Keith Elkin",
            "display_name": "kelkin",
            "team": "T3NRU3N8L",
            "name": "kelkin",
            "is_restricted": false,
            "is_ultra_restricted": false
        },
        "blocks": [
            {
                "type": "rich_text",
                "block_id": "iRJH",
                "elements": [
                    {
                        "type": "rich_text_section",
                        "elements": [
                            {
                                "type": "user",
                                "user_id": "U40A3G4QM"
                            },
                            {
                                "type": "text",
                                "text": " Hah, what memories.. I remember buying the computer shopper every month and calling lng distance numbers to connect to BBS's all over the country.. not knowing the concept of long distance charges.. Man did I get into a lot of trouble when that phone bill came.."
                            }
                        ]
                    }
                ]
            }
        ]
    },
    {
        "user": "U3NSHCBNH",
        "type": "message",
        "ts": "1497020908.279131",
        "text": "(it was actually way way worse than any Q-Link bill I ever had)",
        "team": "T3NRU3N8L",
        "user_team": "T3NRU3N8L",
        "source_team": "T3NRU3N8L",
        "user_profile": {
            "avatar_hash": "f99a50cbd973",
            "image_72": "https:\/\/avatars.slack-edge.com\/2017-02-02\/136493625749_f99a50cbd973bb658f83_72.jpg",
            "first_name": "Keith",
            "real_name": "Keith Elkin",
            "display_name": "kelkin",
            "team": "T3NRU3N8L",
            "name": "kelkin",
            "is_restricted": false,
            "is_ultra_restricted": false
        },
        "blocks": [
            {
                "type": "rich_text",
                "block_id": "43R2",
                "elements": [
                    {
                        "type": "rich_text_section",
                        "elements": [
                            {
                                "type": "text",
                                "text": "(it was actually way way worse than any Q-Link bill I ever had)"
                            }
                        ]
                    }
                ]
            }
        ]
    },
    {
        "user": "U40A3G4QM",
        "type": "message",
        "ts": "1497020968.300834",
        "text": "Oh yeah. I needed to get a job to pay off my Computer Shopper BBS listings bill. ",
        "team": "T3NRU3N8L",
        "user_team": "T3NRU3N8L",
        "source_team": "T3NRU3N8L",
        "user_profile": {
            "avatar_hash": "g21c91d033ec",
            "image_72": "https:\/\/secure.gravatar.com\/avatar\/a21c91d033ec956f06feb12bdbb6a5a1.jpg?s=72&d=https%3A%2F%2Fa.slack-edge.com%2Fdf10d%2Fimg%2Favatars%2Fava_0008-72.png",
            "first_name": "David",
            "real_name": "David McIntyre",
            "display_name": "davidm",
            "team": "T3NRU3N8L",
            "name": "davidm",
            "is_restricted": false,
            "is_ultra_restricted": false
        },
        "blocks": [
            {
                "type": "rich_text",
                "block_id": "l=Ui",
                "elements": [
                    {
                        "type": "rich_text_section",
                        "elements": [
                            {
                                "type": "text",
                                "text": "Oh yeah. I needed to get a job to pay off my Computer Shopper BBS listings bill."
                            }
                        ]
                    }
                ]
            }
        ]
    },
    {
        "user": "U3NSHCBNH",
        "type": "message",
        "ts": "1497021010.316362",
        "text": "I wound up running my own BBS... let people call me... LOVED C-Net BBS...",
        "team": "T3NRU3N8L",
        "user_team": "T3NRU3N8L",
        "source_team": "T3NRU3N8L",
        "user_profile": {
            "avatar_hash": "f99a50cbd973",
            "image_72": "https:\/\/avatars.slack-edge.com\/2017-02-02\/136493625749_f99a50cbd973bb658f83_72.jpg",
            "first_name": "Keith",
            "real_name": "Keith Elkin",
            "display_name": "kelkin",
            "team": "T3NRU3N8L",
            "name": "kelkin",
            "is_restricted": false,
            "is_ultra_restricted": false
        },
        "blocks": [
            {
                "type": "rich_text",
                "block_id": "MkSJw",
                "elements": [
                    {
                        "type": "rich_text_section",
                        "elements": [
                            {
                                "type": "text",
                                "text": "I wound up running my own BBS... let people call me... LOVED C-Net BBS..."
                            }
                        ]
                    }
                ]
            }
        ]
    },
    {
        "user": "U3NSHCBNH",
        "type": "message",
        "ts": "1497021021.320661",
        "text": "And later on when I got to the PC world Telegard..",
        "team": "T3NRU3N8L",
        "user_team": "T3NRU3N8L",
        "source_team": "T3NRU3N8L",
        "user_profile": {
            "avatar_hash": "f99a50cbd973",
            "image_72": "https:\/\/avatars.slack-edge.com\/2017-02-02\/136493625749_f99a50cbd973bb658f83_72.jpg",
            "first_name": "Keith",
            "real_name": "Keith Elkin",
            "display_name": "kelkin",
            "team": "T3NRU3N8L",
            "name": "kelkin",
            "is_restricted": false,
            "is_ultra_restricted": false
        },
        "blocks": [
            {
                "type": "rich_text",
                "block_id": "y2yy",
                "elements": [
                    {
                        "type": "rich_text_section",
                        "elements": [
                            {
                                "type": "text",
                                "text": "And later on when I got to the PC world Telegard.."
                            }
                        ]
                    }
                ]
            }
        ]
    },
    {
        "user": "U3NSHCBNH",
        "type": "message",
        "ts": "1497021096.348174",
        "text": "Of course.. I grew up and graduated to huge Compuserve bills instead during the WA beta...",
        "team": "T3NRU3N8L",
        "user_team": "T3NRU3N8L",
        "source_team": "T3NRU3N8L",
        "user_profile": {
            "avatar_hash": "f99a50cbd973",
            "image_72": "https:\/\/avatars.slack-edge.com\/2017-02-02\/136493625749_f99a50cbd973bb658f83_72.jpg",
            "first_name": "Keith",
            "real_name": "Keith Elkin",
            "display_name": "kelkin",
            "team": "T3NRU3N8L",
            "name": "kelkin",
            "is_restricted": false,
            "is_ultra_restricted": false
        },
        "blocks": [
            {
                "type": "rich_text",
                "block_id": "9bgn9",
                "elements": [
                    {
                        "type": "rich_text_section",
                        "elements": [
                            {
                                "type": "text",
                                "text": "Of course.. I grew up and graduated to huge Compuserve bills instead during the WA beta..."
                            }
                        ]
                    }
                ]
            }
        ]
    },
    {
        "user": "U40A3G4QM",
        "type": "message",
        "ts": "1497028545.879446",
        "text": "I ran an Atari Oasis BBS for a while. The Adventurer's Guild in Mobile, AL",
        "team": "T3NRU3N8L",
        "user_team": "T3NRU3N8L",
        "source_team": "T3NRU3N8L",
        "user_profile": {
            "avatar_hash": "g21c91d033ec",
            "image_72": "https:\/\/secure.gravatar.com\/avatar\/a21c91d033ec956f06feb12bdbb6a5a1.jpg?s=72&d=https%3A%2F%2Fa.slack-edge.com%2Fdf10d%2Fimg%2Favatars%2Fava_0008-72.png",
            "first_name": "David",
            "real_name": "David McIntyre",
            "display_name": "davidm",
            "team": "T3NRU3N8L",
            "name": "davidm",
            "is_restricted": false,
            "is_ultra_restricted": false
        },
        "blocks": [
            {
                "type": "rich_text",
                "block_id": "FeTC",
                "elements": [
                    {
                        "type": "rich_text_section",
                        "elements": [
                            {
                                "type": "text",
                                "text": "I ran an Atari Oasis BBS for a while. The Adventurer's Guild in Mobile, AL"
                            }
                        ]
                    }
                ]
            }
        ]
    },
    {
        "subtype": "channel_join",
        "user": "U5SB0QUGN",
        "text": "<@U5SB0QUGN> has joined the channel",
        "type": "message",
        "ts": "1497031877.965862"
    },
    {
        "subtype": "channel_join",
        "user": "U5QTZC8P2",
        "text": "<@U5QTZC8P2> has joined the channel",
        "type": "message",
        "ts": "1497036852.499812"
    }
]