[
    {
        "subtype": "channel_join",
        "user": "U5VKKBA06",
        "text": "<@U5VKKBA06> has joined the channel",
        "type": "message",
        "ts": "1497611291.181342"
    },
    {
        "text": "The giant wand from the magic shop: is it supposed to do something? DO onto myself, my avatar jumps &amp; goes \"Ha\"; anything else he says, \"Nothing happens.\"",
        "files": [
            {
                "id": "F5V3QV2UD",
                "created": 1497628921,
                "timestamp": 1497628921,
                "name": "Untitled.png",
                "title": "Giant Wand",
                "mimetype": "image\/png",
                "filetype": "png",
                "pretty_type": "PNG",
                "user": "U5RMK1PRR",
                "user_team": "T3NRU3N8L",
                "editable": false,
                "size": 326364,
                "mode": "hosted",
                "is_external": false,
                "external_type": "",
                "is_public": true,
                "public_url_shared": false,
                "display_as_bot": false,
                "username": "",
                "url_private": "https:\/\/files.slack.com\/files-pri\/T3NRU3N8L-F5V3QV2UD\/untitled.png?t=xoxe-124878124292-7467719047090-7480385333457-4296bbd25a5710071a4df099b64b6f19",
                "url_private_download": "https:\/\/files.slack.com\/files-pri\/T3NRU3N8L-F5V3QV2UD\/download\/untitled.png?t=xoxe-124878124292-7467719047090-7480385333457-4296bbd25a5710071a4df099b64b6f19",
                "media_display_type": "unknown",
                "thumb_64": "https:\/\/files.slack.com\/files-tmb\/T3NRU3N8L-F5V3QV2UD-7a1b251e63\/untitled_64.png?t=xoxe-124878124292-7467719047090-7480385333457-4296bbd25a5710071a4df099b64b6f19",
                "thumb_80": "https:\/\/files.slack.com\/files-tmb\/T3NRU3N8L-F5V3QV2UD-7a1b251e63\/untitled_80.png?t=xoxe-124878124292-7467719047090-7480385333457-4296bbd25a5710071a4df099b64b6f19",
                "thumb_360": "https:\/\/files.slack.com\/files-tmb\/T3NRU3N8L-F5V3QV2UD-7a1b251e63\/untitled_360.png?t=xoxe-124878124292-7467719047090-7480385333457-4296bbd25a5710071a4df099b64b6f19",
                "thumb_360_w": 360,
                "thumb_360_h": 274,
                "thumb_480": "https:\/\/files.slack.com\/files-tmb\/T3NRU3N8L-F5V3QV2UD-7a1b251e63\/untitled_480.png?t=xoxe-124878124292-7467719047090-7480385333457-4296bbd25a5710071a4df099b64b6f19",
                "thumb_480_w": 480,
                "thumb_480_h": 365,
                "thumb_160": "https:\/\/files.slack.com\/files-tmb\/T3NRU3N8L-F5V3QV2UD-7a1b251e63\/untitled_160.png?t=xoxe-124878124292-7467719047090-7480385333457-4296bbd25a5710071a4df099b64b6f19",
                "thumb_720": "https:\/\/files.slack.com\/files-tmb\/T3NRU3N8L-F5V3QV2UD-7a1b251e63\/untitled_720.png?t=xoxe-124878124292-7467719047090-7480385333457-4296bbd25a5710071a4df099b64b6f19",
                "thumb_720_w": 720,
                "thumb_720_h": 547,
                "image_exif_rotation": 1,
                "original_w": 776,
                "original_h": 590,
                "permalink": "https:\/\/neohabitat.slack.com\/files\/U5RMK1PRR\/F5V3QV2UD\/untitled.png",
                "permalink_public": "https:\/\/slack-files.com\/T3NRU3N8L-F5V3QV2UD-eb4e34e510",
                "is_starred": false,
                "has_rich_preview": false,
                "file_access": "visible"
            }
        ],
        "upload": true,
        "user": "U5RMK1PRR",
        "display_as_bot": false,
        "blocks": [
            {
                "type": "rich_text",
                "block_id": "ALaj",
                "elements": [
                    {
                        "type": "rich_text_section",
                        "elements": [
                            {
                                "type": "user",
                                "user_id": "U5RMK1PRR"
                            },
                            {
                                "type": "text",
                                "text": " uploaded a file: "
                            },
                            {
                                "type": "link",
                                "url": "https:\/\/neohabitat.slack.com\/files\/madness\/F5V3QV2UD\/untitled.png",
                                "text": "Giant Wand"
                            },
                            {
                                "type": "text",
                                "text": " and commented: The giant wand from the magic shop: is it supposed to do something? DO onto myself, my avatar jumps & goes \"Ha\"; anything else he says, \"Nothing happens.\""
                            }
                        ]
                    }
                ]
            }
        ],
        "type": "message",
        "ts": "1497628924.253589"
    },
    {
        "text": "Got a big kick out of this! And this song was on the radio @ the time of the screenshot (no kidding!).",
        "files": [
            {
                "id": "F5V4CBH53",
                "created": 1497630815,
                "timestamp": 1497630815,
                "name": "Untitled1.png",
                "title": "Coincidence?",
                "mimetype": "image\/png",
                "filetype": "png",
                "pretty_type": "PNG",
                "user": "U5RMK1PRR",
                "user_team": "T3NRU3N8L",
                "editable": false,
                "size": 61330,
                "mode": "hosted",
                "is_external": false,
                "external_type": "",
                "is_public": true,
                "public_url_shared": false,
                "display_as_bot": false,
                "username": "",
                "url_private": "https:\/\/files.slack.com\/files-pri\/T3NRU3N8L-F5V4CBH53\/untitled1.png?t=xoxe-124878124292-7467719047090-7480385333457-4296bbd25a5710071a4df099b64b6f19",
                "url_private_download": "https:\/\/files.slack.com\/files-pri\/T3NRU3N8L-F5V4CBH53\/download\/untitled1.png?t=xoxe-124878124292-7467719047090-7480385333457-4296bbd25a5710071a4df099b64b6f19",
                "media_display_type": "unknown",
                "thumb_64": "https:\/\/files.slack.com\/files-tmb\/T3NRU3N8L-F5V4CBH53-3950fc2846\/untitled1_64.png?t=xoxe-124878124292-7467719047090-7480385333457-4296bbd25a5710071a4df099b64b6f19",
                "thumb_80": "https:\/\/files.slack.com\/files-tmb\/T3NRU3N8L-F5V4CBH53-3950fc2846\/untitled1_80.png?t=xoxe-124878124292-7467719047090-7480385333457-4296bbd25a5710071a4df099b64b6f19",
                "thumb_360": "https:\/\/files.slack.com\/files-tmb\/T3NRU3N8L-F5V4CBH53-3950fc2846\/untitled1_360.png?t=xoxe-124878124292-7467719047090-7480385333457-4296bbd25a5710071a4df099b64b6f19",
                "thumb_360_w": 360,
                "thumb_360_h": 273,
                "thumb_480": "https:\/\/files.slack.com\/files-tmb\/T3NRU3N8L-F5V4CBH53-3950fc2846\/untitled1_480.png?t=xoxe-124878124292-7467719047090-7480385333457-4296bbd25a5710071a4df099b64b6f19",
                "thumb_480_w": 480,
                "thumb_480_h": 365,
                "thumb_160": "https:\/\/files.slack.com\/files-tmb\/T3NRU3N8L-F5V4CBH53-3950fc2846\/untitled1_160.png?t=xoxe-124878124292-7467719047090-7480385333457-4296bbd25a5710071a4df099b64b6f19",
                "thumb_720": "https:\/\/files.slack.com\/files-tmb\/T3NRU3N8L-F5V4CBH53-3950fc2846\/untitled1_720.png?t=xoxe-124878124292-7467719047090-7480385333457-4296bbd25a5710071a4df099b64b6f19",
                "thumb_720_w": 720,
                "thumb_720_h": 547,
                "image_exif_rotation": 1,
                "original_w": 782,
                "original_h": 594,
                "permalink": "https:\/\/neohabitat.slack.com\/files\/U5RMK1PRR\/F5V4CBH53\/untitled1.png",
                "permalink_public": "https:\/\/slack-files.com\/T3NRU3N8L-F5V4CBH53-fc102ae55c",
                "is_starred": false,
                "has_rich_preview": false,
                "file_access": "visible"
            }
        ],
        "upload": true,
        "user": "U5RMK1PRR",
        "display_as_bot": false,
        "blocks": [
            {
                "type": "rich_text",
                "block_id": "r7jY4",
                "elements": [
                    {
                        "type": "rich_text_section",
                        "elements": [
                            {
                                "type": "user",
                                "user_id": "U5RMK1PRR"
                            },
                            {
                                "type": "text",
                                "text": " uploaded a file: "
                            },
                            {
                                "type": "link",
                                "url": "https:\/\/neohabitat.slack.com\/files\/madness\/F5V4CBH53\/untitled1.png",
                                "text": "Coincidence?"
                            },
                            {
                                "type": "text",
                                "text": " and commented: Got a big kick out of this! And this song was on the radio @ the time of the screenshot (no kidding!)."
                            }
                        ]
                    }
                ]
            }
        ],
        "type": "message",
        "ts": "1497630817.881266"
    },
    {
        "subtype": "file_comment",
        "text": "<@U5R2NC9P1> commented on <@U5RMK1PRR>’s file <https:\/\/neohabitat.slack.com\/files\/U5RMK1PRR\/F5V3QV2UD\/untitled.png|https:\/\/neohabitat.slack.com\/files\/U5RMK1PRR\/F5V3QV2UD\/untitled.png>: This is a jump wand. You can make others jump with it too.",
        "comment": {
            "id": "Fc5V4URGR3",
            "created": 1497632359,
            "timestamp": 1497632359,
            "user": "U5R2NC9P1",
            "is_intro": false,
            "comment": "This is a jump wand. You can make others jump with it too."
        },
        "is_intro": false,
        "file": {
            "id": "F5V3QV2UD",
            "created": 1497628921,
            "timestamp": 1497628921,
            "name": "Untitled.png",
            "title": "Giant Wand",
            "mimetype": "image\/png",
            "filetype": "png",
            "pretty_type": "PNG",
            "user": "U5RMK1PRR",
            "user_team": "T3NRU3N8L",
            "editable": false,
            "size": 326364,
            "mode": "hosted",
            "is_external": false,
            "external_type": "",
            "is_public": true,
            "public_url_shared": false,
            "display_as_bot": false,
            "username": "",
            "url_private": "https:\/\/files.slack.com\/files-pri\/T3NRU3N8L-F5V3QV2UD\/untitled.png?t=xoxe-124878124292-7467719047090-7480385333457-4296bbd25a5710071a4df099b64b6f19",
            "url_private_download": "https:\/\/files.slack.com\/files-pri\/T3NRU3N8L-F5V3QV2UD\/download\/untitled.png?t=xoxe-124878124292-7467719047090-7480385333457-4296bbd25a5710071a4df099b64b6f19",
            "media_display_type": "unknown",
            "thumb_64": "https:\/\/files.slack.com\/files-tmb\/T3NRU3N8L-F5V3QV2UD-7a1b251e63\/untitled_64.png?t=xoxe-124878124292-7467719047090-7480385333457-4296bbd25a5710071a4df099b64b6f19",
            "thumb_80": "https:\/\/files.slack.com\/files-tmb\/T3NRU3N8L-F5V3QV2UD-7a1b251e63\/untitled_80.png?t=xoxe-124878124292-7467719047090-7480385333457-4296bbd25a5710071a4df099b64b6f19",
            "thumb_360": "https:\/\/files.slack.com\/files-tmb\/T3NRU3N8L-F5V3QV2UD-7a1b251e63\/untitled_360.png?t=xoxe-124878124292-7467719047090-7480385333457-4296bbd25a5710071a4df099b64b6f19",
            "thumb_360_w": 360,
            "thumb_360_h": 274,
            "thumb_480": "https:\/\/files.slack.com\/files-tmb\/T3NRU3N8L-F5V3QV2UD-7a1b251e63\/untitled_480.png?t=xoxe-124878124292-7467719047090-7480385333457-4296bbd25a5710071a4df099b64b6f19",
            "thumb_480_w": 480,
            "thumb_480_h": 365,
            "thumb_160": "https:\/\/files.slack.com\/files-tmb\/T3NRU3N8L-F5V3QV2UD-7a1b251e63\/untitled_160.png?t=xoxe-124878124292-7467719047090-7480385333457-4296bbd25a5710071a4df099b64b6f19",
            "thumb_720": "https:\/\/files.slack.com\/files-tmb\/T3NRU3N8L-F5V3QV2UD-7a1b251e63\/untitled_720.png?t=xoxe-124878124292-7467719047090-7480385333457-4296bbd25a5710071a4df099b64b6f19",
            "thumb_720_w": 720,
            "thumb_720_h": 547,
            "image_exif_rotation": 1,
            "original_w": 776,
            "original_h": 590,
            "permalink": "https:\/\/neohabitat.slack.com\/files\/U5RMK1PRR\/F5V3QV2UD\/untitled.png",
            "permalink_public": "https:\/\/slack-files.com\/T3NRU3N8L-F5V3QV2UD-eb4e34e510",
            "is_starred": false,
            "has_rich_preview": false,
            "file_access": "visible"
        },
        "files": [
            {
                "id": "F5V3QV2UD",
                "created": 1497628921,
                "timestamp": 1497628921,
                "name": "Untitled.png",
                "title": "Giant Wand",
                "mimetype": "image\/png",
                "filetype": "png",
                "pretty_type": "PNG",
                "user": "U5RMK1PRR",
                "user_team": "T3NRU3N8L",
                "editable": false,
                "size": 326364,
                "mode": "hosted",
                "is_external": false,
                "external_type": "",
                "is_public": true,
                "public_url_shared": false,
                "display_as_bot": false,
                "username": "",
                "url_private": "https:\/\/files.slack.com\/files-pri\/T3NRU3N8L-F5V3QV2UD\/untitled.png?t=xoxe-124878124292-7467719047090-7480385333457-4296bbd25a5710071a4df099b64b6f19",
                "url_private_download": "https:\/\/files.slack.com\/files-pri\/T3NRU3N8L-F5V3QV2UD\/download\/untitled.png?t=xoxe-124878124292-7467719047090-7480385333457-4296bbd25a5710071a4df099b64b6f19",
                "media_display_type": "unknown",
                "thumb_64": "https:\/\/files.slack.com\/files-tmb\/T3NRU3N8L-F5V3QV2UD-7a1b251e63\/untitled_64.png?t=xoxe-124878124292-7467719047090-7480385333457-4296bbd25a5710071a4df099b64b6f19",
                "thumb_80": "https:\/\/files.slack.com\/files-tmb\/T3NRU3N8L-F5V3QV2UD-7a1b251e63\/untitled_80.png?t=xoxe-124878124292-7467719047090-7480385333457-4296bbd25a5710071a4df099b64b6f19",
                "thumb_360": "https:\/\/files.slack.com\/files-tmb\/T3NRU3N8L-F5V3QV2UD-7a1b251e63\/untitled_360.png?t=xoxe-124878124292-7467719047090-7480385333457-4296bbd25a5710071a4df099b64b6f19",
                "thumb_360_w": 360,
                "thumb_360_h": 274,
                "thumb_480": "https:\/\/files.slack.com\/files-tmb\/T3NRU3N8L-F5V3QV2UD-7a1b251e63\/untitled_480.png?t=xoxe-124878124292-7467719047090-7480385333457-4296bbd25a5710071a4df099b64b6f19",
                "thumb_480_w": 480,
                "thumb_480_h": 365,
                "thumb_160": "https:\/\/files.slack.com\/files-tmb\/T3NRU3N8L-F5V3QV2UD-7a1b251e63\/untitled_160.png?t=xoxe-124878124292-7467719047090-7480385333457-4296bbd25a5710071a4df099b64b6f19",
                "thumb_720": "https:\/\/files.slack.com\/files-tmb\/T3NRU3N8L-F5V3QV2UD-7a1b251e63\/untitled_720.png?t=xoxe-124878124292-7467719047090-7480385333457-4296bbd25a5710071a4df099b64b6f19",
                "thumb_720_w": 720,
                "thumb_720_h": 547,
                "image_exif_rotation": 1,
                "original_w": 776,
                "original_h": 590,
                "permalink": "https:\/\/neohabitat.slack.com\/files\/U5RMK1PRR\/F5V3QV2UD\/untitled.png",
                "permalink_public": "https:\/\/slack-files.com\/T3NRU3N8L-F5V3QV2UD-eb4e34e510",
                "is_starred": false,
                "has_rich_preview": false,
                "file_access": "visible"
            }
        ],
        "team": "T00",
        "blocks": [
            {
                "type": "rich_text",
                "elements": [
                    {
                        "type": "rich_text_section",
                        "elements": [
                            {
                                "type": "text",
                                "text": "<@U5R2NC9P1> commented on <@U5RMK1PRR>’s file <https:\/\/neohabitat.slack.com\/files\/U5RMK1PRR\/F5V3QV2UD\/untitled.png|https:\/\/neohabitat.slack.com\/files\/U5RMK1PRR\/F5V3QV2UD\/untitled.png>: This is a jump wand. You can make others jump with it too."
                            }
                        ]
                    }
                ]
            }
        ],
        "type": "message",
        "ts": "1497632359.378801"
    },
    {
        "user": "U5RMK1PRR",
        "type": "message",
        "ts": "1497633295.678462",
        "text": "Does it do anything else?",
        "team": "T3NRU3N8L",
        "user_team": "T3NRU3N8L",
        "source_team": "T3NRU3N8L",
        "user_profile": {
            "avatar_hash": "2961fcbc8d7c",
            "image_72": "https:\/\/avatars.slack-edge.com\/2017-06-10\/195141644976_2961fcbc8d7ca20567b4_72.png",
            "first_name": "Bill",
            "real_name": "Bill Moynihan",
            "display_name": "madness",
            "team": "T3NRU3N8L",
            "name": "madness",
            "is_restricted": false,
            "is_ultra_restricted": false
        },
        "blocks": [
            {
                "type": "rich_text",
                "block_id": "N8B1",
                "elements": [
                    {
                        "type": "rich_text_section",
                        "elements": [
                            {
                                "type": "text",
                                "text": "Does it do anything else?"
                            }
                        ]
                    }
                ]
            }
        ]
    },
    {
        "user": "U3NS4Q413",
        "type": "message",
        "ts": "1497633341.693008",
        "text": "Oh! You found the Back Room. Congratulations!",
        "team": "T3NRU3N8L",
        "user_team": "T3NRU3N8L",
        "source_team": "T3NRU3N8L",
        "user_profile": {
            "avatar_hash": "9a824257f5f9",
            "image_72": "https:\/\/avatars.slack-edge.com\/2017-06-19\/200099674645_9a824257f5f9fea53c25_72.png",
            "first_name": "Randy",
            "real_name": "Randy Farmer",
            "display_name": "randy",
            "team": "T3NRU3N8L",
            "name": "randy",
            "is_restricted": false,
            "is_ultra_restricted": false
        },
        "blocks": [
            {
                "type": "rich_text",
                "block_id": "WfYwA",
                "elements": [
                    {
                        "type": "rich_text_section",
                        "elements": [
                            {
                                "type": "text",
                                "text": "Oh! You found the Back Room. Congratulations!"
                            }
                        ]
                    }
                ]
            }
        ]
    },
    {
        "user": "U3NS4Q413",
        "type": "message",
        "ts": "1497633358.698454",
        "text": "Those regions are all where we play with new items we've imported...",
        "team": "T3NRU3N8L",
        "user_team": "T3NRU3N8L",
        "source_team": "T3NRU3N8L",
        "user_profile": {
            "avatar_hash": "9a824257f5f9",
            "image_72": "https:\/\/avatars.slack-edge.com\/2017-06-19\/200099674645_9a824257f5f9fea53c25_72.png",
            "first_name": "Randy",
            "real_name": "Randy Farmer",
            "display_name": "randy",
            "team": "T3NRU3N8L",
            "name": "randy",
            "is_restricted": false,
            "is_ultra_restricted": false
        },
        "blocks": [
            {
                "type": "rich_text",
                "block_id": "F0wC",
                "elements": [
                    {
                        "type": "rich_text_section",
                        "elements": [
                            {
                                "type": "text",
                                "text": "Those regions are all where we play with new items we've imported..."
                            }
                        ]
                    }
                ]
            }
        ]
    },
    {
        "user": "U3NS4Q413",
        "type": "message",
        "ts": "1497633706.807661",
        "text": "Head \"UP\" from that region to find the teleport so you can leave.",
        "team": "T3NRU3N8L",
        "user_team": "T3NRU3N8L",
        "source_team": "T3NRU3N8L",
        "user_profile": {
            "avatar_hash": "9a824257f5f9",
            "image_72": "https:\/\/avatars.slack-edge.com\/2017-06-19\/200099674645_9a824257f5f9fea53c25_72.png",
            "first_name": "Randy",
            "real_name": "Randy Farmer",
            "display_name": "randy",
            "team": "T3NRU3N8L",
            "name": "randy",
            "is_restricted": false,
            "is_ultra_restricted": false
        },
        "blocks": [
            {
                "type": "rich_text",
                "block_id": "YiN",
                "elements": [
                    {
                        "type": "rich_text_section",
                        "elements": [
                            {
                                "type": "text",
                                "text": "Head \"UP\" from that region to find the teleport so you can leave."
                            }
                        ]
                    }
                ]
            }
        ]
    },
    {
        "user": "U5VKKBA06",
        "type": "message",
        "ts": "1497634487.058440",
        "text": "hey is there anyway to save as in keep what you did in game",
        "team": "T3NRU3N8L",
        "user_team": "T3NRU3N8L",
        "source_team": "T3NRU3N8L",
        "user_profile": {
            "avatar_hash": "ge4205313c9b",
            "image_72": "https:\/\/secure.gravatar.com\/avatar\/be4205313c9bcedd5a08e38da7fd1697.jpg?s=72&d=https%3A%2F%2Fa.slack-edge.com%2Fdf10d%2Fimg%2Favatars%2Fava_0012-72.png",
            "first_name": "dylan",
            "real_name": "dylan kavanagh",
            "display_name": "cool56571",
            "team": "T3NRU3N8L",
            "name": "cool56571",
            "is_restricted": false,
            "is_ultra_restricted": false
        },
        "blocks": [
            {
                "type": "rich_text",
                "block_id": "9s3S",
                "elements": [
                    {
                        "type": "rich_text_section",
                        "elements": [
                            {
                                "type": "text",
                                "text": "hey is there anyway to save as in keep what you did in game"
                            }
                        ]
                    }
                ]
            }
        ]
    },
    {
        "user": "U5VKKBA06",
        "type": "message",
        "ts": "1497634509.065278",
        "text": "im only 12 and ireally dont know what im doing with this kind of stuff",
        "team": "T3NRU3N8L",
        "user_team": "T3NRU3N8L",
        "source_team": "T3NRU3N8L",
        "user_profile": {
            "avatar_hash": "ge4205313c9b",
            "image_72": "https:\/\/secure.gravatar.com\/avatar\/be4205313c9bcedd5a08e38da7fd1697.jpg?s=72&d=https%3A%2F%2Fa.slack-edge.com%2Fdf10d%2Fimg%2Favatars%2Fava_0012-72.png",
            "first_name": "dylan",
            "real_name": "dylan kavanagh",
            "display_name": "cool56571",
            "team": "T3NRU3N8L",
            "name": "cool56571",
            "is_restricted": false,
            "is_ultra_restricted": false
        },
        "blocks": [
            {
                "type": "rich_text",
                "block_id": "IWZDE",
                "elements": [
                    {
                        "type": "rich_text_section",
                        "elements": [
                            {
                                "type": "text",
                                "text": "im only 12 and ireally dont know what im doing with this kind of stuff"
                            }
                        ]
                    }
                ]
            }
        ]
    },
    {
        "user": "U3NS4Q413",
        "type": "message",
        "ts": "1497634816.161390",
        "text": "It saves itself constantly.",
        "team": "T3NRU3N8L",
        "user_team": "T3NRU3N8L",
        "source_team": "T3NRU3N8L",
        "user_profile": {
            "avatar_hash": "9a824257f5f9",
            "image_72": "https:\/\/avatars.slack-edge.com\/2017-06-19\/200099674645_9a824257f5f9fea53c25_72.png",
            "first_name": "Randy",
            "real_name": "Randy Farmer",
            "display_name": "randy",
            "team": "T3NRU3N8L",
            "name": "randy",
            "is_restricted": false,
            "is_ultra_restricted": false
        },
        "blocks": [
            {
                "type": "rich_text",
                "block_id": "JRd",
                "elements": [
                    {
                        "type": "rich_text_section",
                        "elements": [
                            {
                                "type": "text",
                                "text": "It saves itself constantly."
                            }
                        ]
                    }
                ]
            }
        ]
    },
    {
        "user": "U3NS4Q413",
        "type": "message",
        "ts": "1497634831.166464",
        "text": "Use the same Avatar name and you'll pick up right where you left off.",
        "team": "T3NRU3N8L",
        "user_team": "T3NRU3N8L",
        "source_team": "T3NRU3N8L",
        "user_profile": {
            "avatar_hash": "9a824257f5f9",
            "image_72": "https:\/\/avatars.slack-edge.com\/2017-06-19\/200099674645_9a824257f5f9fea53c25_72.png",
            "first_name": "Randy",
            "real_name": "Randy Farmer",
            "display_name": "randy",
            "team": "T3NRU3N8L",
            "name": "randy",
            "is_restricted": false,
            "is_ultra_restricted": false
        },
        "blocks": [
            {
                "type": "rich_text",
                "block_id": "HgZO3",
                "elements": [
                    {
                        "type": "rich_text_section",
                        "elements": [
                            {
                                "type": "text",
                                "text": "Use the same Avatar name and you'll pick up right where you left off."
                            }
                        ]
                    }
                ]
            }
        ]
    },
    {
        "user": "U5VKKBA06",
        "type": "message",
        "ts": "1497634855.173758",
        "text": "ah thank you im just really intrested in retro games",
        "team": "T3NRU3N8L",
        "user_team": "T3NRU3N8L",
        "source_team": "T3NRU3N8L",
        "user_profile": {
            "avatar_hash": "ge4205313c9b",
            "image_72": "https:\/\/secure.gravatar.com\/avatar\/be4205313c9bcedd5a08e38da7fd1697.jpg?s=72&d=https%3A%2F%2Fa.slack-edge.com%2Fdf10d%2Fimg%2Favatars%2Fava_0012-72.png",
            "first_name": "dylan",
            "real_name": "dylan kavanagh",
            "display_name": "cool56571",
            "team": "T3NRU3N8L",
            "name": "cool56571",
            "is_restricted": false,
            "is_ultra_restricted": false
        },
        "blocks": [
            {
                "type": "rich_text",
                "block_id": "Nd8",
                "elements": [
                    {
                        "type": "rich_text_section",
                        "elements": [
                            {
                                "type": "text",
                                "text": "ah thank you im just really intrested in retro games"
                            }
                        ]
                    }
                ]
            }
        ]
    },
    {
        "user": "U3NS4Q413",
        "type": "message",
        "ts": "1497634868.178028",
        "text": "This is the first MMO\/Virtual World",
        "team": "T3NRU3N8L",
        "user_team": "T3NRU3N8L",
        "source_team": "T3NRU3N8L",
        "user_profile": {
            "avatar_hash": "9a824257f5f9",
            "image_72": "https:\/\/avatars.slack-edge.com\/2017-06-19\/200099674645_9a824257f5f9fea53c25_72.png",
            "first_name": "Randy",
            "real_name": "Randy Farmer",
            "display_name": "randy",
            "team": "T3NRU3N8L",
            "name": "randy",
            "is_restricted": false,
            "is_ultra_restricted": false
        },
        "blocks": [
            {
                "type": "rich_text",
                "block_id": "wqh",
                "elements": [
                    {
                        "type": "rich_text_section",
                        "elements": [
                            {
                                "type": "text",
                                "text": "This is the first MMO\/Virtual World"
                            }
                        ]
                    }
                ]
            }
        ]
    },
    {
        "user": "U5VKKBA06",
        "type": "message",
        "ts": "1497634907.190346",
        "text": "i know i was looking it up a while ago 2 years ago i hear about the MADE project althugh it dident seem like it was going anywhere",
        "team": "T3NRU3N8L",
        "user_team": "T3NRU3N8L",
        "source_team": "T3NRU3N8L",
        "user_profile": {
            "avatar_hash": "ge4205313c9b",
            "image_72": "https:\/\/secure.gravatar.com\/avatar\/be4205313c9bcedd5a08e38da7fd1697.jpg?s=72&d=https%3A%2F%2Fa.slack-edge.com%2Fdf10d%2Fimg%2Favatars%2Fava_0012-72.png",
            "first_name": "dylan",
            "real_name": "dylan kavanagh",
            "display_name": "cool56571",
            "team": "T3NRU3N8L",
            "name": "cool56571",
            "is_restricted": false,
            "is_ultra_restricted": false
        },
        "blocks": [
            {
                "type": "rich_text",
                "block_id": "dEq9+",
                "elements": [
                    {
                        "type": "rich_text_section",
                        "elements": [
                            {
                                "type": "text",
                                "text": "i know i was looking it up a while ago 2 years ago i hear about the MADE project althugh it dident seem like it was going anywhere"
                            }
                        ]
                    }
                ]
            }
        ]
    },
    {
        "user": "U5VKKBA06",
        "type": "message",
        "ts": "1497634948.203574",
        "text": "i first heard about it in a video about the history of mmorpgs",
        "team": "T3NRU3N8L",
        "user_team": "T3NRU3N8L",
        "source_team": "T3NRU3N8L",
        "user_profile": {
            "avatar_hash": "ge4205313c9b",
            "image_72": "https:\/\/secure.gravatar.com\/avatar\/be4205313c9bcedd5a08e38da7fd1697.jpg?s=72&d=https%3A%2F%2Fa.slack-edge.com%2Fdf10d%2Fimg%2Favatars%2Fava_0012-72.png",
            "first_name": "dylan",
            "real_name": "dylan kavanagh",
            "display_name": "cool56571",
            "team": "T3NRU3N8L",
            "name": "cool56571",
            "is_restricted": false,
            "is_ultra_restricted": false
        },
        "blocks": [
            {
                "type": "rich_text",
                "block_id": "T\/P4E",
                "elements": [
                    {
                        "type": "rich_text_section",
                        "elements": [
                            {
                                "type": "text",
                                "text": "i first heard about it in a video about the history of mmorpgs"
                            }
                        ]
                    }
                ]
            }
        ]
    },
    {
        "user": "U5VKKBA06",
        "type": "message",
        "ts": "1497635055.236757",
        "text": "never did think id get to play it",
        "team": "T3NRU3N8L",
        "user_team": "T3NRU3N8L",
        "source_team": "T3NRU3N8L",
        "user_profile": {
            "avatar_hash": "ge4205313c9b",
            "image_72": "https:\/\/secure.gravatar.com\/avatar\/be4205313c9bcedd5a08e38da7fd1697.jpg?s=72&d=https%3A%2F%2Fa.slack-edge.com%2Fdf10d%2Fimg%2Favatars%2Fava_0012-72.png",
            "first_name": "dylan",
            "real_name": "dylan kavanagh",
            "display_name": "cool56571",
            "team": "T3NRU3N8L",
            "name": "cool56571",
            "is_restricted": false,
            "is_ultra_restricted": false
        },
        "blocks": [
            {
                "type": "rich_text",
                "block_id": "f9U",
                "elements": [
                    {
                        "type": "rich_text_section",
                        "elements": [
                            {
                                "type": "text",
                                "text": "never did think id get to play it"
                            }
                        ]
                    }
                ]
            }
        ]
    },
    {
        "user": "U5VKKBA06",
        "type": "message",
        "ts": "1497635077.243762",
        "text": "so what things work and dont work",
        "team": "T3NRU3N8L",
        "user_team": "T3NRU3N8L",
        "source_team": "T3NRU3N8L",
        "user_profile": {
            "avatar_hash": "ge4205313c9b",
            "image_72": "https:\/\/secure.gravatar.com\/avatar\/be4205313c9bcedd5a08e38da7fd1697.jpg?s=72&d=https%3A%2F%2Fa.slack-edge.com%2Fdf10d%2Fimg%2Favatars%2Fava_0012-72.png",
            "first_name": "dylan",
            "real_name": "dylan kavanagh",
            "display_name": "cool56571",
            "team": "T3NRU3N8L",
            "name": "cool56571",
            "is_restricted": false,
            "is_ultra_restricted": false
        },
        "blocks": [
            {
                "type": "rich_text",
                "block_id": "VmJ",
                "elements": [
                    {
                        "type": "rich_text_section",
                        "elements": [
                            {
                                "type": "text",
                                "text": "so what things work and dont work"
                            }
                        ]
                    }
                ]
            }
        ]
    },
    {
        "user": "U5VKKBA06",
        "type": "message",
        "ts": "1497635098.250283",
        "text": "this is in an alpha after all",
        "team": "T3NRU3N8L",
        "user_team": "T3NRU3N8L",
        "source_team": "T3NRU3N8L",
        "user_profile": {
            "avatar_hash": "ge4205313c9b",
            "image_72": "https:\/\/secure.gravatar.com\/avatar\/be4205313c9bcedd5a08e38da7fd1697.jpg?s=72&d=https%3A%2F%2Fa.slack-edge.com%2Fdf10d%2Fimg%2Favatars%2Fava_0012-72.png",
            "first_name": "dylan",
            "real_name": "dylan kavanagh",
            "display_name": "cool56571",
            "team": "T3NRU3N8L",
            "name": "cool56571",
            "is_restricted": false,
            "is_ultra_restricted": false
        },
        "blocks": [
            {
                "type": "rich_text",
                "block_id": "IpC",
                "elements": [
                    {
                        "type": "rich_text_section",
                        "elements": [
                            {
                                "type": "text",
                                "text": "this is in an alpha after all"
                            }
                        ]
                    }
                ]
            }
        ]
    },
    {
        "user": "U3N3P0V89",
        "type": "message",
        "ts": "1497636394.682804",
        "text": "<@U5VKKBA06> just try it out :) read the handbook, talk to people in game, try using do on everything, move the cursor over stuff and press f7 on it. It's the best way. Things work really well to be honest (recent glitches aside) and a lot of stuff is working ",
        "team": "T3NRU3N8L",
        "user_team": "T3NRU3N8L",
        "source_team": "T3NRU3N8L",
        "user_profile": {
            "avatar_hash": "6dcfc9e0d4c7",
            "image_72": "https:\/\/avatars.slack-edge.com\/2017-06-07\/195047001686_6dcfc9e0d4c71e750732_72.png",
            "first_name": "Stu",
            "real_name": "Stu",
            "display_name": "stu",
            "team": "T3NRU3N8L",
            "name": "stu",
            "is_restricted": false,
            "is_ultra_restricted": false
        },
        "blocks": [
            {
                "type": "rich_text",
                "block_id": "Vz7zb",
                "elements": [
                    {
                        "type": "rich_text_section",
                        "elements": [
                            {
                                "type": "user",
                                "user_id": "U5VKKBA06"
                            },
                            {
                                "type": "text",
                                "text": " just try it out :) read the handbook, talk to people in game, try using do on everything, move the cursor over stuff and press f7 on it. It's the best way. Things work really well to be honest (recent glitches aside) and a lot of stuff is working"
                            }
                        ]
                    }
                ]
            }
        ]
    },
    {
        "user": "U5VKKBA06",
        "type": "message",
        "ts": "1497636780.806917",
        "text": "oh right thank ou",
        "team": "T3NRU3N8L",
        "user_team": "T3NRU3N8L",
        "source_team": "T3NRU3N8L",
        "user_profile": {
            "avatar_hash": "ge4205313c9b",
            "image_72": "https:\/\/secure.gravatar.com\/avatar\/be4205313c9bcedd5a08e38da7fd1697.jpg?s=72&d=https%3A%2F%2Fa.slack-edge.com%2Fdf10d%2Fimg%2Favatars%2Fava_0012-72.png",
            "first_name": "dylan",
            "real_name": "dylan kavanagh",
            "display_name": "cool56571",
            "team": "T3NRU3N8L",
            "name": "cool56571",
            "is_restricted": false,
            "is_ultra_restricted": false
        },
        "blocks": [
            {
                "type": "rich_text",
                "block_id": "IS4R",
                "elements": [
                    {
                        "type": "rich_text_section",
                        "elements": [
                            {
                                "type": "text",
                                "text": "oh right thank ou"
                            }
                        ]
                    }
                ]
            }
        ]
    },
    {
        "user": "U5VKKBA06",
        "type": "message",
        "ts": "1497636783.807852",
        "text": "you",
        "team": "T3NRU3N8L",
        "user_team": "T3NRU3N8L",
        "source_team": "T3NRU3N8L",
        "user_profile": {
            "avatar_hash": "ge4205313c9b",
            "image_72": "https:\/\/secure.gravatar.com\/avatar\/be4205313c9bcedd5a08e38da7fd1697.jpg?s=72&d=https%3A%2F%2Fa.slack-edge.com%2Fdf10d%2Fimg%2Favatars%2Fava_0012-72.png",
            "first_name": "dylan",
            "real_name": "dylan kavanagh",
            "display_name": "cool56571",
            "team": "T3NRU3N8L",
            "name": "cool56571",
            "is_restricted": false,
            "is_ultra_restricted": false
        },
        "blocks": [
            {
                "type": "rich_text",
                "block_id": "pGin",
                "elements": [
                    {
                        "type": "rich_text_section",
                        "elements": [
                            {
                                "type": "text",
                                "text": "you"
                            }
                        ]
                    }
                ]
            }
        ]
    },
    {
        "user": "U5VKKBA06",
        "type": "message",
        "ts": "1497637093.908588",
        "text": "oh and by the way if that head is who i thnk it i may the force be with you",
        "team": "T3NRU3N8L",
        "user_team": "T3NRU3N8L",
        "source_team": "T3NRU3N8L",
        "user_profile": {
            "avatar_hash": "ge4205313c9b",
            "image_72": "https:\/\/secure.gravatar.com\/avatar\/be4205313c9bcedd5a08e38da7fd1697.jpg?s=72&d=https%3A%2F%2Fa.slack-edge.com%2Fdf10d%2Fimg%2Favatars%2Fava_0012-72.png",
            "first_name": "dylan",
            "real_name": "dylan kavanagh",
            "display_name": "cool56571",
            "team": "T3NRU3N8L",
            "name": "cool56571",
            "is_restricted": false,
            "is_ultra_restricted": false
        },
        "blocks": [
            {
                "type": "rich_text",
                "block_id": "Ci=F",
                "elements": [
                    {
                        "type": "rich_text_section",
                        "elements": [
                            {
                                "type": "text",
                                "text": "oh and by the way if that head is who i thnk it i may the force be with you"
                            }
                        ]
                    }
                ]
            }
        ]
    },
    {
        "user": "U5RMK1PRR",
        "type": "message",
        "ts": "1497637506.040090",
        "text": "One more query: I found a key. How would I find out what it goes to?",
        "team": "T3NRU3N8L",
        "user_team": "T3NRU3N8L",
        "source_team": "T3NRU3N8L",
        "user_profile": {
            "avatar_hash": "2961fcbc8d7c",
            "image_72": "https:\/\/avatars.slack-edge.com\/2017-06-10\/195141644976_2961fcbc8d7ca20567b4_72.png",
            "first_name": "Bill",
            "real_name": "Bill Moynihan",
            "display_name": "madness",
            "team": "T3NRU3N8L",
            "name": "madness",
            "is_restricted": false,
            "is_ultra_restricted": false
        },
        "blocks": [
            {
                "type": "rich_text",
                "block_id": "chcoo",
                "elements": [
                    {
                        "type": "rich_text_section",
                        "elements": [
                            {
                                "type": "text",
                                "text": "One more query: I found a key. How would I find out what it goes to?"
                            }
                        ]
                    }
                ]
            }
        ]
    },
    {
        "user": "U3NS4Q413",
        "type": "message",
        "ts": "1497637532.048630",
        "text": "LOL. You found that in the backroom.",
        "team": "T3NRU3N8L",
        "user_team": "T3NRU3N8L",
        "source_team": "T3NRU3N8L",
        "user_profile": {
            "avatar_hash": "9a824257f5f9",
            "image_72": "https:\/\/avatars.slack-edge.com\/2017-06-19\/200099674645_9a824257f5f9fea53c25_72.png",
            "first_name": "Randy",
            "real_name": "Randy Farmer",
            "display_name": "randy",
            "team": "T3NRU3N8L",
            "name": "randy",
            "is_restricted": false,
            "is_ultra_restricted": false
        },
        "blocks": [
            {
                "type": "rich_text",
                "block_id": "35F8",
                "elements": [
                    {
                        "type": "rich_text_section",
                        "elements": [
                            {
                                "type": "text",
                                "text": "LOL. You found that in the backroom."
                            }
                        ]
                    }
                ]
            }
        ]
    },
    {
        "user": "U3NS4Q413",
        "type": "message",
        "ts": "1497637543.052303",
        "text": "It goes to a box that someone else stole from back there.",
        "team": "T3NRU3N8L",
        "user_team": "T3NRU3N8L",
        "source_team": "T3NRU3N8L",
        "user_profile": {
            "avatar_hash": "9a824257f5f9",
            "image_72": "https:\/\/avatars.slack-edge.com\/2017-06-19\/200099674645_9a824257f5f9fea53c25_72.png",
            "first_name": "Randy",
            "real_name": "Randy Farmer",
            "display_name": "randy",
            "team": "T3NRU3N8L",
            "name": "randy",
            "is_restricted": false,
            "is_ultra_restricted": false
        },
        "blocks": [
            {
                "type": "rich_text",
                "block_id": "I\/1QM",
                "elements": [
                    {
                        "type": "rich_text_section",
                        "elements": [
                            {
                                "type": "text",
                                "text": "It goes to a box that someone else stole from back there."
                            }
                        ]
                    }
                ]
            }
        ]
    },
    {
        "user": "U3N3P0V89",
        "type": "message",
        "ts": "1497637564.058736",
        "text": "you and the person who stole the original box will need to find each other :wink:",
        "team": "T3NRU3N8L",
        "user_team": "T3NRU3N8L",
        "source_team": "T3NRU3N8L",
        "user_profile": {
            "avatar_hash": "6dcfc9e0d4c7",
            "image_72": "https:\/\/avatars.slack-edge.com\/2017-06-07\/195047001686_6dcfc9e0d4c71e750732_72.png",
            "first_name": "Stu",
            "real_name": "Stu",
            "display_name": "stu",
            "team": "T3NRU3N8L",
            "name": "stu",
            "is_restricted": false,
            "is_ultra_restricted": false
        },
        "blocks": [
            {
                "type": "rich_text",
                "block_id": "qgX",
                "elements": [
                    {
                        "type": "rich_text_section",
                        "elements": [
                            {
                                "type": "text",
                                "text": "you and the person who stole the original box will need to find each other "
                            },
                            {
                                "type": "emoji",
                                "name": "wink",
                                "unicode": "1f609"
                            }
                        ]
                    }
                ]
            }
        ]
    },
    {
        "user": "U5RMK1PRR",
        "type": "message",
        "ts": "1497637580.063963",
        "text": "If you mean \"test\" then yes, I found it there; it's light blue.",
        "team": "T3NRU3N8L",
        "user_team": "T3NRU3N8L",
        "source_team": "T3NRU3N8L",
        "user_profile": {
            "avatar_hash": "2961fcbc8d7c",
            "image_72": "https:\/\/avatars.slack-edge.com\/2017-06-10\/195141644976_2961fcbc8d7ca20567b4_72.png",
            "first_name": "Bill",
            "real_name": "Bill Moynihan",
            "display_name": "madness",
            "team": "T3NRU3N8L",
            "name": "madness",
            "is_restricted": false,
            "is_ultra_restricted": false
        },
        "blocks": [
            {
                "type": "rich_text",
                "block_id": "5p4Ob",
                "elements": [
                    {
                        "type": "rich_text_section",
                        "elements": [
                            {
                                "type": "text",
                                "text": "If you mean \"test\" then yes, I found it there; it's light blue."
                            }
                        ]
                    }
                ]
            }
        ]
    },
    {
        "user": "U5RMK1PRR",
        "type": "message",
        "ts": "1497637661.090453",
        "text": "<@U3N3P0V89> Hmmm, snowball's chance in Hell of finding it?",
        "team": "T3NRU3N8L",
        "user_team": "T3NRU3N8L",
        "source_team": "T3NRU3N8L",
        "user_profile": {
            "avatar_hash": "2961fcbc8d7c",
            "image_72": "https:\/\/avatars.slack-edge.com\/2017-06-10\/195141644976_2961fcbc8d7ca20567b4_72.png",
            "first_name": "Bill",
            "real_name": "Bill Moynihan",
            "display_name": "madness",
            "team": "T3NRU3N8L",
            "name": "madness",
            "is_restricted": false,
            "is_ultra_restricted": false
        },
        "blocks": [
            {
                "type": "rich_text",
                "block_id": "0Bo",
                "elements": [
                    {
                        "type": "rich_text_section",
                        "elements": [
                            {
                                "type": "user",
                                "user_id": "U3N3P0V89"
                            },
                            {
                                "type": "text",
                                "text": " Hmmm, snowball's chance in Hell of finding it?"
                            }
                        ]
                    }
                ]
            }
        ]
    },
    {
        "user": "U3N3P0V89",
        "type": "message",
        "ts": "1497637695.102246",
        "text": "not necessarily, you could leave a note for the guy in the room you found the key in and see if he returns to the scene of the crime. perhaps he'll send you mail and you can crack the mystery of what's inside together",
        "team": "T3NRU3N8L",
        "user_team": "T3NRU3N8L",
        "source_team": "T3NRU3N8L",
        "user_profile": {
            "avatar_hash": "6dcfc9e0d4c7",
            "image_72": "https:\/\/avatars.slack-edge.com\/2017-06-07\/195047001686_6dcfc9e0d4c71e750732_72.png",
            "first_name": "Stu",
            "real_name": "Stu",
            "display_name": "stu",
            "team": "T3NRU3N8L",
            "name": "stu",
            "is_restricted": false,
            "is_ultra_restricted": false
        },
        "blocks": [
            {
                "type": "rich_text",
                "block_id": "rLF",
                "elements": [
                    {
                        "type": "rich_text_section",
                        "elements": [
                            {
                                "type": "text",
                                "text": "not necessarily, you could leave a note for the guy in the room you found the key in and see if he returns to the scene of the crime. perhaps he'll send you mail and you can crack the mystery of what's inside together"
                            }
                        ]
                    }
                ]
            }
        ]
    },
    {
        "user": "U3N3P0V89",
        "type": "message",
        "ts": "1497637700.103819",
        "text": "(or maybe he'll be here on slack lol)",
        "team": "T3NRU3N8L",
        "user_team": "T3NRU3N8L",
        "source_team": "T3NRU3N8L",
        "user_profile": {
            "avatar_hash": "6dcfc9e0d4c7",
            "image_72": "https:\/\/avatars.slack-edge.com\/2017-06-07\/195047001686_6dcfc9e0d4c71e750732_72.png",
            "first_name": "Stu",
            "real_name": "Stu",
            "display_name": "stu",
            "team": "T3NRU3N8L",
            "name": "stu",
            "is_restricted": false,
            "is_ultra_restricted": false
        },
        "blocks": [
            {
                "type": "rich_text",
                "block_id": "JPnP",
                "elements": [
                    {
                        "type": "rich_text_section",
                        "elements": [
                            {
                                "type": "text",
                                "text": "(or maybe he'll be here on slack lol)"
                            }
                        ]
                    }
                ]
            }
        ]
    },
    {
        "user": "U5RMK1PRR",
        "type": "message",
        "ts": "1497637748.119378",
        "text": "OK, I'll try that.",
        "team": "T3NRU3N8L",
        "user_team": "T3NRU3N8L",
        "source_team": "T3NRU3N8L",
        "user_profile": {
            "avatar_hash": "2961fcbc8d7c",
            "image_72": "https:\/\/avatars.slack-edge.com\/2017-06-10\/195141644976_2961fcbc8d7ca20567b4_72.png",
            "first_name": "Bill",
            "real_name": "Bill Moynihan",
            "display_name": "madness",
            "team": "T3NRU3N8L",
            "name": "madness",
            "is_restricted": false,
            "is_ultra_restricted": false
        },
        "blocks": [
            {
                "type": "rich_text",
                "block_id": "rfI",
                "elements": [
                    {
                        "type": "rich_text_section",
                        "elements": [
                            {
                                "type": "text",
                                "text": "OK, I'll try that."
                            }
                        ]
                    }
                ]
            }
        ]
    },
    {
        "user": "U5VKKBA06",
        "type": "message",
        "ts": "1497638411.332430",
        "text": "my cursor keeps getting currupted",
        "team": "T3NRU3N8L",
        "user_team": "T3NRU3N8L",
        "source_team": "T3NRU3N8L",
        "user_profile": {
            "avatar_hash": "ge4205313c9b",
            "image_72": "https:\/\/secure.gravatar.com\/avatar\/be4205313c9bcedd5a08e38da7fd1697.jpg?s=72&d=https%3A%2F%2Fa.slack-edge.com%2Fdf10d%2Fimg%2Favatars%2Fava_0012-72.png",
            "first_name": "dylan",
            "real_name": "dylan kavanagh",
            "display_name": "cool56571",
            "team": "T3NRU3N8L",
            "name": "cool56571",
            "is_restricted": false,
            "is_ultra_restricted": false
        },
        "blocks": [
            {
                "type": "rich_text",
                "block_id": "\/0sQt",
                "elements": [
                    {
                        "type": "rich_text_section",
                        "elements": [
                            {
                                "type": "text",
                                "text": "my cursor keeps getting currupted"
                            }
                        ]
                    }
                ]
            }
        ]
    },
    {
        "user": "U3NS4Q413",
        "type": "message",
        "ts": "1497638910.490432",
        "text": "Are you playing on an emulator? Are you running at 100% emulated (not warped?) We don't know what you mean by corrupted - please be specific. Where were you? What were you doing? What do you mean by \"corrupted\"? Can you provide screen shots?",
        "team": "T3NRU3N8L",
        "user_team": "T3NRU3N8L",
        "source_team": "T3NRU3N8L",
        "user_profile": {
            "avatar_hash": "9a824257f5f9",
            "image_72": "https:\/\/avatars.slack-edge.com\/2017-06-19\/200099674645_9a824257f5f9fea53c25_72.png",
            "first_name": "Randy",
            "real_name": "Randy Farmer",
            "display_name": "randy",
            "team": "T3NRU3N8L",
            "name": "randy",
            "is_restricted": false,
            "is_ultra_restricted": false
        },
        "blocks": [
            {
                "type": "rich_text",
                "block_id": "K3J",
                "elements": [
                    {
                        "type": "rich_text_section",
                        "elements": [
                            {
                                "type": "text",
                                "text": "Are you playing on an emulator? Are you running at 100% emulated (not warped?) We don't know what you mean by corrupted - please be specific. Where were you? What were you doing? What do you mean by \"corrupted\"? Can you provide screen shots?"
                            }
                        ]
                    }
                ]
            }
        ]
    },
    {
        "user": "U5VKKBA06",
        "type": "message",
        "ts": "1497653140.912130",
        "text": "like it changes shape and i cant do anything with it",
        "team": "T3NRU3N8L",
        "user_team": "T3NRU3N8L",
        "source_team": "T3NRU3N8L",
        "user_profile": {
            "avatar_hash": "ge4205313c9b",
            "image_72": "https:\/\/secure.gravatar.com\/avatar\/be4205313c9bcedd5a08e38da7fd1697.jpg?s=72&d=https%3A%2F%2Fa.slack-edge.com%2Fdf10d%2Fimg%2Favatars%2Fava_0012-72.png",
            "first_name": "dylan",
            "real_name": "dylan kavanagh",
            "display_name": "cool56571",
            "team": "T3NRU3N8L",
            "name": "cool56571",
            "is_restricted": false,
            "is_ultra_restricted": false
        },
        "blocks": [
            {
                "type": "rich_text",
                "block_id": "Mpxn",
                "elements": [
                    {
                        "type": "rich_text_section",
                        "elements": [
                            {
                                "type": "text",
                                "text": "like it changes shape and i cant do anything with it"
                            }
                        ]
                    }
                ]
            }
        ]
    },
    {
        "subtype": "channel_join",
        "user": "U5UH4SM0Q",
        "text": "<@U5UH4SM0Q> has joined the channel",
        "type": "message",
        "ts": "1497653354.941685"
    }
]