[
    {
        "user": "U41BJADGU",
        "type": "message",
        "ts": "1490475768.526948",
        "text": "<http:\/\/www.vintagecomputing.com\/index.php\/archives\/1232\/retro-scan-worldsaway-mousepad>",
        "team": "T3NRU3N8L",
        "user_team": "T3NRU3N8L",
        "source_team": "T3NRU3N8L",
        "user_profile": {
            "avatar_hash": "f3bfb536f4e1",
            "image_72": "https:\/\/avatars.slack-edge.com\/2017-03-06\/151260998854_f3bfb536f4e1f6383a63_48.png",
            "first_name": "Ricky",
            "real_name": "Ricky Derocher",
            "display_name": "ricky_derocher",
            "team": "T3NRU3N8L",
            "name": "ricky_derocher",
            "is_restricted": false,
            "is_ultra_restricted": false
        },
        "attachments": [
            {
                "title": "VC&amp;G |   [ Retro Scan ] WorldsAway Mousepad",
                "title_link": "http:\/\/www.vintagecomputing.com\/index.php\/archives\/1232\/retro-scan-worldsaway-mousepad",
                "text": "Adventures in vintage computers and retrogaming. Includes articles on classic games and obsolete computers.",
                "fallback": "VC&amp;G |   [ Retro Scan ] WorldsAway Mousepad",
                "from_url": "http:\/\/www.vintagecomputing.com\/index.php\/archives\/1232\/retro-scan-worldsaway-mousepad",
                "service_icon": "http:\/\/www.vintagecomputing.com\/favico.ico",
                "service_name": "vintagecomputing.com",
                "id": 1
            }
        ],
        "blocks": [
            {
                "type": "rich_text",
                "block_id": "UPKH",
                "elements": [
                    {
                        "type": "rich_text_section",
                        "elements": [
                            {
                                "type": "link",
                                "url": "http:\/\/www.vintagecomputing.com\/index.php\/archives\/1232\/retro-scan-worldsaway-mousepad"
                            }
                        ]
                    }
                ]
            }
        ]
    },
    {
        "text": "<@U41BJADGU|ricky_derocher> uploaded a file: <https:\/\/neohabitat.slack.com\/files\/ricky_derocher\/F4PNCTXNW\/worldsaway_mousepad_small.jpg|worldsaway_mousepad_small.jpg> and commented: Neat!",
        "files": [
            {
                "id": "F4PNCTXNW",
                "created": 1490475825,
                "timestamp": 1490475825,
                "name": "worldsaway_mousepad_small.jpg",
                "title": "worldsaway_mousepad_small.jpg",
                "mimetype": "image\/jpeg",
                "filetype": "jpg",
                "pretty_type": "JPEG",
                "user": "U41BJADGU",
                "user_team": "T3NRU3N8L",
                "editable": false,
                "size": 60320,
                "mode": "hosted",
                "is_external": false,
                "external_type": "",
                "is_public": true,
                "public_url_shared": false,
                "display_as_bot": false,
                "username": "",
                "url_private": "https:\/\/files.slack.com\/files-pri\/T3NRU3N8L-F4PNCTXNW\/worldsaway_mousepad_small.jpg?t=xoxe-124878124292-7467719047090-7480385333457-4296bbd25a5710071a4df099b64b6f19",
                "url_private_download": "https:\/\/files.slack.com\/files-pri\/T3NRU3N8L-F4PNCTXNW\/download\/worldsaway_mousepad_small.jpg?t=xoxe-124878124292-7467719047090-7480385333457-4296bbd25a5710071a4df099b64b6f19",
                "media_display_type": "unknown",
                "thumb_64": "https:\/\/files.slack.com\/files-tmb\/T3NRU3N8L-F4PNCTXNW-ff84993051\/worldsaway_mousepad_small_64.jpg?t=xoxe-124878124292-7467719047090-7480385333457-4296bbd25a5710071a4df099b64b6f19",
                "thumb_80": "https:\/\/files.slack.com\/files-tmb\/T3NRU3N8L-F4PNCTXNW-ff84993051\/worldsaway_mousepad_small_80.jpg?t=xoxe-124878124292-7467719047090-7480385333457-4296bbd25a5710071a4df099b64b6f19",
                "thumb_360": "https:\/\/files.slack.com\/files-tmb\/T3NRU3N8L-F4PNCTXNW-ff84993051\/worldsaway_mousepad_small_360.jpg?t=xoxe-124878124292-7467719047090-7480385333457-4296bbd25a5710071a4df099b64b6f19",
                "thumb_360_w": 360,
                "thumb_360_h": 284,
                "thumb_160": "https:\/\/files.slack.com\/files-tmb\/T3NRU3N8L-F4PNCTXNW-ff84993051\/worldsaway_mousepad_small_160.jpg?t=xoxe-124878124292-7467719047090-7480385333457-4296bbd25a5710071a4df099b64b6f19",
                "image_exif_rotation": 1,
                "original_w": 400,
                "original_h": 316,
                "permalink": "https:\/\/neohabitat.slack.com\/files\/U41BJADGU\/F4PNCTXNW\/worldsaway_mousepad_small.jpg",
                "permalink_public": "https:\/\/slack-files.com\/T3NRU3N8L-F4PNCTXNW-c6daf1979f",
                "is_starred": false,
                "has_rich_preview": false,
                "file_access": "visible"
            }
        ],
        "upload": true,
        "user": "U41BJADGU",
        "display_as_bot": false,
        "blocks": [
            {
                "type": "rich_text",
                "block_id": "tNvh",
                "elements": [
                    {
                        "type": "rich_text_section",
                        "elements": [
                            {
                                "type": "user",
                                "user_id": "U41BJADGU"
                            },
                            {
                                "type": "text",
                                "text": " uploaded a file: "
                            },
                            {
                                "type": "link",
                                "url": "https:\/\/neohabitat.slack.com\/files\/ricky_derocher\/F4PNCTXNW\/worldsaway_mousepad_small.jpg",
                                "text": "worldsaway_mousepad_small.jpg"
                            },
                            {
                                "type": "text",
                                "text": " and commented: Neat!"
                            }
                        ]
                    }
                ]
            }
        ],
        "type": "message",
        "ts": "1490475827.530009"
    },
    {
        "user": "U3N3P0V89",
        "type": "message",
        "ts": "1490475910.534712",
        "text": "yeah i've got one of those",
        "team": "T3NRU3N8L",
        "user_team": "T3NRU3N8L",
        "source_team": "T3NRU3N8L",
        "user_profile": {
            "avatar_hash": "6dcfc9e0d4c7",
            "image_72": "https:\/\/avatars.slack-edge.com\/2017-06-07\/195047001686_6dcfc9e0d4c71e750732_72.png",
            "first_name": "Stu",
            "real_name": "Stu",
            "display_name": "stu",
            "team": "T3NRU3N8L",
            "name": "stu",
            "is_restricted": false,
            "is_ultra_restricted": false
        },
        "blocks": [
            {
                "type": "rich_text",
                "block_id": "Zlj",
                "elements": [
                    {
                        "type": "rich_text_section",
                        "elements": [
                            {
                                "type": "text",
                                "text": "yeah i've got one of those"
                            }
                        ]
                    }
                ]
            }
        ]
    },
    {
        "user": "U3N3P0V89",
        "type": "message",
        "ts": "1490475915.534981",
        "text": "they are pretty cool",
        "team": "T3NRU3N8L",
        "user_team": "T3NRU3N8L",
        "source_team": "T3NRU3N8L",
        "user_profile": {
            "avatar_hash": "6dcfc9e0d4c7",
            "image_72": "https:\/\/avatars.slack-edge.com\/2017-06-07\/195047001686_6dcfc9e0d4c71e750732_72.png",
            "first_name": "Stu",
            "real_name": "Stu",
            "display_name": "stu",
            "team": "T3NRU3N8L",
            "name": "stu",
            "is_restricted": false,
            "is_ultra_restricted": false
        },
        "blocks": [
            {
                "type": "rich_text",
                "block_id": "81G",
                "elements": [
                    {
                        "type": "rich_text_section",
                        "elements": [
                            {
                                "type": "text",
                                "text": "they are pretty cool"
                            }
                        ]
                    }
                ]
            }
        ]
    },
    {
        "user": "U3N3P0V89",
        "type": "message",
        "ts": "1490476086.544004",
        "text": "i've got a huge blown up poster of it i posted in here too of the dreamscape map you can probably find if you scroll up",
        "team": "T3NRU3N8L",
        "user_team": "T3NRU3N8L",
        "source_team": "T3NRU3N8L",
        "user_profile": {
            "avatar_hash": "6dcfc9e0d4c7",
            "image_72": "https:\/\/avatars.slack-edge.com\/2017-06-07\/195047001686_6dcfc9e0d4c71e750732_72.png",
            "first_name": "Stu",
            "real_name": "Stu",
            "display_name": "stu",
            "team": "T3NRU3N8L",
            "name": "stu",
            "is_restricted": false,
            "is_ultra_restricted": false
        },
        "blocks": [
            {
                "type": "rich_text",
                "block_id": "hUt",
                "elements": [
                    {
                        "type": "rich_text_section",
                        "elements": [
                            {
                                "type": "text",
                                "text": "i've got a huge blown up poster of it i posted in here too of the dreamscape map you can probably find if you scroll up"
                            }
                        ]
                    }
                ]
            }
        ]
    },
    {
        "user": "U3N3P0V89",
        "type": "message",
        "ts": "1490476930.587749",
        "text": "btw <@U3ZG70ZG9> that map wasn't originally how Fujitsu wanted it. there was a version done prior to this by the actual Fujitsu artists which fit more with how the world actually looked. the version you see here was outsourced to another company and wasn't 100% right (for example, the promenade ended up looking like something out of the flintstones and didn't match the inworld art at all). the theatre did open up around 2000\/2001-ish you're right.",
        "team": "T3NRU3N8L",
        "user_team": "T3NRU3N8L",
        "source_team": "T3NRU3N8L",
        "user_profile": {
            "avatar_hash": "6dcfc9e0d4c7",
            "image_72": "https:\/\/avatars.slack-edge.com\/2017-06-07\/195047001686_6dcfc9e0d4c71e750732_72.png",
            "first_name": "Stu",
            "real_name": "Stu",
            "display_name": "stu",
            "team": "T3NRU3N8L",
            "name": "stu",
            "is_restricted": false,
            "is_ultra_restricted": false
        },
        "blocks": [
            {
                "type": "rich_text",
                "block_id": "zQ5C",
                "elements": [
                    {
                        "type": "rich_text_section",
                        "elements": [
                            {
                                "type": "text",
                                "text": "btw "
                            },
                            {
                                "type": "user",
                                "user_id": "U3ZG70ZG9"
                            },
                            {
                                "type": "text",
                                "text": " that map wasn't originally how Fujitsu wanted it. there was a version done prior to this by the actual Fujitsu artists which fit more with how the world actually looked. the version you see here was outsourced to another company and wasn't 100% right (for example, the promenade ended up looking like something out of the flintstones and didn't match the inworld art at all). the theatre did open up around 2000\/2001-ish you're right."
                            }
                        ]
                    }
                ]
            }
        ],
        "reactions": [
            {
                "name": "+1",
                "users": [
                    "U3ZG70ZG9"
                ],
                "count": 1
            }
        ]
    },
    {
        "text": "<@U3N3P0V89|stuart> uploaded a file: <https:\/\/neohabitat.slack.com\/files\/stuart\/F4PNF82PL\/citylargeopt.jpg|citylargeopt.jpg>",
        "files": [
            {
                "id": "F4PNF82PL",
                "created": 1490476942,
                "timestamp": 1490476942,
                "name": "citylargeopt.jpg",
                "title": "citylargeopt.jpg",
                "mimetype": "image\/jpeg",
                "filetype": "jpg",
                "pretty_type": "JPEG",
                "user": "U3N3P0V89",
                "user_team": "T3NRU3N8L",
                "editable": false,
                "size": 59483,
                "mode": "hosted",
                "is_external": false,
                "external_type": "",
                "is_public": true,
                "public_url_shared": false,
                "display_as_bot": false,
                "username": "",
                "url_private": "https:\/\/files.slack.com\/files-pri\/T3NRU3N8L-F4PNF82PL\/citylargeopt.jpg?t=xoxe-124878124292-7467719047090-7480385333457-4296bbd25a5710071a4df099b64b6f19",
                "url_private_download": "https:\/\/files.slack.com\/files-pri\/T3NRU3N8L-F4PNF82PL\/download\/citylargeopt.jpg?t=xoxe-124878124292-7467719047090-7480385333457-4296bbd25a5710071a4df099b64b6f19",
                "media_display_type": "unknown",
                "thumb_64": "https:\/\/files.slack.com\/files-tmb\/T3NRU3N8L-F4PNF82PL-d0e86b9045\/citylargeopt_64.jpg?t=xoxe-124878124292-7467719047090-7480385333457-4296bbd25a5710071a4df099b64b6f19",
                "thumb_80": "https:\/\/files.slack.com\/files-tmb\/T3NRU3N8L-F4PNF82PL-d0e86b9045\/citylargeopt_80.jpg?t=xoxe-124878124292-7467719047090-7480385333457-4296bbd25a5710071a4df099b64b6f19",
                "thumb_360": "https:\/\/files.slack.com\/files-tmb\/T3NRU3N8L-F4PNF82PL-d0e86b9045\/citylargeopt_360.jpg?t=xoxe-124878124292-7467719047090-7480385333457-4296bbd25a5710071a4df099b64b6f19",
                "thumb_360_w": 360,
                "thumb_360_h": 235,
                "thumb_480": "https:\/\/files.slack.com\/files-tmb\/T3NRU3N8L-F4PNF82PL-d0e86b9045\/citylargeopt_480.jpg?t=xoxe-124878124292-7467719047090-7480385333457-4296bbd25a5710071a4df099b64b6f19",
                "thumb_480_w": 480,
                "thumb_480_h": 313,
                "thumb_160": "https:\/\/files.slack.com\/files-tmb\/T3NRU3N8L-F4PNF82PL-d0e86b9045\/citylargeopt_160.jpg?t=xoxe-124878124292-7467719047090-7480385333457-4296bbd25a5710071a4df099b64b6f19",
                "image_exif_rotation": 1,
                "original_w": 718,
                "original_h": 468,
                "permalink": "https:\/\/neohabitat.slack.com\/files\/U3N3P0V89\/F4PNF82PL\/citylargeopt.jpg",
                "permalink_public": "https:\/\/slack-files.com\/T3NRU3N8L-F4PNF82PL-392834ed23",
                "is_starred": false,
                "has_rich_preview": false,
                "file_access": "visible"
            }
        ],
        "upload": true,
        "user": "U3N3P0V89",
        "display_as_bot": false,
        "blocks": [
            {
                "type": "rich_text",
                "block_id": "in7q",
                "elements": [
                    {
                        "type": "rich_text_section",
                        "elements": [
                            {
                                "type": "user",
                                "user_id": "U3N3P0V89"
                            },
                            {
                                "type": "text",
                                "text": " uploaded a file: "
                            },
                            {
                                "type": "link",
                                "url": "https:\/\/neohabitat.slack.com\/files\/stuart\/F4PNF82PL\/citylargeopt.jpg",
                                "text": "citylargeopt.jpg",
                                "unsafe": true
                            }
                        ]
                    }
                ]
            }
        ],
        "type": "message",
        "ts": "1490476944.588448"
    },
    {
        "user": "U3N3P0V89",
        "type": "message",
        "ts": "1490476963.589588",
        "text": "this is the original map (with a location named \"Giger Counter\" that was meant to be a H.R. Giger inspired bar that never came to fruition",
        "team": "T3NRU3N8L",
        "user_team": "T3NRU3N8L",
        "source_team": "T3NRU3N8L",
        "user_profile": {
            "avatar_hash": "6dcfc9e0d4c7",
            "image_72": "https:\/\/avatars.slack-edge.com\/2017-06-07\/195047001686_6dcfc9e0d4c71e750732_72.png",
            "first_name": "Stu",
            "real_name": "Stu",
            "display_name": "stu",
            "team": "T3NRU3N8L",
            "name": "stu",
            "is_restricted": false,
            "is_ultra_restricted": false
        },
        "blocks": [
            {
                "type": "rich_text",
                "block_id": "j8K\/",
                "elements": [
                    {
                        "type": "rich_text_section",
                        "elements": [
                            {
                                "type": "text",
                                "text": "this is the original map (with a location named \"Giger Counter\" that was meant to be a H.R. Giger inspired bar that never came to fruition"
                            }
                        ]
                    }
                ]
            }
        ]
    },
    {
        "text": "<@U41BJADGU|ricky_derocher> uploaded a file: <https:\/\/neohabitat.slack.com\/files\/ricky_derocher\/F4PR8QR2R\/images.jpg|Club Caribe Map> and commented: Reminds me of the map for Club Caribe.",
        "files": [
            {
                "id": "F4PR8QR2R",
                "created": 1490480383,
                "timestamp": 1490480383,
                "name": "images.jpg",
                "title": "Club Caribe Map",
                "mimetype": "image\/jpeg",
                "filetype": "jpg",
                "pretty_type": "JPEG",
                "user": "U41BJADGU",
                "user_team": "T3NRU3N8L",
                "editable": false,
                "size": 2477,
                "mode": "hosted",
                "is_external": false,
                "external_type": "",
                "is_public": true,
                "public_url_shared": false,
                "display_as_bot": false,
                "username": "",
                "url_private": "https:\/\/files.slack.com\/files-pri\/T3NRU3N8L-F4PR8QR2R\/images.jpg?t=xoxe-124878124292-7467719047090-7480385333457-4296bbd25a5710071a4df099b64b6f19",
                "url_private_download": "https:\/\/files.slack.com\/files-pri\/T3NRU3N8L-F4PR8QR2R\/download\/images.jpg?t=xoxe-124878124292-7467719047090-7480385333457-4296bbd25a5710071a4df099b64b6f19",
                "media_display_type": "unknown",
                "thumb_64": "https:\/\/files.slack.com\/files-tmb\/T3NRU3N8L-F4PR8QR2R-308ff31116\/images_64.jpg?t=xoxe-124878124292-7467719047090-7480385333457-4296bbd25a5710071a4df099b64b6f19",
                "thumb_80": "https:\/\/files.slack.com\/files-tmb\/T3NRU3N8L-F4PR8QR2R-308ff31116\/images_80.jpg?t=xoxe-124878124292-7467719047090-7480385333457-4296bbd25a5710071a4df099b64b6f19",
                "thumb_360": "https:\/\/files.slack.com\/files-tmb\/T3NRU3N8L-F4PR8QR2R-308ff31116\/images_360.jpg?t=xoxe-124878124292-7467719047090-7480385333457-4296bbd25a5710071a4df099b64b6f19",
                "thumb_360_w": 69,
                "thumb_360_h": 100,
                "thumb_160": "https:\/\/files.slack.com\/files-tmb\/T3NRU3N8L-F4PR8QR2R-308ff31116\/images_160.jpg?t=xoxe-124878124292-7467719047090-7480385333457-4296bbd25a5710071a4df099b64b6f19",
                "image_exif_rotation": 1,
                "original_w": 69,
                "original_h": 100,
                "permalink": "https:\/\/neohabitat.slack.com\/files\/U41BJADGU\/F4PR8QR2R\/images.jpg",
                "permalink_public": "https:\/\/slack-files.com\/T3NRU3N8L-F4PR8QR2R-56b83d7bd2",
                "is_starred": false,
                "has_rich_preview": false,
                "file_access": "visible"
            }
        ],
        "upload": true,
        "user": "U41BJADGU",
        "display_as_bot": false,
        "blocks": [
            {
                "type": "rich_text",
                "block_id": "nPC",
                "elements": [
                    {
                        "type": "rich_text_section",
                        "elements": [
                            {
                                "type": "user",
                                "user_id": "U41BJADGU"
                            },
                            {
                                "type": "text",
                                "text": " uploaded a file: "
                            },
                            {
                                "type": "link",
                                "url": "https:\/\/neohabitat.slack.com\/files\/ricky_derocher\/F4PR8QR2R\/images.jpg",
                                "text": "Club Caribe Map"
                            },
                            {
                                "type": "text",
                                "text": " and commented: Reminds me of the map for Club Caribe."
                            }
                        ]
                    }
                ]
            }
        ],
        "type": "message",
        "ts": "1490480385.755464"
    },
    {
        "user": "U3N3P0V89",
        "type": "message",
        "ts": "1490480483.760306",
        "text": "yeah, a recurring theme in all these worlds is a fountain people congregate round",
        "team": "T3NRU3N8L",
        "user_team": "T3NRU3N8L",
        "source_team": "T3NRU3N8L",
        "user_profile": {
            "avatar_hash": "6dcfc9e0d4c7",
            "image_72": "https:\/\/avatars.slack-edge.com\/2017-06-07\/195047001686_6dcfc9e0d4c71e750732_72.png",
            "first_name": "Stu",
            "real_name": "Stu",
            "display_name": "stu",
            "team": "T3NRU3N8L",
            "name": "stu",
            "is_restricted": false,
            "is_ultra_restricted": false
        },
        "blocks": [
            {
                "type": "rich_text",
                "block_id": "aEEl",
                "elements": [
                    {
                        "type": "rich_text_section",
                        "elements": [
                            {
                                "type": "text",
                                "text": "yeah, a recurring theme in all these worlds is a fountain people congregate round"
                            }
                        ]
                    }
                ]
            }
        ]
    },
    {
        "user": "U3N3P0V89",
        "type": "message",
        "ts": "1490480504.761163",
        "text": "habitat, club caribe (i think), fujitsu habitat, worldsaway\/dreamscape, habitat II, etc",
        "team": "T3NRU3N8L",
        "user_team": "T3NRU3N8L",
        "source_team": "T3NRU3N8L",
        "user_profile": {
            "avatar_hash": "6dcfc9e0d4c7",
            "image_72": "https:\/\/avatars.slack-edge.com\/2017-06-07\/195047001686_6dcfc9e0d4c71e750732_72.png",
            "first_name": "Stu",
            "real_name": "Stu",
            "display_name": "stu",
            "team": "T3NRU3N8L",
            "name": "stu",
            "is_restricted": false,
            "is_ultra_restricted": false
        },
        "blocks": [
            {
                "type": "rich_text",
                "block_id": "iRNDW",
                "elements": [
                    {
                        "type": "rich_text_section",
                        "elements": [
                            {
                                "type": "text",
                                "text": "habitat, club caribe (i think), fujitsu habitat, worldsaway\/dreamscape, habitat II, etc"
                            }
                        ]
                    }
                ]
            }
        ]
    },
    {
        "user": "U3NS4Q413",
        "type": "message",
        "ts": "1490480616.766080",
        "text": "yup",
        "team": "T3NRU3N8L",
        "user_team": "T3NRU3N8L",
        "source_team": "T3NRU3N8L",
        "user_profile": {
            "avatar_hash": "9a824257f5f9",
            "image_72": "https:\/\/avatars.slack-edge.com\/2017-06-19\/200099674645_9a824257f5f9fea53c25_72.png",
            "first_name": "Randy",
            "real_name": "Randy Farmer",
            "display_name": "randy",
            "team": "T3NRU3N8L",
            "name": "randy",
            "is_restricted": false,
            "is_ultra_restricted": false
        },
        "blocks": [
            {
                "type": "rich_text",
                "block_id": "KENaE",
                "elements": [
                    {
                        "type": "rich_text_section",
                        "elements": [
                            {
                                "type": "text",
                                "text": "yup"
                            }
                        ]
                    }
                ]
            }
        ]
    },
    {
        "user": "U3NS4Q413",
        "type": "message",
        "ts": "1490480640.767213",
        "text": "Oracle Fountain",
        "team": "T3NRU3N8L",
        "user_team": "T3NRU3N8L",
        "source_team": "T3NRU3N8L",
        "user_profile": {
            "avatar_hash": "9a824257f5f9",
            "image_72": "https:\/\/avatars.slack-edge.com\/2017-06-19\/200099674645_9a824257f5f9fea53c25_72.png",
            "first_name": "Randy",
            "real_name": "Randy Farmer",
            "display_name": "randy",
            "team": "T3NRU3N8L",
            "name": "randy",
            "is_restricted": false,
            "is_ultra_restricted": false
        },
        "blocks": [
            {
                "type": "rich_text",
                "block_id": "hHj",
                "elements": [
                    {
                        "type": "rich_text_section",
                        "elements": [
                            {
                                "type": "text",
                                "text": "Oracle Fountain"
                            }
                        ]
                    }
                ]
            }
        ]
    },
    {
        "user": "U3NS4Q413",
        "type": "message",
        "ts": "1490480673.768828",
        "text": "It might be nice one day to make a gif of avatars at all the oracle fountains.",
        "team": "T3NRU3N8L",
        "user_team": "T3NRU3N8L",
        "source_team": "T3NRU3N8L",
        "user_profile": {
            "avatar_hash": "9a824257f5f9",
            "image_72": "https:\/\/avatars.slack-edge.com\/2017-06-19\/200099674645_9a824257f5f9fea53c25_72.png",
            "first_name": "Randy",
            "real_name": "Randy Farmer",
            "display_name": "randy",
            "team": "T3NRU3N8L",
            "name": "randy",
            "is_restricted": false,
            "is_ultra_restricted": false
        },
        "blocks": [
            {
                "type": "rich_text",
                "block_id": "dUlu",
                "elements": [
                    {
                        "type": "rich_text_section",
                        "elements": [
                            {
                                "type": "text",
                                "text": "It might be nice one day to make a gif of avatars at all the oracle fountains."
                            }
                        ]
                    }
                ]
            }
        ]
    },
    {
        "text": "<@U3N3P0V89|stuart> uploaded a file: <https:\/\/neohabitat.slack.com\/files\/stuart\/F4PR9BYHK\/tokenart.gif|tokenart.gif>",
        "files": [
            {
                "id": "F4PR9BYHK",
                "created": 1490480696,
                "timestamp": 1490480696,
                "name": "tokenart.gif",
                "title": "tokenart.gif",
                "mimetype": "image\/gif",
                "filetype": "gif",
                "pretty_type": "GIF",
                "user": "U3N3P0V89",
                "user_team": "T3NRU3N8L",
                "editable": false,
                "size": 115182,
                "mode": "hosted",
                "is_external": false,
                "external_type": "",
                "is_public": true,
                "public_url_shared": false,
                "display_as_bot": false,
                "username": "",
                "url_private": "https:\/\/files.slack.com\/files-pri\/T3NRU3N8L-F4PR9BYHK\/tokenart.gif?t=xoxe-124878124292-7467719047090-7480385333457-4296bbd25a5710071a4df099b64b6f19",
                "url_private_download": "https:\/\/files.slack.com\/files-pri\/T3NRU3N8L-F4PR9BYHK\/download\/tokenart.gif?t=xoxe-124878124292-7467719047090-7480385333457-4296bbd25a5710071a4df099b64b6f19",
                "media_display_type": "unknown",
                "thumb_64": "https:\/\/files.slack.com\/files-tmb\/T3NRU3N8L-F4PR9BYHK-506927b114\/tokenart_64.png?t=xoxe-124878124292-7467719047090-7480385333457-4296bbd25a5710071a4df099b64b6f19",
                "thumb_80": "https:\/\/files.slack.com\/files-tmb\/T3NRU3N8L-F4PR9BYHK-506927b114\/tokenart_80.png?t=xoxe-124878124292-7467719047090-7480385333457-4296bbd25a5710071a4df099b64b6f19",
                "thumb_360": "https:\/\/files.slack.com\/files-tmb\/T3NRU3N8L-F4PR9BYHK-506927b114\/tokenart_360.png?t=xoxe-124878124292-7467719047090-7480385333457-4296bbd25a5710071a4df099b64b6f19",
                "thumb_360_w": 360,
                "thumb_360_h": 299,
                "thumb_480": "https:\/\/files.slack.com\/files-tmb\/T3NRU3N8L-F4PR9BYHK-506927b114\/tokenart_480.png?t=xoxe-124878124292-7467719047090-7480385333457-4296bbd25a5710071a4df099b64b6f19",
                "thumb_480_w": 480,
                "thumb_480_h": 399,
                "thumb_160": "https:\/\/files.slack.com\/files-tmb\/T3NRU3N8L-F4PR9BYHK-506927b114\/tokenart_160.png?t=xoxe-124878124292-7467719047090-7480385333457-4296bbd25a5710071a4df099b64b6f19",
                "thumb_360_gif": "https:\/\/files.slack.com\/files-tmb\/T3NRU3N8L-F4PR9BYHK-506927b114\/tokenart_360.gif?t=xoxe-124878124292-7467719047090-7480385333457-4296bbd25a5710071a4df099b64b6f19",
                "image_exif_rotation": 1,
                "original_w": 612,
                "original_h": 509,
                "deanimate": "https:\/\/files.slack.com\/files-tmb\/T3NRU3N8L-F4PR9BYHK-506927b114\/tokenart_deanimate_gif.png?t=xoxe-124878124292-7467719047090-7480385333457-4296bbd25a5710071a4df099b64b6f19",
                "deanimate_gif": "https:\/\/files.slack.com\/files-tmb\/T3NRU3N8L-F4PR9BYHK-506927b114\/tokenart_deanimate_gif.png?t=xoxe-124878124292-7467719047090-7480385333457-4296bbd25a5710071a4df099b64b6f19",
                "permalink": "https:\/\/neohabitat.slack.com\/files\/U3N3P0V89\/F4PR9BYHK\/tokenart.gif",
                "permalink_public": "https:\/\/slack-files.com\/T3NRU3N8L-F4PR9BYHK-9d0ce36526",
                "is_starred": false,
                "has_rich_preview": false,
                "file_access": "visible"
            }
        ],
        "upload": true,
        "user": "U3N3P0V89",
        "display_as_bot": false,
        "blocks": [
            {
                "type": "rich_text",
                "block_id": "iE4yX",
                "elements": [
                    {
                        "type": "rich_text_section",
                        "elements": [
                            {
                                "type": "user",
                                "user_id": "U3N3P0V89"
                            },
                            {
                                "type": "text",
                                "text": " uploaded a file: "
                            },
                            {
                                "type": "link",
                                "url": "https:\/\/neohabitat.slack.com\/files\/stuart\/F4PR9BYHK\/tokenart.gif",
                                "text": "tokenart.gif",
                                "unsafe": true
                            }
                        ]
                    }
                ]
            }
        ],
        "type": "message",
        "ts": "1490480699.770037"
    },
    {
        "user": "U3NS4Q413",
        "type": "message",
        "ts": "1490480701.770126",
        "text": "BTW, <@U3NSHCBNH> would have to confirm if there was a fountain in CC. I don't know.",
        "team": "T3NRU3N8L",
        "user_team": "T3NRU3N8L",
        "source_team": "T3NRU3N8L",
        "user_profile": {
            "avatar_hash": "9a824257f5f9",
            "image_72": "https:\/\/avatars.slack-edge.com\/2017-06-19\/200099674645_9a824257f5f9fea53c25_72.png",
            "first_name": "Randy",
            "real_name": "Randy Farmer",
            "display_name": "randy",
            "team": "T3NRU3N8L",
            "name": "randy",
            "is_restricted": false,
            "is_ultra_restricted": false
        },
        "blocks": [
            {
                "type": "rich_text",
                "block_id": "YknFM",
                "elements": [
                    {
                        "type": "rich_text_section",
                        "elements": [
                            {
                                "type": "text",
                                "text": "BTW, "
                            },
                            {
                                "type": "user",
                                "user_id": "U3NSHCBNH"
                            },
                            {
                                "type": "text",
                                "text": " would have to confirm if there was a fountain in CC. I don't know."
                            }
                        ]
                    }
                ]
            }
        ]
    },
    {
        "user": "U3N3P0V89",
        "type": "message",
        "ts": "1490480704.770312",
        "text": "the habitat II one, even has token art saying oracle lol",
        "team": "T3NRU3N8L",
        "user_team": "T3NRU3N8L",
        "source_team": "T3NRU3N8L",
        "user_profile": {
            "avatar_hash": "6dcfc9e0d4c7",
            "image_72": "https:\/\/avatars.slack-edge.com\/2017-06-07\/195047001686_6dcfc9e0d4c71e750732_72.png",
            "first_name": "Stu",
            "real_name": "Stu",
            "display_name": "stu",
            "team": "T3NRU3N8L",
            "name": "stu",
            "is_restricted": false,
            "is_ultra_restricted": false
        },
        "blocks": [
            {
                "type": "rich_text",
                "block_id": "3gAP",
                "elements": [
                    {
                        "type": "rich_text_section",
                        "elements": [
                            {
                                "type": "text",
                                "text": "the habitat II one, even has token art saying oracle lol"
                            }
                        ]
                    }
                ]
            }
        ]
    },
    {
        "user": "U3N3P0V89",
        "type": "message",
        "ts": "1490480711.770587",
        "text": "that would be awesome",
        "team": "T3NRU3N8L",
        "user_team": "T3NRU3N8L",
        "source_team": "T3NRU3N8L",
        "user_profile": {
            "avatar_hash": "6dcfc9e0d4c7",
            "image_72": "https:\/\/avatars.slack-edge.com\/2017-06-07\/195047001686_6dcfc9e0d4c71e750732_72.png",
            "first_name": "Stu",
            "real_name": "Stu",
            "display_name": "stu",
            "team": "T3NRU3N8L",
            "name": "stu",
            "is_restricted": false,
            "is_ultra_restricted": false
        },
        "blocks": [
            {
                "type": "rich_text",
                "block_id": "ndDg",
                "elements": [
                    {
                        "type": "rich_text_section",
                        "elements": [
                            {
                                "type": "text",
                                "text": "that would be awesome"
                            }
                        ]
                    }
                ]
            }
        ]
    },
    {
        "text": "<@U41BJADGU|ricky_derocher> uploaded a file: <https:\/\/neohabitat.slack.com\/files\/ricky_derocher\/F4QDN4AUX\/mc14.gif|Club Caribe Fountain>",
        "files": [
            {
                "id": "F4QDN4AUX",
                "created": 1490480995,
                "timestamp": 1490480995,
                "name": "MC14.GIF",
                "title": "Club Caribe Fountain",
                "mimetype": "image\/gif",
                "filetype": "gif",
                "pretty_type": "GIF",
                "user": "U41BJADGU",
                "user_team": "T3NRU3N8L",
                "editable": false,
                "size": 2629,
                "mode": "hosted",
                "is_external": false,
                "external_type": "",
                "is_public": true,
                "public_url_shared": false,
                "display_as_bot": false,
                "username": "",
                "url_private": "https:\/\/files.slack.com\/files-pri\/T3NRU3N8L-F4QDN4AUX\/mc14.gif?t=xoxe-124878124292-7467719047090-7480385333457-4296bbd25a5710071a4df099b64b6f19",
                "url_private_download": "https:\/\/files.slack.com\/files-pri\/T3NRU3N8L-F4QDN4AUX\/download\/mc14.gif?t=xoxe-124878124292-7467719047090-7480385333457-4296bbd25a5710071a4df099b64b6f19",
                "media_display_type": "unknown",
                "thumb_64": "https:\/\/files.slack.com\/files-tmb\/T3NRU3N8L-F4QDN4AUX-9d6cdcfdf8\/mc14_64.png?t=xoxe-124878124292-7467719047090-7480385333457-4296bbd25a5710071a4df099b64b6f19",
                "thumb_80": "https:\/\/files.slack.com\/files-tmb\/T3NRU3N8L-F4QDN4AUX-9d6cdcfdf8\/mc14_80.png?t=xoxe-124878124292-7467719047090-7480385333457-4296bbd25a5710071a4df099b64b6f19",
                "thumb_360": "https:\/\/files.slack.com\/files-tmb\/T3NRU3N8L-F4QDN4AUX-9d6cdcfdf8\/mc14_360.png?t=xoxe-124878124292-7467719047090-7480385333457-4296bbd25a5710071a4df099b64b6f19",
                "thumb_360_w": 320,
                "thumb_360_h": 128,
                "thumb_160": "https:\/\/files.slack.com\/files-tmb\/T3NRU3N8L-F4QDN4AUX-9d6cdcfdf8\/mc14_160.png?t=xoxe-124878124292-7467719047090-7480385333457-4296bbd25a5710071a4df099b64b6f19",
                "thumb_360_gif": "https:\/\/files.slack.com\/files-tmb\/T3NRU3N8L-F4QDN4AUX-9d6cdcfdf8\/mc14_360.gif?t=xoxe-124878124292-7467719047090-7480385333457-4296bbd25a5710071a4df099b64b6f19",
                "image_exif_rotation": 1,
                "original_w": 320,
                "original_h": 128,
                "deanimate": "https:\/\/files.slack.com\/files-tmb\/T3NRU3N8L-F4QDN4AUX-9d6cdcfdf8\/mc14_deanimate_gif.png?t=xoxe-124878124292-7467719047090-7480385333457-4296bbd25a5710071a4df099b64b6f19",
                "deanimate_gif": "https:\/\/files.slack.com\/files-tmb\/T3NRU3N8L-F4QDN4AUX-9d6cdcfdf8\/mc14_deanimate_gif.png?t=xoxe-124878124292-7467719047090-7480385333457-4296bbd25a5710071a4df099b64b6f19",
                "permalink": "https:\/\/neohabitat.slack.com\/files\/U41BJADGU\/F4QDN4AUX\/mc14.gif",
                "permalink_public": "https:\/\/slack-files.com\/T3NRU3N8L-F4QDN4AUX-2b90686447",
                "is_starred": false,
                "has_rich_preview": false,
                "file_access": "visible"
            }
        ],
        "upload": true,
        "user": "U41BJADGU",
        "display_as_bot": false,
        "blocks": [
            {
                "type": "rich_text",
                "block_id": "K+j",
                "elements": [
                    {
                        "type": "rich_text_section",
                        "elements": [
                            {
                                "type": "user",
                                "user_id": "U41BJADGU"
                            },
                            {
                                "type": "text",
                                "text": " uploaded a file: "
                            },
                            {
                                "type": "link",
                                "url": "https:\/\/neohabitat.slack.com\/files\/ricky_derocher\/F4QDN4AUX\/mc14.gif",
                                "text": "Club Caribe Fountain"
                            }
                        ]
                    }
                ]
            }
        ],
        "type": "message",
        "ts": "1490480996.783329"
    },
    {
        "user": "U41BJADGU",
        "type": "message",
        "ts": "1490481006.783952",
        "text": "Looks like there was a fountain in CC.",
        "team": "T3NRU3N8L",
        "user_team": "T3NRU3N8L",
        "source_team": "T3NRU3N8L",
        "user_profile": {
            "avatar_hash": "f3bfb536f4e1",
            "image_72": "https:\/\/avatars.slack-edge.com\/2017-03-06\/151260998854_f3bfb536f4e1f6383a63_48.png",
            "first_name": "Ricky",
            "real_name": "Ricky Derocher",
            "display_name": "ricky_derocher",
            "team": "T3NRU3N8L",
            "name": "ricky_derocher",
            "is_restricted": false,
            "is_ultra_restricted": false
        },
        "blocks": [
            {
                "type": "rich_text",
                "block_id": "E8o18",
                "elements": [
                    {
                        "type": "rich_text_section",
                        "elements": [
                            {
                                "type": "text",
                                "text": "Looks like there was a fountain in CC."
                            }
                        ]
                    }
                ]
            }
        ]
    },
    {
        "user": "U3N3P0V89",
        "type": "message",
        "ts": "1490481031.785347",
        "text": "i wonder if it was a focal point in the same way it was in other worlds",
        "team": "T3NRU3N8L",
        "user_team": "T3NRU3N8L",
        "source_team": "T3NRU3N8L",
        "user_profile": {
            "avatar_hash": "6dcfc9e0d4c7",
            "image_72": "https:\/\/avatars.slack-edge.com\/2017-06-07\/195047001686_6dcfc9e0d4c71e750732_72.png",
            "first_name": "Stu",
            "real_name": "Stu",
            "display_name": "stu",
            "team": "T3NRU3N8L",
            "name": "stu",
            "is_restricted": false,
            "is_ultra_restricted": false
        },
        "blocks": [
            {
                "type": "rich_text",
                "block_id": "7TiC",
                "elements": [
                    {
                        "type": "rich_text_section",
                        "elements": [
                            {
                                "type": "text",
                                "text": "i wonder if it was a focal point in the same way it was in other worlds"
                            }
                        ]
                    }
                ]
            }
        ]
    },
    {
        "text": "<@U41BJADGU|ricky_derocher> uploaded a file: <https:\/\/neohabitat.slack.com\/files\/ricky_derocher\/F4QDNBG9M\/blswr18.gif|BLSWR18.GIF> and commented: Was there torches and pipes in Habitat?",
        "files": [
            {
                "id": "F4QDNBG9M",
                "created": 1490481120,
                "timestamp": 1490481120,
                "name": "BLSWR18.GIF",
                "title": "BLSWR18.GIF",
                "mimetype": "image\/gif",
                "filetype": "gif",
                "pretty_type": "GIF",
                "user": "U41BJADGU",
                "user_team": "T3NRU3N8L",
                "editable": false,
                "size": 2218,
                "mode": "hosted",
                "is_external": false,
                "external_type": "",
                "is_public": true,
                "public_url_shared": false,
                "display_as_bot": false,
                "username": "",
                "url_private": "https:\/\/files.slack.com\/files-pri\/T3NRU3N8L-F4QDNBG9M\/blswr18.gif?t=xoxe-124878124292-7467719047090-7480385333457-4296bbd25a5710071a4df099b64b6f19",
                "url_private_download": "https:\/\/files.slack.com\/files-pri\/T3NRU3N8L-F4QDNBG9M\/download\/blswr18.gif?t=xoxe-124878124292-7467719047090-7480385333457-4296bbd25a5710071a4df099b64b6f19",
                "media_display_type": "unknown",
                "thumb_64": "https:\/\/files.slack.com\/files-tmb\/T3NRU3N8L-F4QDNBG9M-982717b318\/blswr18_64.png?t=xoxe-124878124292-7467719047090-7480385333457-4296bbd25a5710071a4df099b64b6f19",
                "thumb_80": "https:\/\/files.slack.com\/files-tmb\/T3NRU3N8L-F4QDNBG9M-982717b318\/blswr18_80.png?t=xoxe-124878124292-7467719047090-7480385333457-4296bbd25a5710071a4df099b64b6f19",
                "thumb_360": "https:\/\/files.slack.com\/files-tmb\/T3NRU3N8L-F4QDNBG9M-982717b318\/blswr18_360.png?t=xoxe-124878124292-7467719047090-7480385333457-4296bbd25a5710071a4df099b64b6f19",
                "thumb_360_w": 320,
                "thumb_360_h": 128,
                "thumb_160": "https:\/\/files.slack.com\/files-tmb\/T3NRU3N8L-F4QDNBG9M-982717b318\/blswr18_160.png?t=xoxe-124878124292-7467719047090-7480385333457-4296bbd25a5710071a4df099b64b6f19",
                "thumb_360_gif": "https:\/\/files.slack.com\/files-tmb\/T3NRU3N8L-F4QDNBG9M-982717b318\/blswr18_360.gif?t=xoxe-124878124292-7467719047090-7480385333457-4296bbd25a5710071a4df099b64b6f19",
                "image_exif_rotation": 1,
                "original_w": 320,
                "original_h": 128,
                "deanimate": "https:\/\/files.slack.com\/files-tmb\/T3NRU3N8L-F4QDNBG9M-982717b318\/blswr18_deanimate_gif.png?t=xoxe-124878124292-7467719047090-7480385333457-4296bbd25a5710071a4df099b64b6f19",
                "deanimate_gif": "https:\/\/files.slack.com\/files-tmb\/T3NRU3N8L-F4QDNBG9M-982717b318\/blswr18_deanimate_gif.png?t=xoxe-124878124292-7467719047090-7480385333457-4296bbd25a5710071a4df099b64b6f19",
                "permalink": "https:\/\/neohabitat.slack.com\/files\/U41BJADGU\/F4QDNBG9M\/blswr18.gif",
                "permalink_public": "https:\/\/slack-files.com\/T3NRU3N8L-F4QDNBG9M-3d5364c67d",
                "is_starred": false,
                "has_rich_preview": false,
                "file_access": "visible"
            }
        ],
        "upload": true,
        "user": "U41BJADGU",
        "display_as_bot": false,
        "blocks": [
            {
                "type": "rich_text",
                "block_id": "1PW7J",
                "elements": [
                    {
                        "type": "rich_text_section",
                        "elements": [
                            {
                                "type": "user",
                                "user_id": "U41BJADGU"
                            },
                            {
                                "type": "text",
                                "text": " uploaded a file: "
                            },
                            {
                                "type": "link",
                                "url": "https:\/\/neohabitat.slack.com\/files\/ricky_derocher\/F4QDNBG9M\/blswr18.gif",
                                "text": "BLSWR18.GIF",
                                "unsafe": true
                            },
                            {
                                "type": "text",
                                "text": " and commented: Was there torches and pipes in Habitat?"
                            }
                        ]
                    }
                ]
            }
        ],
        "type": "message",
        "ts": "1490481122.789627"
    },
    {
        "user": "U3N3P0V89",
        "type": "message",
        "ts": "1490481204.793363",
        "text": "i just noticed something else looking for pics of a fountain. in habitat, there was a hand of god class. i don't think it was ever implemented in the way it was intended to be used but the art remained. i've found a pic of it in use in club caribe. in my research, i also found out it was potentially going to be used in WorldsAway as well (the artist who drew it sent it to me. think they said something like it would appear as the hand of the oracle when banning a user or something lol. likely it never even got that far, the art is cool though!)",
        "team": "T3NRU3N8L",
        "user_team": "T3NRU3N8L",
        "source_team": "T3NRU3N8L",
        "user_profile": {
            "avatar_hash": "6dcfc9e0d4c7",
            "image_72": "https:\/\/avatars.slack-edge.com\/2017-06-07\/195047001686_6dcfc9e0d4c71e750732_72.png",
            "first_name": "Stu",
            "real_name": "Stu",
            "display_name": "stu",
            "team": "T3NRU3N8L",
            "name": "stu",
            "is_restricted": false,
            "is_ultra_restricted": false
        },
        "blocks": [
            {
                "type": "rich_text",
                "block_id": "lL3",
                "elements": [
                    {
                        "type": "rich_text_section",
                        "elements": [
                            {
                                "type": "text",
                                "text": "i just noticed something else looking for pics of a fountain. in habitat, there was a hand of god class. i don't think it was ever implemented in the way it was intended to be used but the art remained. i've found a pic of it in use in club caribe. in my research, i also found out it was potentially going to be used in WorldsAway as well (the artist who drew it sent it to me. think they said something like it would appear as the hand of the oracle when banning a user or something lol. likely it never even got that far, the art is cool though!)"
                            }
                        ]
                    }
                ]
            }
        ]
    },
    {
        "text": "<@U3N3P0V89|stuart> uploaded a file: <https:\/\/neohabitat.slack.com\/files\/stuart\/F4QDAMH7Y\/cats07.gif|CATS07.GIF>",
        "files": [
            {
                "id": "F4QDAMH7Y",
                "created": 1490481208,
                "timestamp": 1490481208,
                "name": "CATS07.GIF",
                "title": "CATS07.GIF",
                "mimetype": "image\/gif",
                "filetype": "gif",
                "pretty_type": "GIF",
                "user": "U3N3P0V89",
                "user_team": "T3NRU3N8L",
                "editable": false,
                "size": 2707,
                "mode": "hosted",
                "is_external": false,
                "external_type": "",
                "is_public": true,
                "public_url_shared": false,
                "display_as_bot": false,
                "username": "",
                "url_private": "https:\/\/files.slack.com\/files-pri\/T3NRU3N8L-F4QDAMH7Y\/cats07.gif?t=xoxe-124878124292-7467719047090-7480385333457-4296bbd25a5710071a4df099b64b6f19",
                "url_private_download": "https:\/\/files.slack.com\/files-pri\/T3NRU3N8L-F4QDAMH7Y\/download\/cats07.gif?t=xoxe-124878124292-7467719047090-7480385333457-4296bbd25a5710071a4df099b64b6f19",
                "media_display_type": "unknown",
                "thumb_64": "https:\/\/files.slack.com\/files-tmb\/T3NRU3N8L-F4QDAMH7Y-b5d5d85fdc\/cats07_64.png?t=xoxe-124878124292-7467719047090-7480385333457-4296bbd25a5710071a4df099b64b6f19",
                "thumb_80": "https:\/\/files.slack.com\/files-tmb\/T3NRU3N8L-F4QDAMH7Y-b5d5d85fdc\/cats07_80.png?t=xoxe-124878124292-7467719047090-7480385333457-4296bbd25a5710071a4df099b64b6f19",
                "thumb_360": "https:\/\/files.slack.com\/files-tmb\/T3NRU3N8L-F4QDAMH7Y-b5d5d85fdc\/cats07_360.png?t=xoxe-124878124292-7467719047090-7480385333457-4296bbd25a5710071a4df099b64b6f19",
                "thumb_360_w": 320,
                "thumb_360_h": 128,
                "thumb_160": "https:\/\/files.slack.com\/files-tmb\/T3NRU3N8L-F4QDAMH7Y-b5d5d85fdc\/cats07_160.png?t=xoxe-124878124292-7467719047090-7480385333457-4296bbd25a5710071a4df099b64b6f19",
                "thumb_360_gif": "https:\/\/files.slack.com\/files-tmb\/T3NRU3N8L-F4QDAMH7Y-b5d5d85fdc\/cats07_360.gif?t=xoxe-124878124292-7467719047090-7480385333457-4296bbd25a5710071a4df099b64b6f19",
                "image_exif_rotation": 1,
                "original_w": 320,
                "original_h": 128,
                "deanimate": "https:\/\/files.slack.com\/files-tmb\/T3NRU3N8L-F4QDAMH7Y-b5d5d85fdc\/cats07_deanimate_gif.png?t=xoxe-124878124292-7467719047090-7480385333457-4296bbd25a5710071a4df099b64b6f19",
                "deanimate_gif": "https:\/\/files.slack.com\/files-tmb\/T3NRU3N8L-F4QDAMH7Y-b5d5d85fdc\/cats07_deanimate_gif.png?t=xoxe-124878124292-7467719047090-7480385333457-4296bbd25a5710071a4df099b64b6f19",
                "permalink": "https:\/\/neohabitat.slack.com\/files\/U3N3P0V89\/F4QDAMH7Y\/cats07.gif",
                "permalink_public": "https:\/\/slack-files.com\/T3NRU3N8L-F4QDAMH7Y-c95d1e9a0e",
                "is_starred": false,
                "has_rich_preview": false,
                "file_access": "visible"
            }
        ],
        "upload": true,
        "user": "U3N3P0V89",
        "display_as_bot": false,
        "blocks": [
            {
                "type": "rich_text",
                "block_id": "jAm5",
                "elements": [
                    {
                        "type": "rich_text_section",
                        "elements": [
                            {
                                "type": "user",
                                "user_id": "U3N3P0V89"
                            },
                            {
                                "type": "text",
                                "text": " uploaded a file: "
                            },
                            {
                                "type": "link",
                                "url": "https:\/\/neohabitat.slack.com\/files\/stuart\/F4QDAMH7Y\/cats07.gif",
                                "text": "CATS07.GIF",
                                "unsafe": true
                            }
                        ]
                    }
                ]
            }
        ],
        "type": "message",
        "ts": "1490481209.793671"
    },
    {
        "text": "<@U3N3P0V89|stuart> uploaded a file: <https:\/\/neohabitat.slack.com\/files\/stuart\/F4PPU9K5J\/godh0008.png|GODH0008.png>",
        "files": [
            {
                "id": "F4PPU9K5J",
                "created": 1490481214,
                "timestamp": 1490481214,
                "name": "GODH0008.png",
                "title": "GODH0008.png",
                "mimetype": "image\/png",
                "filetype": "png",
                "pretty_type": "PNG",
                "user": "U3N3P0V89",
                "user_team": "T3NRU3N8L",
                "editable": false,
                "size": 4194,
                "mode": "hosted",
                "is_external": false,
                "external_type": "",
                "is_public": true,
                "public_url_shared": false,
                "display_as_bot": false,
                "username": "",
                "url_private": "https:\/\/files.slack.com\/files-pri\/T3NRU3N8L-F4PPU9K5J\/godh0008.png?t=xoxe-124878124292-7467719047090-7480385333457-4296bbd25a5710071a4df099b64b6f19",
                "url_private_download": "https:\/\/files.slack.com\/files-pri\/T3NRU3N8L-F4PPU9K5J\/download\/godh0008.png?t=xoxe-124878124292-7467719047090-7480385333457-4296bbd25a5710071a4df099b64b6f19",
                "media_display_type": "unknown",
                "thumb_64": "https:\/\/files.slack.com\/files-tmb\/T3NRU3N8L-F4PPU9K5J-6903a0384d\/godh0008_64.png?t=xoxe-124878124292-7467719047090-7480385333457-4296bbd25a5710071a4df099b64b6f19",
                "thumb_80": "https:\/\/files.slack.com\/files-tmb\/T3NRU3N8L-F4PPU9K5J-6903a0384d\/godh0008_80.png?t=xoxe-124878124292-7467719047090-7480385333457-4296bbd25a5710071a4df099b64b6f19",
                "thumb_360": "https:\/\/files.slack.com\/files-tmb\/T3NRU3N8L-F4PPU9K5J-6903a0384d\/godh0008_360.png?t=xoxe-124878124292-7467719047090-7480385333457-4296bbd25a5710071a4df099b64b6f19",
                "thumb_360_w": 320,
                "thumb_360_h": 200,
                "thumb_160": "https:\/\/files.slack.com\/files-tmb\/T3NRU3N8L-F4PPU9K5J-6903a0384d\/godh0008_160.png?t=xoxe-124878124292-7467719047090-7480385333457-4296bbd25a5710071a4df099b64b6f19",
                "image_exif_rotation": 1,
                "original_w": 320,
                "original_h": 200,
                "permalink": "https:\/\/neohabitat.slack.com\/files\/U3N3P0V89\/F4PPU9K5J\/godh0008.png",
                "permalink_public": "https:\/\/slack-files.com\/T3NRU3N8L-F4PPU9K5J-83309b2beb",
                "is_starred": false,
                "has_rich_preview": false,
                "file_access": "visible"
            }
        ],
        "upload": true,
        "user": "U3N3P0V89",
        "display_as_bot": false,
        "blocks": [
            {
                "type": "rich_text",
                "block_id": "jRW",
                "elements": [
                    {
                        "type": "rich_text_section",
                        "elements": [
                            {
                                "type": "user",
                                "user_id": "U3N3P0V89"
                            },
                            {
                                "type": "text",
                                "text": " uploaded a file: "
                            },
                            {
                                "type": "link",
                                "url": "https:\/\/neohabitat.slack.com\/files\/stuart\/F4PPU9K5J\/godh0008.png",
                                "text": "GODH0008.png",
                                "unsafe": true
                            }
                        ]
                    }
                ]
            }
        ],
        "type": "message",
        "ts": "1490481215.793963"
    },
    {
        "user": "U41BJADGU",
        "type": "message",
        "ts": "1490481251.795584",
        "text": "I recall seeing the \"hand of God\" listed in the classes.",
        "team": "T3NRU3N8L",
        "user_team": "T3NRU3N8L",
        "source_team": "T3NRU3N8L",
        "user_profile": {
            "avatar_hash": "f3bfb536f4e1",
            "image_72": "https:\/\/avatars.slack-edge.com\/2017-03-06\/151260998854_f3bfb536f4e1f6383a63_48.png",
            "first_name": "Ricky",
            "real_name": "Ricky Derocher",
            "display_name": "ricky_derocher",
            "team": "T3NRU3N8L",
            "name": "ricky_derocher",
            "is_restricted": false,
            "is_ultra_restricted": false
        },
        "blocks": [
            {
                "type": "rich_text",
                "block_id": "me5T",
                "elements": [
                    {
                        "type": "rich_text_section",
                        "elements": [
                            {
                                "type": "text",
                                "text": "I recall seeing the \"hand of God\" listed in the classes."
                            }
                        ]
                    }
                ]
            }
        ]
    },
    {
        "user": "U3NS4Q413",
        "type": "message",
        "ts": "1490481442.804450",
        "text": "Last time I remember checking, it worked.",
        "team": "T3NRU3N8L",
        "user_team": "T3NRU3N8L",
        "source_team": "T3NRU3N8L",
        "user_profile": {
            "avatar_hash": "9a824257f5f9",
            "image_72": "https:\/\/avatars.slack-edge.com\/2017-06-19\/200099674645_9a824257f5f9fea53c25_72.png",
            "first_name": "Randy",
            "real_name": "Randy Farmer",
            "display_name": "randy",
            "team": "T3NRU3N8L",
            "name": "randy",
            "is_restricted": false,
            "is_ultra_restricted": false
        },
        "blocks": [
            {
                "type": "rich_text",
                "block_id": "\/64A",
                "elements": [
                    {
                        "type": "rich_text_section",
                        "elements": [
                            {
                                "type": "text",
                                "text": "Last time I remember checking, it worked."
                            }
                        ]
                    }
                ]
            }
        ]
    },
    {
        "user": "U3NS4Q413",
        "type": "message",
        "ts": "1490481453.804952",
        "text": "It was yet another way to die.",
        "team": "T3NRU3N8L",
        "user_team": "T3NRU3N8L",
        "source_team": "T3NRU3N8L",
        "user_profile": {
            "avatar_hash": "9a824257f5f9",
            "image_72": "https:\/\/avatars.slack-edge.com\/2017-06-19\/200099674645_9a824257f5f9fea53c25_72.png",
            "first_name": "Randy",
            "real_name": "Randy Farmer",
            "display_name": "randy",
            "team": "T3NRU3N8L",
            "name": "randy",
            "is_restricted": false,
            "is_ultra_restricted": false
        },
        "blocks": [
            {
                "type": "rich_text",
                "block_id": "zb+e",
                "elements": [
                    {
                        "type": "rich_text_section",
                        "elements": [
                            {
                                "type": "text",
                                "text": "It was yet another way to die."
                            }
                        ]
                    }
                ]
            }
        ]
    },
    {
        "user": "U3NS4Q413",
        "type": "message",
        "ts": "1490481469.805770",
        "text": "Torches? Yes.",
        "team": "T3NRU3N8L",
        "user_team": "T3NRU3N8L",
        "source_team": "T3NRU3N8L",
        "user_profile": {
            "avatar_hash": "9a824257f5f9",
            "image_72": "https:\/\/avatars.slack-edge.com\/2017-06-19\/200099674645_9a824257f5f9fea53c25_72.png",
            "first_name": "Randy",
            "real_name": "Randy Farmer",
            "display_name": "randy",
            "team": "T3NRU3N8L",
            "name": "randy",
            "is_restricted": false,
            "is_ultra_restricted": false
        },
        "blocks": [
            {
                "type": "rich_text",
                "block_id": "rwg",
                "elements": [
                    {
                        "type": "rich_text_section",
                        "elements": [
                            {
                                "type": "text",
                                "text": "Torches? Yes."
                            }
                        ]
                    }
                ]
            }
        ]
    },
    {
        "user": "U3NS4Q413",
        "type": "message",
        "ts": "1490481519.808003",
        "text": "Triggering the HOG, well... that's something else.",
        "team": "T3NRU3N8L",
        "user_team": "T3NRU3N8L",
        "source_team": "T3NRU3N8L",
        "user_profile": {
            "avatar_hash": "9a824257f5f9",
            "image_72": "https:\/\/avatars.slack-edge.com\/2017-06-19\/200099674645_9a824257f5f9fea53c25_72.png",
            "first_name": "Randy",
            "real_name": "Randy Farmer",
            "display_name": "randy",
            "team": "T3NRU3N8L",
            "name": "randy",
            "is_restricted": false,
            "is_ultra_restricted": false
        },
        "blocks": [
            {
                "type": "rich_text",
                "block_id": "TnbO",
                "elements": [
                    {
                        "type": "rich_text_section",
                        "elements": [
                            {
                                "type": "text",
                                "text": "Triggering the HOG, well... that's something else."
                            }
                        ]
                    }
                ]
            }
        ]
    },
    {
        "user": "U3NS4Q413",
        "type": "message",
        "ts": "1490481543.809058",
        "text": "Those pipes should be there too.",
        "team": "T3NRU3N8L",
        "user_team": "T3NRU3N8L",
        "source_team": "T3NRU3N8L",
        "user_profile": {
            "avatar_hash": "9a824257f5f9",
            "image_72": "https:\/\/avatars.slack-edge.com\/2017-06-19\/200099674645_9a824257f5f9fea53c25_72.png",
            "first_name": "Randy",
            "real_name": "Randy Farmer",
            "display_name": "randy",
            "team": "T3NRU3N8L",
            "name": "randy",
            "is_restricted": false,
            "is_ultra_restricted": false
        },
        "blocks": [
            {
                "type": "rich_text",
                "block_id": "J\/G",
                "elements": [
                    {
                        "type": "rich_text_section",
                        "elements": [
                            {
                                "type": "text",
                                "text": "Those pipes should be there too."
                            }
                        ]
                    }
                ]
            }
        ]
    },
    {
        "user": "U3NS4Q413",
        "type": "message",
        "ts": "1490481557.809597",
        "text": "These are reasons I want to have the art-dump tool.",
        "team": "T3NRU3N8L",
        "user_team": "T3NRU3N8L",
        "source_team": "T3NRU3N8L",
        "user_profile": {
            "avatar_hash": "9a824257f5f9",
            "image_72": "https:\/\/avatars.slack-edge.com\/2017-06-19\/200099674645_9a824257f5f9fea53c25_72.png",
            "first_name": "Randy",
            "real_name": "Randy Farmer",
            "display_name": "randy",
            "team": "T3NRU3N8L",
            "name": "randy",
            "is_restricted": false,
            "is_ultra_restricted": false
        },
        "blocks": [
            {
                "type": "rich_text",
                "block_id": "6K1",
                "elements": [
                    {
                        "type": "rich_text_section",
                        "elements": [
                            {
                                "type": "text",
                                "text": "These are reasons I want to have the art-dump tool."
                            }
                        ]
                    }
                ]
            }
        ]
    },
    {
        "user": "U3NS4Q413",
        "type": "message",
        "ts": "1490481603.811927",
        "text": "Torch should simply be a style of Flashlight.",
        "team": "T3NRU3N8L",
        "user_team": "T3NRU3N8L",
        "source_team": "T3NRU3N8L",
        "user_profile": {
            "avatar_hash": "9a824257f5f9",
            "image_72": "https:\/\/avatars.slack-edge.com\/2017-06-19\/200099674645_9a824257f5f9fea53c25_72.png",
            "first_name": "Randy",
            "real_name": "Randy Farmer",
            "display_name": "randy",
            "team": "T3NRU3N8L",
            "name": "randy",
            "is_restricted": false,
            "is_ultra_restricted": false
        },
        "blocks": [
            {
                "type": "rich_text",
                "block_id": "41Rz",
                "elements": [
                    {
                        "type": "rich_text_section",
                        "elements": [
                            {
                                "type": "text",
                                "text": "Torch should simply be a style of Flashlight."
                            }
                        ]
                    }
                ]
            }
        ]
    },
    {
        "user": "U3NS4Q413",
        "type": "message",
        "ts": "1490481628.813082",
        "text": "OH! I'm off to run my D&amp;D game. Big happenings this week...",
        "team": "T3NRU3N8L",
        "user_team": "T3NRU3N8L",
        "source_team": "T3NRU3N8L",
        "user_profile": {
            "avatar_hash": "9a824257f5f9",
            "image_72": "https:\/\/avatars.slack-edge.com\/2017-06-19\/200099674645_9a824257f5f9fea53c25_72.png",
            "first_name": "Randy",
            "real_name": "Randy Farmer",
            "display_name": "randy",
            "team": "T3NRU3N8L",
            "name": "randy",
            "is_restricted": false,
            "is_ultra_restricted": false
        },
        "blocks": [
            {
                "type": "rich_text",
                "block_id": "kjZ29",
                "elements": [
                    {
                        "type": "rich_text_section",
                        "elements": [
                            {
                                "type": "text",
                                "text": "OH! I'm off to run my D&D game. Big happenings this week..."
                            }
                        ]
                    }
                ]
            }
        ]
    },
    {
        "text": "<@U3NS4Q413|randy> uploaded a file: <https:\/\/neohabitat.slack.com\/files\/randy\/F4PPV3P9A\/the_sea_titan.jpg|The Sea Titan.jpg>",
        "files": [
            {
                "id": "F4PPV3P9A",
                "created": 1490481654,
                "timestamp": 1490481654,
                "name": "The Sea Titan.jpg",
                "title": "The Sea Titan.jpg",
                "mimetype": "image\/jpeg",
                "filetype": "jpg",
                "pretty_type": "JPEG",
                "user": "U3NS4Q413",
                "user_team": "T3NRU3N8L",
                "editable": false,
                "size": 252268,
                "mode": "hosted",
                "is_external": false,
                "external_type": "",
                "is_public": true,
                "public_url_shared": false,
                "display_as_bot": false,
                "username": "",
                "url_private": "https:\/\/files.slack.com\/files-pri\/T3NRU3N8L-F4PPV3P9A\/the_sea_titan.jpg?t=xoxe-124878124292-7467719047090-7480385333457-4296bbd25a5710071a4df099b64b6f19",
                "url_private_download": "https:\/\/files.slack.com\/files-pri\/T3NRU3N8L-F4PPV3P9A\/download\/the_sea_titan.jpg?t=xoxe-124878124292-7467719047090-7480385333457-4296bbd25a5710071a4df099b64b6f19",
                "media_display_type": "unknown",
                "thumb_64": "https:\/\/files.slack.com\/files-tmb\/T3NRU3N8L-F4PPV3P9A-06961860da\/the_sea_titan_64.jpg?t=xoxe-124878124292-7467719047090-7480385333457-4296bbd25a5710071a4df099b64b6f19",
                "thumb_80": "https:\/\/files.slack.com\/files-tmb\/T3NRU3N8L-F4PPV3P9A-06961860da\/the_sea_titan_80.jpg?t=xoxe-124878124292-7467719047090-7480385333457-4296bbd25a5710071a4df099b64b6f19",
                "thumb_360": "https:\/\/files.slack.com\/files-tmb\/T3NRU3N8L-F4PPV3P9A-06961860da\/the_sea_titan_360.jpg?t=xoxe-124878124292-7467719047090-7480385333457-4296bbd25a5710071a4df099b64b6f19",
                "thumb_360_w": 331,
                "thumb_360_h": 360,
                "thumb_480": "https:\/\/files.slack.com\/files-tmb\/T3NRU3N8L-F4PPV3P9A-06961860da\/the_sea_titan_480.jpg?t=xoxe-124878124292-7467719047090-7480385333457-4296bbd25a5710071a4df099b64b6f19",
                "thumb_480_w": 441,
                "thumb_480_h": 480,
                "thumb_160": "https:\/\/files.slack.com\/files-tmb\/T3NRU3N8L-F4PPV3P9A-06961860da\/the_sea_titan_160.jpg?t=xoxe-124878124292-7467719047090-7480385333457-4296bbd25a5710071a4df099b64b6f19",
                "image_exif_rotation": 1,
                "original_w": 564,
                "original_h": 614,
                "permalink": "https:\/\/neohabitat.slack.com\/files\/U3NS4Q413\/F4PPV3P9A\/the_sea_titan.jpg",
                "permalink_public": "https:\/\/slack-files.com\/T3NRU3N8L-F4PPV3P9A-90811aa201",
                "is_starred": false,
                "has_rich_preview": false,
                "file_access": "visible"
            }
        ],
        "upload": true,
        "user": "U3NS4Q413",
        "display_as_bot": false,
        "blocks": [
            {
                "type": "rich_text",
                "block_id": "cULP",
                "elements": [
                    {
                        "type": "rich_text_section",
                        "elements": [
                            {
                                "type": "user",
                                "user_id": "U3NS4Q413"
                            },
                            {
                                "type": "text",
                                "text": " uploaded a file: "
                            },
                            {
                                "type": "link",
                                "url": "https:\/\/neohabitat.slack.com\/files\/randy\/F4PPV3P9A\/the_sea_titan.jpg",
                                "text": "The Sea Titan.jpg",
                                "unsafe": true
                            }
                        ]
                    }
                ]
            }
        ],
        "type": "message",
        "ts": "1490481655.814517"
    },
    {
        "user": "U3NS4Q413",
        "type": "message",
        "ts": "1490481675.815330",
        "text": "That mini base is 8\".",
        "team": "T3NRU3N8L",
        "user_team": "T3NRU3N8L",
        "source_team": "T3NRU3N8L",
        "user_profile": {
            "avatar_hash": "9a824257f5f9",
            "image_72": "https:\/\/avatars.slack-edge.com\/2017-06-19\/200099674645_9a824257f5f9fea53c25_72.png",
            "first_name": "Randy",
            "real_name": "Randy Farmer",
            "display_name": "randy",
            "team": "T3NRU3N8L",
            "name": "randy",
            "is_restricted": false,
            "is_ultra_restricted": false
        },
        "blocks": [
            {
                "type": "rich_text",
                "block_id": "Aau",
                "elements": [
                    {
                        "type": "rich_text_section",
                        "elements": [
                            {
                                "type": "text",
                                "text": "That mini base is 8\"."
                            }
                        ]
                    }
                ]
            }
        ]
    },
    {
        "subtype": "channel_join",
        "user": "U4QDQHNSJ",
        "text": "<@U4QDQHNSJ> has joined the channel",
        "type": "message",
        "ts": "1490489145.133179"
    }
]