[
    {
        "subtype": "file_comment",
        "text": "<@U4Q8J6WLF> commented on <@U40A3G4QM>’s file <https:\/\/neohabitat.slack.com\/files\/U40A3G4QM\/F6DGEJXPV\/pasted_image_at_2017_07_25_03_25_pm.png|https:\/\/neohabitat.slack.com\/files\/U40A3G4QM\/F6DGEJXPV\/pasted_image_at_2017_07_25_03_25_pm.png>: Such a cute puppy!",
        "comment": {
            "id": "Fc6F7520H2",
            "created": 1501259751,
            "timestamp": 1501259751,
            "user": "U4Q8J6WLF",
            "is_intro": false,
            "comment": "Such a cute puppy!"
        },
        "is_intro": false,
        "file": {
            "id": "F6DGEJXPV",
            "created": 1501021535,
            "timestamp": 1501021535,
            "name": "Pasted image at 2017_07_25 03_25 PM.png",
            "title": "My new puppy",
            "mimetype": "image\/png",
            "filetype": "png",
            "pretty_type": "PNG",
            "user": "U40A3G4QM",
            "user_team": "T3NRU3N8L",
            "editable": false,
            "size": 733061,
            "mode": "hosted",
            "is_external": false,
            "external_type": "",
            "is_public": true,
            "public_url_shared": false,
            "display_as_bot": false,
            "username": "",
            "url_private": "https:\/\/files.slack.com\/files-pri\/T3NRU3N8L-F6DGEJXPV\/pasted_image_at_2017_07_25_03_25_pm.png?t=xoxe-124878124292-7467719047090-7480385333457-4296bbd25a5710071a4df099b64b6f19",
            "url_private_download": "https:\/\/files.slack.com\/files-pri\/T3NRU3N8L-F6DGEJXPV\/download\/pasted_image_at_2017_07_25_03_25_pm.png?t=xoxe-124878124292-7467719047090-7480385333457-4296bbd25a5710071a4df099b64b6f19",
            "media_display_type": "unknown",
            "thumb_64": "https:\/\/files.slack.com\/files-tmb\/T3NRU3N8L-F6DGEJXPV-1e5ad22828\/pasted_image_at_2017_07_25_03_25_pm_64.png?t=xoxe-124878124292-7467719047090-7480385333457-4296bbd25a5710071a4df099b64b6f19",
            "thumb_80": "https:\/\/files.slack.com\/files-tmb\/T3NRU3N8L-F6DGEJXPV-1e5ad22828\/pasted_image_at_2017_07_25_03_25_pm_80.png?t=xoxe-124878124292-7467719047090-7480385333457-4296bbd25a5710071a4df099b64b6f19",
            "thumb_360": "https:\/\/files.slack.com\/files-tmb\/T3NRU3N8L-F6DGEJXPV-1e5ad22828\/pasted_image_at_2017_07_25_03_25_pm_360.png?t=xoxe-124878124292-7467719047090-7480385333457-4296bbd25a5710071a4df099b64b6f19",
            "thumb_360_w": 360,
            "thumb_360_h": 270,
            "thumb_480": "https:\/\/files.slack.com\/files-tmb\/T3NRU3N8L-F6DGEJXPV-1e5ad22828\/pasted_image_at_2017_07_25_03_25_pm_480.png?t=xoxe-124878124292-7467719047090-7480385333457-4296bbd25a5710071a4df099b64b6f19",
            "thumb_480_w": 480,
            "thumb_480_h": 360,
            "thumb_160": "https:\/\/files.slack.com\/files-tmb\/T3NRU3N8L-F6DGEJXPV-1e5ad22828\/pasted_image_at_2017_07_25_03_25_pm_160.png?t=xoxe-124878124292-7467719047090-7480385333457-4296bbd25a5710071a4df099b64b6f19",
            "image_exif_rotation": 1,
            "original_w": 720,
            "original_h": 540,
            "permalink": "https:\/\/neohabitat.slack.com\/files\/U40A3G4QM\/F6DGEJXPV\/pasted_image_at_2017_07_25_03_25_pm.png",
            "permalink_public": "https:\/\/slack-files.com\/T3NRU3N8L-F6DGEJXPV-66c00f0795",
            "is_starred": false,
            "has_rich_preview": false,
            "file_access": "visible"
        },
        "files": [
            {
                "id": "F6DGEJXPV",
                "created": 1501021535,
                "timestamp": 1501021535,
                "name": "Pasted image at 2017_07_25 03_25 PM.png",
                "title": "My new puppy",
                "mimetype": "image\/png",
                "filetype": "png",
                "pretty_type": "PNG",
                "user": "U40A3G4QM",
                "user_team": "T3NRU3N8L",
                "editable": false,
                "size": 733061,
                "mode": "hosted",
                "is_external": false,
                "external_type": "",
                "is_public": true,
                "public_url_shared": false,
                "display_as_bot": false,
                "username": "",
                "url_private": "https:\/\/files.slack.com\/files-pri\/T3NRU3N8L-F6DGEJXPV\/pasted_image_at_2017_07_25_03_25_pm.png?t=xoxe-124878124292-7467719047090-7480385333457-4296bbd25a5710071a4df099b64b6f19",
                "url_private_download": "https:\/\/files.slack.com\/files-pri\/T3NRU3N8L-F6DGEJXPV\/download\/pasted_image_at_2017_07_25_03_25_pm.png?t=xoxe-124878124292-7467719047090-7480385333457-4296bbd25a5710071a4df099b64b6f19",
                "media_display_type": "unknown",
                "thumb_64": "https:\/\/files.slack.com\/files-tmb\/T3NRU3N8L-F6DGEJXPV-1e5ad22828\/pasted_image_at_2017_07_25_03_25_pm_64.png?t=xoxe-124878124292-7467719047090-7480385333457-4296bbd25a5710071a4df099b64b6f19",
                "thumb_80": "https:\/\/files.slack.com\/files-tmb\/T3NRU3N8L-F6DGEJXPV-1e5ad22828\/pasted_image_at_2017_07_25_03_25_pm_80.png?t=xoxe-124878124292-7467719047090-7480385333457-4296bbd25a5710071a4df099b64b6f19",
                "thumb_360": "https:\/\/files.slack.com\/files-tmb\/T3NRU3N8L-F6DGEJXPV-1e5ad22828\/pasted_image_at_2017_07_25_03_25_pm_360.png?t=xoxe-124878124292-7467719047090-7480385333457-4296bbd25a5710071a4df099b64b6f19",
                "thumb_360_w": 360,
                "thumb_360_h": 270,
                "thumb_480": "https:\/\/files.slack.com\/files-tmb\/T3NRU3N8L-F6DGEJXPV-1e5ad22828\/pasted_image_at_2017_07_25_03_25_pm_480.png?t=xoxe-124878124292-7467719047090-7480385333457-4296bbd25a5710071a4df099b64b6f19",
                "thumb_480_w": 480,
                "thumb_480_h": 360,
                "thumb_160": "https:\/\/files.slack.com\/files-tmb\/T3NRU3N8L-F6DGEJXPV-1e5ad22828\/pasted_image_at_2017_07_25_03_25_pm_160.png?t=xoxe-124878124292-7467719047090-7480385333457-4296bbd25a5710071a4df099b64b6f19",
                "image_exif_rotation": 1,
                "original_w": 720,
                "original_h": 540,
                "permalink": "https:\/\/neohabitat.slack.com\/files\/U40A3G4QM\/F6DGEJXPV\/pasted_image_at_2017_07_25_03_25_pm.png",
                "permalink_public": "https:\/\/slack-files.com\/T3NRU3N8L-F6DGEJXPV-66c00f0795",
                "is_starred": false,
                "has_rich_preview": false,
                "file_access": "visible"
            }
        ],
        "team": "T00",
        "blocks": [
            {
                "type": "rich_text",
                "elements": [
                    {
                        "type": "rich_text_section",
                        "elements": [
                            {
                                "type": "text",
                                "text": "<@U4Q8J6WLF> commented on <@U40A3G4QM>’s file <https:\/\/neohabitat.slack.com\/files\/U40A3G4QM\/F6DGEJXPV\/pasted_image_at_2017_07_25_03_25_pm.png|https:\/\/neohabitat.slack.com\/files\/U40A3G4QM\/F6DGEJXPV\/pasted_image_at_2017_07_25_03_25_pm.png>: Such a cute puppy!"
                            }
                        ]
                    }
                ]
            }
        ],
        "type": "message",
        "ts": "1501259751.355364"
    },
    {
        "subtype": "channel_join",
        "user": "U6EGQC69E",
        "text": "<@U6EGQC69E> has joined the channel",
        "type": "message",
        "ts": "1501263762.339179"
    }
]