[
    {
        "subtype": "channel_join",
        "user": "U5SBH4W9K",
        "text": "<@U5SBH4W9K> has joined the channel",
        "type": "message",
        "ts": "1497275204.178442"
    },
    {
        "subtype": "channel_join",
        "user": "U5SJWQ6TV",
        "text": "<@U5SJWQ6TV> has joined the channel",
        "type": "message",
        "ts": "1497322404.918245"
    },
    {
        "user": "U3NS4Q413",
        "type": "message",
        "ts": "1497336016.441319",
        "text": "It was bound to happen. I can't keep my passions apart any longer!",
        "team": "T3NRU3N8L",
        "user_team": "T3NRU3N8L",
        "source_team": "T3NRU3N8L",
        "user_profile": {
            "avatar_hash": "9a824257f5f9",
            "image_72": "https:\/\/avatars.slack-edge.com\/2017-06-19\/200099674645_9a824257f5f9fea53c25_72.png",
            "first_name": "Randy",
            "real_name": "Randy Farmer",
            "display_name": "randy",
            "team": "T3NRU3N8L",
            "name": "randy",
            "is_restricted": false,
            "is_ultra_restricted": false
        },
        "blocks": [
            {
                "type": "rich_text",
                "block_id": "0jzNO",
                "elements": [
                    {
                        "type": "rich_text_section",
                        "elements": [
                            {
                                "type": "text",
                                "text": "It was bound to happen. I can't keep my passions apart any longer!"
                            }
                        ]
                    }
                ]
            }
        ]
    },
    {
        "text": "<@U3NS4Q413|randy> uploaded a file: <https:\/\/neohabitat.slack.com\/files\/randy\/F5TGV27UN\/35237940706_eda7139290_z.jpg|Paper Habitat>",
        "files": [
            {
                "id": "F5TGV27UN",
                "created": 1497336043,
                "timestamp": 1497336043,
                "name": "35237940706_eda7139290_z.jpg",
                "title": "Paper Habitat",
                "mimetype": "image\/jpeg",
                "filetype": "jpg",
                "pretty_type": "JPEG",
                "user": "U3NS4Q413",
                "user_team": "T3NRU3N8L",
                "editable": false,
                "size": 69001,
                "mode": "hosted",
                "is_external": false,
                "external_type": "",
                "is_public": true,
                "public_url_shared": false,
                "display_as_bot": false,
                "username": "",
                "url_private": "https:\/\/files.slack.com\/files-pri\/T3NRU3N8L-F5TGV27UN\/35237940706_eda7139290_z.jpg?t=xoxe-124878124292-7467719047090-7480385333457-4296bbd25a5710071a4df099b64b6f19",
                "url_private_download": "https:\/\/files.slack.com\/files-pri\/T3NRU3N8L-F5TGV27UN\/download\/35237940706_eda7139290_z.jpg?t=xoxe-124878124292-7467719047090-7480385333457-4296bbd25a5710071a4df099b64b6f19",
                "media_display_type": "unknown",
                "thumb_64": "https:\/\/files.slack.com\/files-tmb\/T3NRU3N8L-F5TGV27UN-2a94bd2037\/35237940706_eda7139290_z_64.jpg?t=xoxe-124878124292-7467719047090-7480385333457-4296bbd25a5710071a4df099b64b6f19",
                "thumb_80": "https:\/\/files.slack.com\/files-tmb\/T3NRU3N8L-F5TGV27UN-2a94bd2037\/35237940706_eda7139290_z_80.jpg?t=xoxe-124878124292-7467719047090-7480385333457-4296bbd25a5710071a4df099b64b6f19",
                "thumb_360": "https:\/\/files.slack.com\/files-tmb\/T3NRU3N8L-F5TGV27UN-2a94bd2037\/35237940706_eda7139290_z_360.jpg?t=xoxe-124878124292-7467719047090-7480385333457-4296bbd25a5710071a4df099b64b6f19",
                "thumb_360_w": 360,
                "thumb_360_h": 116,
                "thumb_480": "https:\/\/files.slack.com\/files-tmb\/T3NRU3N8L-F5TGV27UN-2a94bd2037\/35237940706_eda7139290_z_480.jpg?t=xoxe-124878124292-7467719047090-7480385333457-4296bbd25a5710071a4df099b64b6f19",
                "thumb_480_w": 480,
                "thumb_480_h": 155,
                "thumb_160": "https:\/\/files.slack.com\/files-tmb\/T3NRU3N8L-F5TGV27UN-2a94bd2037\/35237940706_eda7139290_z_160.jpg?t=xoxe-124878124292-7467719047090-7480385333457-4296bbd25a5710071a4df099b64b6f19",
                "image_exif_rotation": 1,
                "original_w": 640,
                "original_h": 207,
                "permalink": "https:\/\/neohabitat.slack.com\/files\/U3NS4Q413\/F5TGV27UN\/35237940706_eda7139290_z.jpg",
                "permalink_public": "https:\/\/slack-files.com\/T3NRU3N8L-F5TGV27UN-9a1745d53b",
                "is_starred": false,
                "has_rich_preview": false,
                "file_access": "visible"
            }
        ],
        "upload": true,
        "user": "U3NS4Q413",
        "display_as_bot": false,
        "blocks": [
            {
                "type": "rich_text",
                "block_id": "T8ZLM",
                "elements": [
                    {
                        "type": "rich_text_section",
                        "elements": [
                            {
                                "type": "user",
                                "user_id": "U3NS4Q413"
                            },
                            {
                                "type": "text",
                                "text": " uploaded a file: "
                            },
                            {
                                "type": "link",
                                "url": "https:\/\/neohabitat.slack.com\/files\/randy\/F5TGV27UN\/35237940706_eda7139290_z.jpg",
                                "text": "Paper Habitat"
                            }
                        ]
                    }
                ]
            }
        ],
        "type": "message",
        "ts": "1497336044.445589"
    },
    {
        "text": "<@U3NS4Q413|randy> uploaded a file: <https:\/\/neohabitat.slack.com\/files\/randy\/F5SLE3CH1\/34891003830_14ac2f5dfe_z.jpg|Paper Habitat>",
        "files": [
            {
                "id": "F5SLE3CH1",
                "created": 1497336054,
                "timestamp": 1497336054,
                "name": "34891003830_14ac2f5dfe_z.jpg",
                "title": "Paper Habitat",
                "mimetype": "image\/jpeg",
                "filetype": "jpg",
                "pretty_type": "JPEG",
                "user": "U3NS4Q413",
                "user_team": "T3NRU3N8L",
                "editable": false,
                "size": 47697,
                "mode": "hosted",
                "is_external": false,
                "external_type": "",
                "is_public": true,
                "public_url_shared": false,
                "display_as_bot": false,
                "username": "",
                "url_private": "https:\/\/files.slack.com\/files-pri\/T3NRU3N8L-F5SLE3CH1\/34891003830_14ac2f5dfe_z.jpg?t=xoxe-124878124292-7467719047090-7480385333457-4296bbd25a5710071a4df099b64b6f19",
                "url_private_download": "https:\/\/files.slack.com\/files-pri\/T3NRU3N8L-F5SLE3CH1\/download\/34891003830_14ac2f5dfe_z.jpg?t=xoxe-124878124292-7467719047090-7480385333457-4296bbd25a5710071a4df099b64b6f19",
                "media_display_type": "unknown",
                "thumb_64": "https:\/\/files.slack.com\/files-tmb\/T3NRU3N8L-F5SLE3CH1-761975e691\/34891003830_14ac2f5dfe_z_64.jpg?t=xoxe-124878124292-7467719047090-7480385333457-4296bbd25a5710071a4df099b64b6f19",
                "thumb_80": "https:\/\/files.slack.com\/files-tmb\/T3NRU3N8L-F5SLE3CH1-761975e691\/34891003830_14ac2f5dfe_z_80.jpg?t=xoxe-124878124292-7467719047090-7480385333457-4296bbd25a5710071a4df099b64b6f19",
                "thumb_360": "https:\/\/files.slack.com\/files-tmb\/T3NRU3N8L-F5SLE3CH1-761975e691\/34891003830_14ac2f5dfe_z_360.jpg?t=xoxe-124878124292-7467719047090-7480385333457-4296bbd25a5710071a4df099b64b6f19",
                "thumb_360_w": 360,
                "thumb_360_h": 114,
                "thumb_480": "https:\/\/files.slack.com\/files-tmb\/T3NRU3N8L-F5SLE3CH1-761975e691\/34891003830_14ac2f5dfe_z_480.jpg?t=xoxe-124878124292-7467719047090-7480385333457-4296bbd25a5710071a4df099b64b6f19",
                "thumb_480_w": 480,
                "thumb_480_h": 152,
                "thumb_160": "https:\/\/files.slack.com\/files-tmb\/T3NRU3N8L-F5SLE3CH1-761975e691\/34891003830_14ac2f5dfe_z_160.jpg?t=xoxe-124878124292-7467719047090-7480385333457-4296bbd25a5710071a4df099b64b6f19",
                "image_exif_rotation": 1,
                "original_w": 640,
                "original_h": 203,
                "permalink": "https:\/\/neohabitat.slack.com\/files\/U3NS4Q413\/F5SLE3CH1\/34891003830_14ac2f5dfe_z.jpg",
                "permalink_public": "https:\/\/slack-files.com\/T3NRU3N8L-F5SLE3CH1-333cfa7f7e",
                "is_starred": false,
                "has_rich_preview": false,
                "file_access": "visible"
            }
        ],
        "upload": true,
        "user": "U3NS4Q413",
        "display_as_bot": false,
        "blocks": [
            {
                "type": "rich_text",
                "block_id": "Oryf",
                "elements": [
                    {
                        "type": "rich_text_section",
                        "elements": [
                            {
                                "type": "user",
                                "user_id": "U3NS4Q413"
                            },
                            {
                                "type": "text",
                                "text": " uploaded a file: "
                            },
                            {
                                "type": "link",
                                "url": "https:\/\/neohabitat.slack.com\/files\/randy\/F5SLE3CH1\/34891003830_14ac2f5dfe_z.jpg",
                                "text": "Paper Habitat"
                            }
                        ]
                    }
                ]
            }
        ],
        "type": "message",
        "ts": "1497336055.447241"
    },
    {
        "text": "<@U3NS4Q413|randy> uploaded a file: <https:\/\/neohabitat.slack.com\/files\/randy\/F5SNKHTFC\/35237874816_50a4066a1d_z.jpg|Paper Habitat>",
        "files": [
            {
                "id": "F5SNKHTFC",
                "created": 1497336068,
                "timestamp": 1497336068,
                "name": "35237874816_50a4066a1d_z.jpg",
                "title": "Paper Habitat",
                "mimetype": "image\/jpeg",
                "filetype": "jpg",
                "pretty_type": "JPEG",
                "user": "U3NS4Q413",
                "user_team": "T3NRU3N8L",
                "editable": false,
                "size": 72003,
                "mode": "hosted",
                "is_external": false,
                "external_type": "",
                "is_public": true,
                "public_url_shared": false,
                "display_as_bot": false,
                "username": "",
                "url_private": "https:\/\/files.slack.com\/files-pri\/T3NRU3N8L-F5SNKHTFC\/35237874816_50a4066a1d_z.jpg?t=xoxe-124878124292-7467719047090-7480385333457-4296bbd25a5710071a4df099b64b6f19",
                "url_private_download": "https:\/\/files.slack.com\/files-pri\/T3NRU3N8L-F5SNKHTFC\/download\/35237874816_50a4066a1d_z.jpg?t=xoxe-124878124292-7467719047090-7480385333457-4296bbd25a5710071a4df099b64b6f19",
                "media_display_type": "unknown",
                "thumb_64": "https:\/\/files.slack.com\/files-tmb\/T3NRU3N8L-F5SNKHTFC-4cb2de8205\/35237874816_50a4066a1d_z_64.jpg?t=xoxe-124878124292-7467719047090-7480385333457-4296bbd25a5710071a4df099b64b6f19",
                "thumb_80": "https:\/\/files.slack.com\/files-tmb\/T3NRU3N8L-F5SNKHTFC-4cb2de8205\/35237874816_50a4066a1d_z_80.jpg?t=xoxe-124878124292-7467719047090-7480385333457-4296bbd25a5710071a4df099b64b6f19",
                "thumb_360": "https:\/\/files.slack.com\/files-tmb\/T3NRU3N8L-F5SNKHTFC-4cb2de8205\/35237874816_50a4066a1d_z_360.jpg?t=xoxe-124878124292-7467719047090-7480385333457-4296bbd25a5710071a4df099b64b6f19",
                "thumb_360_w": 360,
                "thumb_360_h": 140,
                "thumb_480": "https:\/\/files.slack.com\/files-tmb\/T3NRU3N8L-F5SNKHTFC-4cb2de8205\/35237874816_50a4066a1d_z_480.jpg?t=xoxe-124878124292-7467719047090-7480385333457-4296bbd25a5710071a4df099b64b6f19",
                "thumb_480_w": 480,
                "thumb_480_h": 187,
                "thumb_160": "https:\/\/files.slack.com\/files-tmb\/T3NRU3N8L-F5SNKHTFC-4cb2de8205\/35237874816_50a4066a1d_z_160.jpg?t=xoxe-124878124292-7467719047090-7480385333457-4296bbd25a5710071a4df099b64b6f19",
                "image_exif_rotation": 1,
                "original_w": 640,
                "original_h": 249,
                "permalink": "https:\/\/neohabitat.slack.com\/files\/U3NS4Q413\/F5SNKHTFC\/35237874816_50a4066a1d_z.jpg",
                "permalink_public": "https:\/\/slack-files.com\/T3NRU3N8L-F5SNKHTFC-66df7b70d9",
                "is_starred": false,
                "has_rich_preview": false,
                "file_access": "visible"
            }
        ],
        "upload": true,
        "user": "U3NS4Q413",
        "display_as_bot": false,
        "blocks": [
            {
                "type": "rich_text",
                "block_id": "MFb",
                "elements": [
                    {
                        "type": "rich_text_section",
                        "elements": [
                            {
                                "type": "user",
                                "user_id": "U3NS4Q413"
                            },
                            {
                                "type": "text",
                                "text": " uploaded a file: "
                            },
                            {
                                "type": "link",
                                "url": "https:\/\/neohabitat.slack.com\/files\/randy\/F5SNKHTFC\/35237874816_50a4066a1d_z.jpg",
                                "text": "Paper Habitat"
                            }
                        ]
                    }
                ]
            }
        ],
        "type": "message",
        "ts": "1497336071.449423"
    }
]