[
    {
        "subtype": "channel_join",
        "user": "U6GFDSB8X",
        "text": "<@U6GFDSB8X> has joined the channel",
        "type": "message",
        "ts": "1501316667.420780"
    },
    {
        "user": "U41BJADGU",
        "type": "message",
        "ts": "1501355150.129371",
        "text": "For those of you who liked my enhanced version of the Neptune's Caverns text adventure game... Check out three other original text adventures that I made for the C64:",
        "team": "T3NRU3N8L",
        "user_team": "T3NRU3N8L",
        "source_team": "T3NRU3N8L",
        "user_profile": {
            "avatar_hash": "f3bfb536f4e1",
            "image_72": "https:\/\/avatars.slack-edge.com\/2017-03-06\/151260998854_f3bfb536f4e1f6383a63_48.png",
            "first_name": "Ricky",
            "real_name": "Ricky Derocher",
            "display_name": "ricky_derocher",
            "team": "T3NRU3N8L",
            "name": "ricky_derocher",
            "is_restricted": false,
            "is_ultra_restricted": false
        },
        "blocks": [
            {
                "type": "rich_text",
                "block_id": "nNqoP",
                "elements": [
                    {
                        "type": "rich_text_section",
                        "elements": [
                            {
                                "type": "text",
                                "text": "For those of you who liked my enhanced version of the Neptune's Caverns text adventure game... Check out three other original text adventures that I made for the C64:"
                            }
                        ]
                    }
                ]
            }
        ]
    },
    {
        "user": "U41BJADGU",
        "type": "message",
        "ts": "1501355153.129562",
        "text": "<http:\/\/csdb.dk\/release\/?id=150485>",
        "team": "T3NRU3N8L",
        "user_team": "T3NRU3N8L",
        "source_team": "T3NRU3N8L",
        "user_profile": {
            "avatar_hash": "f3bfb536f4e1",
            "image_72": "https:\/\/avatars.slack-edge.com\/2017-03-06\/151260998854_f3bfb536f4e1f6383a63_48.png",
            "first_name": "Ricky",
            "real_name": "Ricky Derocher",
            "display_name": "ricky_derocher",
            "team": "T3NRU3N8L",
            "name": "ricky_derocher",
            "is_restricted": false,
            "is_ultra_restricted": false
        },
        "attachments": [
            {
                "service_name": "Commodore 64 Scene Database",
                "title": "[CSDb] - The Pirates of the Dark Waters V2 by Binary Legends (2016)",
                "title_link": "http:\/\/csdb.dk\/release\/?id=150485",
                "text": "Commodore 64 Game: The Pirates of the Dark Waters V2 by Binary Legends. Released on 20 September 2016",
                "fallback": "Commodore 64 Scene Database: [CSDb] - The Pirates of the Dark Waters V2 by Binary Legends (2016)",
                "image_url": "http:\/\/csdb.dk\/gfx\/releases\/150000\/150485.gif",
                "from_url": "http:\/\/csdb.dk\/release\/?id=150485",
                "image_width": 320,
                "image_height": 200,
                "image_bytes": 13780,
                "service_icon": "http:\/\/csdb.dk\/favicon.ico",
                "id": 1
            }
        ],
        "blocks": [
            {
                "type": "rich_text",
                "block_id": "=PGS",
                "elements": [
                    {
                        "type": "rich_text_section",
                        "elements": [
                            {
                                "type": "link",
                                "url": "http:\/\/csdb.dk\/release\/?id=150485"
                            }
                        ]
                    }
                ]
            }
        ]
    },
    {
        "user": "U41BJADGU",
        "type": "message",
        "ts": "1501355170.130827",
        "text": "<http:\/\/csdb.dk\/release\/?id=138347>",
        "team": "T3NRU3N8L",
        "user_team": "T3NRU3N8L",
        "source_team": "T3NRU3N8L",
        "user_profile": {
            "avatar_hash": "f3bfb536f4e1",
            "image_72": "https:\/\/avatars.slack-edge.com\/2017-03-06\/151260998854_f3bfb536f4e1f6383a63_48.png",
            "first_name": "Ricky",
            "real_name": "Ricky Derocher",
            "display_name": "ricky_derocher",
            "team": "T3NRU3N8L",
            "name": "ricky_derocher",
            "is_restricted": false,
            "is_ultra_restricted": false
        },
        "attachments": [
            {
                "service_name": "Commodore 64 Scene Database",
                "title": "[CSDb] - The Marlo Files - Remastered Edition by Binary Legends (2015)",
                "title_link": "http:\/\/csdb.dk\/release\/?id=138347",
                "text": "Commodore 64 Game: The Marlo Files - Remastered Edition by Binary Legends. Released on 11 May 2015",
                "fallback": "Commodore 64 Scene Database: [CSDb] - The Marlo Files - Remastered Edition by Binary Legends (2015)",
                "image_url": "http:\/\/csdb.dk\/gfx\/releases\/138000\/138347.gif",
                "from_url": "http:\/\/csdb.dk\/release\/?id=138347",
                "image_width": 320,
                "image_height": 200,
                "image_bytes": 22234,
                "service_icon": "http:\/\/csdb.dk\/favicon.ico",
                "id": 1
            }
        ],
        "blocks": [
            {
                "type": "rich_text",
                "block_id": "3IV6",
                "elements": [
                    {
                        "type": "rich_text_section",
                        "elements": [
                            {
                                "type": "link",
                                "url": "http:\/\/csdb.dk\/release\/?id=138347"
                            }
                        ]
                    }
                ]
            }
        ]
    }
]