[
    {
        "user": "U41BJADGU",
        "type": "message",
        "ts": "1502830066.000524",
        "text": "<https:\/\/qz.com\/726338\/the-code-that-took-america-to-the-moon-was-just-published-to-github-and-its-like-a-1960s-time-capsule\/>",
        "team": "T3NRU3N8L",
        "user_team": "T3NRU3N8L",
        "source_team": "T3NRU3N8L",
        "user_profile": {
            "avatar_hash": "f3bfb536f4e1",
            "image_72": "https:\/\/avatars.slack-edge.com\/2017-03-06\/151260998854_f3bfb536f4e1f6383a63_48.png",
            "first_name": "Ricky",
            "real_name": "Ricky Derocher",
            "display_name": "ricky_derocher",
            "team": "T3NRU3N8L",
            "name": "ricky_derocher",
            "is_restricted": false,
            "is_ultra_restricted": false
        },
        "attachments": [
            {
                "service_name": "Quartz",
                "service_url": "http:\/\/qz.com",
                "title": "The code that took America to the moon was just published to GitHub, and it’s like a 1960s time capsule",
                "title_link": "https:\/\/qz.com\/726338\/the-code-that-took-america-to-the-moon-was-just-published-to-github-and-its-like-a-1960s-time-capsule\/",
                "author_name": "Keith Collins",
                "author_link": "https:\/\/qz.com\/author\/kcollinsqz\/",
                "thumb_url": "https:\/\/qzprod.files.wordpress.com\/2016\/07\/nasa2.jpg?quality=80&strip=all&w=1200&fit=200%2C150",
                "thumb_width": 200,
                "thumb_height": 113,
                "text": "When programmers at the MIT Instrumentation Laboratory set out to develop the flight software for the Apollo 11 space program in the mid-1960s, the necessary technology did not exist. They had to invent it.\nThey came up with a new way to store computer programs, called &ldquo;rope memory,&rdquo; and created a special version of the assembly programming language. Assembly itself is obscure to many of today&rsquo;s programmers&mdash;it&rsquo;s very difficult to read, intended to be easily understood by computers, not humans. For the Apollo Guidance Computer (AGC), MIT programmers wrote thousands of lines of that esoteric code.\nHere&rsquo;s a very 1960s data visualization of just how much code they wrote&mdash;this is Margaret Hamilton, director of software engineering for the project, standing next to a stack of paper containing the software:\nMargaret Hamilton (NASA)The AGC code has been available to the public for quite a while&ndash;it was first uploaded by tech researcher Ron Burkey in 2003, after he&rsquo;d transcribed it from scanned images of the original hardcopies MIT had put online. That is, he manually typed out each line, one by one.\n&ldquo;It was scanned by a airplane pilot named Gary Neff in Colorado,&rdquo; Burkey said in an email. &ldquo;MIT got hold of the scans and put them online in the form of page images, which unfortunately had been mutilated in the process to the point of being unreadable in places.&rdquo; Burkey reconstructed the unreadable parts, he said, using his engineering skills to fill in the blanks.\n&ldquo;Quite a bit later, I managed to get some replacement scans from Gary Neff for the unreadable parts and fortunately found out that the parts I filled in were 100% correct!&rdquo; he said.\nThe effort made the code available to any researcher or hobbyist who wanted to explore it. Burkey himself even used the software to create a simulation of the AGC:\n\nAs enormous and successful as Burkey&rsquo;s project has been, however, the code itself remained somewhat obscure to many of today&rsquo;s software developers. That was until last Thursday (July 7), when former NASA intern Chris Garry uploaded the software in its entirety to GitHub, the code-sharing site where millions of programmers hang out these days.\nWithin hours, coders began dissecting the software, particularly looking at the code comments the AGC&rsquo;s original programmers had written. In programming, comments are plain-English descriptions of what task is being performed at a given point. But as the always-sharp joke detectives in Reddit&rsquo;s r\/ProgrammerHumor section found, many of the comments in the AGC code go beyond boring explanations of the software itself. They&rsquo;re full of light-hearted jokes and messages, and very 1960s references.\nOne of the source code files, for example, is called BURN_BABY_BURN--MASTER_IGNITION_ROUTINE, and the opening comments explain why:\n\nAbout 900 lines into that subroutine, a reader can see the playfulness of the original programming team come through, in the first and last comments in this block of code:\n\nIn the file called LUNAR_LANDING_GUIDANCE_EQUATIONS.s, it appears that two lines of code meant to be temporary ended up being permanent, against the hopes of one programmer:\n\nIn the same file, there&rsquo;s also code that appears to instruct an astronaut to &ldquo;crank the silly thing around.&rdquo;\n\n&ldquo;That code is all about positioning the antenna for the LR (landing radar),&rdquo; Burkey explained. &ldquo;I presume that it&rsquo;s displaying a code to warn the astronaut to reposition it.&rdquo;\nAnd in the PINBALL_GAME_BUTTONS_AND_LIGHTS.s file, which is described as &ldquo;the keyboard and display system program &hellip; exchanged between the AGC and the computer operator,&rdquo; there&rsquo;s a peculiar Shakespeare quote:\n\nThis is likely a reference to the AGC programming language itself, as one Reddit user pointed out. The language used predetermined &ldquo;nouns&rdquo; and &ldquo;verbs&rdquo; to execute operations. The verb 37, for example, means &ldquo;Run program,&rdquo; while the noun 33 means &ldquo;Time to ignition.&rdquo;\nNow that the code is on GitHub, programmers can actually suggest changes and file issues. And, of course, they have. One developer submitted an issue saying, &ldquo;A customer has had a fairly serious problem with stirring the cryogenic tanks with a circuit fault present,&rdquo; and listed steps to reproduce the problem. &ldquo;Be aware that this may be hazardous to the tester attempting it,&rdquo; he added. The responses flooded in.\nOne user suggested maybe the issue was not with the code, but something else:\nAnother took it back to the basics:\nAnd one developer suggested perhaps the software simply needs to be updated:",
                "fallback": "Quartz Link: The code that took America to the moon was just published to GitHub, and it&#8217;s like a 1960s time capsule",
                "from_url": "https:\/\/qz.com\/726338\/the-code-that-took-america-to-the-moon-was-just-published-to-github-and-its-like-a-1960s-time-capsule\/",
                "service_icon": "https:\/\/app.qz.com\/img\/icons\/touch_144.png",
                "id": 1
            }
        ],
        "blocks": [
            {
                "type": "rich_text",
                "block_id": "\/2nf",
                "elements": [
                    {
                        "type": "rich_text_section",
                        "elements": [
                            {
                                "type": "link",
                                "url": "https:\/\/qz.com\/726338\/the-code-that-took-america-to-the-moon-was-just-published-to-github-and-its-like-a-1960s-time-capsule\/"
                            }
                        ]
                    }
                ]
            }
        ]
    },
    {
        "user": "U41BJADGU",
        "type": "message",
        "ts": "1502830098.000036",
        "text": ":open_mouth: Wow!",
        "team": "T3NRU3N8L",
        "user_team": "T3NRU3N8L",
        "source_team": "T3NRU3N8L",
        "user_profile": {
            "avatar_hash": "f3bfb536f4e1",
            "image_72": "https:\/\/avatars.slack-edge.com\/2017-03-06\/151260998854_f3bfb536f4e1f6383a63_48.png",
            "first_name": "Ricky",
            "real_name": "Ricky Derocher",
            "display_name": "ricky_derocher",
            "team": "T3NRU3N8L",
            "name": "ricky_derocher",
            "is_restricted": false,
            "is_ultra_restricted": false
        },
        "blocks": [
            {
                "type": "rich_text",
                "block_id": "PtYjG",
                "elements": [
                    {
                        "type": "rich_text_section",
                        "elements": [
                            {
                                "type": "emoji",
                                "name": "open_mouth",
                                "unicode": "1f62e"
                            },
                            {
                                "type": "text",
                                "text": " Wow!"
                            }
                        ]
                    }
                ]
            }
        ]
    },
    {
        "user": "U40BV2HU2",
        "type": "message",
        "ts": "1502830909.000058",
        "text": "Very cool",
        "team": "T3NRU3N8L",
        "user_team": "T3NRU3N8L",
        "source_team": "T3NRU3N8L",
        "user_profile": {
            "avatar_hash": "gd0b44b8c14b",
            "image_72": "https:\/\/secure.gravatar.com\/avatar\/5d0b44b8c14bf4f18736d928205fb35e.jpg?s=72&d=https%3A%2F%2Fa.slack-edge.com%2Fdf10d%2Fimg%2Favatars%2Fava_0013-72.png",
            "first_name": "Robert",
            "real_name": "Robert Megone",
            "display_name": "robertmegone",
            "team": "T3NRU3N8L",
            "name": "robertmegone",
            "is_restricted": false,
            "is_ultra_restricted": false
        },
        "blocks": [
            {
                "type": "rich_text",
                "block_id": "654co",
                "elements": [
                    {
                        "type": "rich_text_section",
                        "elements": [
                            {
                                "type": "text",
                                "text": "Very cool"
                            }
                        ]
                    }
                ]
            }
        ]
    }
]