[
    {
        "text": "who did this screenshot?",
        "files": [
            {
                "id": "F655YHBQV",
                "created": 1499379295,
                "timestamp": 1499379295,
                "name": "party.png",
                "title": "party.png",
                "mimetype": "image\/png",
                "filetype": "png",
                "pretty_type": "PNG",
                "user": "U5PR5RZPF",
                "user_team": "T3NRU3N8L",
                "editable": false,
                "size": 204488,
                "mode": "hosted",
                "is_external": false,
                "external_type": "",
                "is_public": true,
                "public_url_shared": false,
                "display_as_bot": false,
                "username": "",
                "url_private": "https:\/\/files.slack.com\/files-pri\/T3NRU3N8L-F655YHBQV\/party.png?t=xoxe-124878124292-7467719047090-7480385333457-4296bbd25a5710071a4df099b64b6f19",
                "url_private_download": "https:\/\/files.slack.com\/files-pri\/T3NRU3N8L-F655YHBQV\/download\/party.png?t=xoxe-124878124292-7467719047090-7480385333457-4296bbd25a5710071a4df099b64b6f19",
                "media_display_type": "unknown",
                "thumb_64": "https:\/\/files.slack.com\/files-tmb\/T3NRU3N8L-F655YHBQV-89b5c99745\/party_64.png?t=xoxe-124878124292-7467719047090-7480385333457-4296bbd25a5710071a4df099b64b6f19",
                "thumb_80": "https:\/\/files.slack.com\/files-tmb\/T3NRU3N8L-F655YHBQV-89b5c99745\/party_80.png?t=xoxe-124878124292-7467719047090-7480385333457-4296bbd25a5710071a4df099b64b6f19",
                "thumb_360": "https:\/\/files.slack.com\/files-tmb\/T3NRU3N8L-F655YHBQV-89b5c99745\/party_360.png?t=xoxe-124878124292-7467719047090-7480385333457-4296bbd25a5710071a4df099b64b6f19",
                "thumb_360_w": 360,
                "thumb_360_h": 230,
                "thumb_480": "https:\/\/files.slack.com\/files-tmb\/T3NRU3N8L-F655YHBQV-89b5c99745\/party_480.png?t=xoxe-124878124292-7467719047090-7480385333457-4296bbd25a5710071a4df099b64b6f19",
                "thumb_480_w": 480,
                "thumb_480_h": 306,
                "thumb_160": "https:\/\/files.slack.com\/files-tmb\/T3NRU3N8L-F655YHBQV-89b5c99745\/party_160.png?t=xoxe-124878124292-7467719047090-7480385333457-4296bbd25a5710071a4df099b64b6f19",
                "image_exif_rotation": 1,
                "original_w": 669,
                "original_h": 427,
                "permalink": "https:\/\/neohabitat.slack.com\/files\/U5PR5RZPF\/F655YHBQV\/party.png",
                "permalink_public": "https:\/\/slack-files.com\/T3NRU3N8L-F655YHBQV-d894639ff4",
                "is_starred": false,
                "has_rich_preview": false,
                "file_access": "visible"
            }
        ],
        "upload": true,
        "user": "U5PR5RZPF",
        "display_as_bot": false,
        "blocks": [
            {
                "type": "rich_text",
                "block_id": "SH=Pi",
                "elements": [
                    {
                        "type": "rich_text_section",
                        "elements": [
                            {
                                "type": "user",
                                "user_id": "U5PR5RZPF"
                            },
                            {
                                "type": "text",
                                "text": " uploaded a file: "
                            },
                            {
                                "type": "link",
                                "url": "https:\/\/neohabitat.slack.com\/files\/flexman\/F655YHBQV\/party.png",
                                "text": "party.png",
                                "unsafe": true
                            },
                            {
                                "type": "text",
                                "text": " and commented: who did this screenshot?"
                            }
                        ]
                    }
                ]
            }
        ],
        "type": "message",
        "ts": "1499379297.527214"
    },
    {
        "user": "U3N3P0V89",
        "type": "message",
        "ts": "1499379383.554044",
        "text": "i'm going to guess and say randy",
        "team": "T3NRU3N8L",
        "user_team": "T3NRU3N8L",
        "source_team": "T3NRU3N8L",
        "user_profile": {
            "avatar_hash": "6dcfc9e0d4c7",
            "image_72": "https:\/\/avatars.slack-edge.com\/2017-06-07\/195047001686_6dcfc9e0d4c71e750732_72.png",
            "first_name": "Stu",
            "real_name": "Stu",
            "display_name": "stu",
            "team": "T3NRU3N8L",
            "name": "stu",
            "is_restricted": false,
            "is_ultra_restricted": false
        },
        "blocks": [
            {
                "type": "rich_text",
                "block_id": "2cqN",
                "elements": [
                    {
                        "type": "rich_text_section",
                        "elements": [
                            {
                                "type": "text",
                                "text": "i'm going to guess and say randy"
                            }
                        ]
                    }
                ]
            }
        ]
    },
    {
        "user": "U3NS4Q413",
        "type": "message",
        "ts": "1499379751.665506",
        "text": ".yup\n",
        "team": "T3NRU3N8L",
        "user_team": "T3NRU3N8L",
        "source_team": "T3NRU3N8L",
        "user_profile": {
            "avatar_hash": "9a824257f5f9",
            "image_72": "https:\/\/avatars.slack-edge.com\/2017-06-19\/200099674645_9a824257f5f9fea53c25_72.png",
            "first_name": "Randy",
            "real_name": "Randy Farmer",
            "display_name": "randy",
            "team": "T3NRU3N8L",
            "name": "randy",
            "is_restricted": false,
            "is_ultra_restricted": false
        },
        "thread_ts": "1499379751.665506",
        "reply_count": 3,
        "reply_users_count": 2,
        "latest_reply": "1499384346.870072",
        "reply_users": [
            "U5PR5RZPF",
            "U3NS4Q413"
        ],
        "replies": [
            {
                "user": "U5PR5RZPF",
                "ts": "1499381270.103039"
            },
            {
                "user": "U3NS4Q413",
                "ts": "1499382120.337489"
            },
            {
                "user": "U5PR5RZPF",
                "ts": "1499384346.870072"
            }
        ],
        "is_locked": false,
        "subscribed": true,
        "last_read": "1499401859.000956",
        "blocks": [
            {
                "type": "rich_text",
                "block_id": "Q2Sr",
                "elements": [
                    {
                        "type": "rich_text_section",
                        "elements": [
                            {
                                "type": "text",
                                "text": ".yup"
                            }
                        ]
                    }
                ]
            }
        ]
    },
    {
        "user": "U3NS4Q413",
        "type": "message",
        "ts": "1499379772.671441",
        "text": "My granddaughters apt.",
        "team": "T3NRU3N8L",
        "user_team": "T3NRU3N8L",
        "source_team": "T3NRU3N8L",
        "user_profile": {
            "avatar_hash": "9a824257f5f9",
            "image_72": "https:\/\/avatars.slack-edge.com\/2017-06-19\/200099674645_9a824257f5f9fea53c25_72.png",
            "first_name": "Randy",
            "real_name": "Randy Farmer",
            "display_name": "randy",
            "team": "T3NRU3N8L",
            "name": "randy",
            "is_restricted": false,
            "is_ultra_restricted": false
        },
        "blocks": [
            {
                "type": "rich_text",
                "block_id": "nHx",
                "elements": [
                    {
                        "type": "rich_text_section",
                        "elements": [
                            {
                                "type": "text",
                                "text": "My granddaughters apt."
                            }
                        ]
                    }
                ]
            }
        ]
    },
    {
        "user": "U5PR5RZPF",
        "type": "message",
        "ts": "1499381270.103039",
        "text": "randy: ah great. i wrote an article for an Austrian online C64\/Retro magazine and would like to ask you if I am allowed to use this picture there. And if yes, how i should credit it.",
        "team": "T3NRU3N8L",
        "user_team": "T3NRU3N8L",
        "source_team": "T3NRU3N8L",
        "user_profile": {
            "avatar_hash": "27b63c4e9a61",
            "image_72": "https:\/\/avatars.slack-edge.com\/2017-06-15\/198025981394_27b63c4e9a614ff8c0fc_72.gif",
            "first_name": "Martin",
            "real_name": "Martin B.",
            "display_name": "flexman",
            "team": "T3NRU3N8L",
            "name": "flexman",
            "is_restricted": false,
            "is_ultra_restricted": false
        },
        "thread_ts": "1499379751.665506",
        "parent_user_id": "U3NS4Q413",
        "blocks": [
            {
                "type": "rich_text",
                "block_id": "TDHT",
                "elements": [
                    {
                        "type": "rich_text_section",
                        "elements": [
                            {
                                "type": "text",
                                "text": "randy: ah great. i wrote an article for an Austrian online C64\/Retro magazine and would like to ask you if I am allowed to use this picture there. And if yes, how i should credit it."
                            }
                        ]
                    }
                ]
            }
        ]
    },
    {
        "user": "U3NS4Q413",
        "type": "message",
        "ts": "1499382120.337489",
        "text": "Yes. Randy Farmer, original Habitat contributor and lead of the NeoHabitat project.",
        "team": "T3NRU3N8L",
        "user_team": "T3NRU3N8L",
        "source_team": "T3NRU3N8L",
        "user_profile": {
            "avatar_hash": "9a824257f5f9",
            "image_72": "https:\/\/avatars.slack-edge.com\/2017-06-19\/200099674645_9a824257f5f9fea53c25_72.png",
            "first_name": "Randy",
            "real_name": "Randy Farmer",
            "display_name": "randy",
            "team": "T3NRU3N8L",
            "name": "randy",
            "is_restricted": false,
            "is_ultra_restricted": false
        },
        "thread_ts": "1499379751.665506",
        "parent_user_id": "U3NS4Q413",
        "blocks": [
            {
                "type": "rich_text",
                "block_id": "6t7e",
                "elements": [
                    {
                        "type": "rich_text_section",
                        "elements": [
                            {
                                "type": "text",
                                "text": "Yes. Randy Farmer, original Habitat contributor and lead of the NeoHabitat project."
                            }
                        ]
                    }
                ]
            }
        ]
    },
    {
        "user": "U5PR5RZPF",
        "type": "message",
        "ts": "1499384346.870072",
        "text": "thank you! (this is non-commercial of course)",
        "team": "T3NRU3N8L",
        "user_team": "T3NRU3N8L",
        "source_team": "T3NRU3N8L",
        "user_profile": {
            "avatar_hash": "27b63c4e9a61",
            "image_72": "https:\/\/avatars.slack-edge.com\/2017-06-15\/198025981394_27b63c4e9a614ff8c0fc_72.gif",
            "first_name": "Martin",
            "real_name": "Martin B.",
            "display_name": "flexman",
            "team": "T3NRU3N8L",
            "name": "flexman",
            "is_restricted": false,
            "is_ultra_restricted": false
        },
        "thread_ts": "1499379751.665506",
        "parent_user_id": "U3NS4Q413",
        "blocks": [
            {
                "type": "rich_text",
                "block_id": "jvutW",
                "elements": [
                    {
                        "type": "rich_text_section",
                        "elements": [
                            {
                                "type": "text",
                                "text": "thank you! (this is non-commercial of course)"
                            }
                        ]
                    }
                ]
            }
        ]
    }
]