[
    {
        "text": "<@U41BJADGU|ricky_derocher> uploaded a file: <https:\/\/neohabitat.slack.com\/files\/ricky_derocher\/F4AN5M1TP\/indy_last_crusade_credits.png|Indy Last Crusade Credits.png>",
        "files": [
            {
                "id": "F4AN5M1TP",
                "created": 1488146993,
                "timestamp": 1488146993,
                "name": "Indy Last Crusade Credits.png",
                "title": "Indy Last Crusade Credits.png",
                "mimetype": "image\/png",
                "filetype": "png",
                "pretty_type": "PNG",
                "user": "U41BJADGU",
                "user_team": "T3NRU3N8L",
                "editable": false,
                "size": 117060,
                "mode": "hosted",
                "is_external": false,
                "external_type": "",
                "is_public": true,
                "public_url_shared": false,
                "display_as_bot": false,
                "username": "",
                "url_private": "https:\/\/files.slack.com\/files-pri\/T3NRU3N8L-F4AN5M1TP\/indy_last_crusade_credits.png?t=xoxe-124878124292-7467719047090-7480385333457-4296bbd25a5710071a4df099b64b6f19",
                "url_private_download": "https:\/\/files.slack.com\/files-pri\/T3NRU3N8L-F4AN5M1TP\/download\/indy_last_crusade_credits.png?t=xoxe-124878124292-7467719047090-7480385333457-4296bbd25a5710071a4df099b64b6f19",
                "media_display_type": "unknown",
                "thumb_64": "https:\/\/files.slack.com\/files-tmb\/T3NRU3N8L-F4AN5M1TP-6f02fa94da\/indy_last_crusade_credits_64.png?t=xoxe-124878124292-7467719047090-7480385333457-4296bbd25a5710071a4df099b64b6f19",
                "thumb_80": "https:\/\/files.slack.com\/files-tmb\/T3NRU3N8L-F4AN5M1TP-6f02fa94da\/indy_last_crusade_credits_80.png?t=xoxe-124878124292-7467719047090-7480385333457-4296bbd25a5710071a4df099b64b6f19",
                "thumb_360": "https:\/\/files.slack.com\/files-tmb\/T3NRU3N8L-F4AN5M1TP-6f02fa94da\/indy_last_crusade_credits_360.png?t=xoxe-124878124292-7467719047090-7480385333457-4296bbd25a5710071a4df099b64b6f19",
                "thumb_360_w": 360,
                "thumb_360_h": 238,
                "thumb_480": "https:\/\/files.slack.com\/files-tmb\/T3NRU3N8L-F4AN5M1TP-6f02fa94da\/indy_last_crusade_credits_480.png?t=xoxe-124878124292-7467719047090-7480385333457-4296bbd25a5710071a4df099b64b6f19",
                "thumb_480_w": 480,
                "thumb_480_h": 317,
                "thumb_160": "https:\/\/files.slack.com\/files-tmb\/T3NRU3N8L-F4AN5M1TP-6f02fa94da\/indy_last_crusade_credits_160.png?t=xoxe-124878124292-7467719047090-7480385333457-4296bbd25a5710071a4df099b64b6f19",
                "image_exif_rotation": 1,
                "original_w": 658,
                "original_h": 435,
                "permalink": "https:\/\/neohabitat.slack.com\/files\/U41BJADGU\/F4AN5M1TP\/indy_last_crusade_credits.png",
                "permalink_public": "https:\/\/slack-files.com\/T3NRU3N8L-F4AN5M1TP-c28c23415f",
                "is_starred": false,
                "has_rich_preview": false,
                "file_access": "visible"
            }
        ],
        "upload": true,
        "user": "U41BJADGU",
        "display_as_bot": false,
        "blocks": [
            {
                "type": "rich_text",
                "block_id": "B04E",
                "elements": [
                    {
                        "type": "rich_text_section",
                        "elements": [
                            {
                                "type": "user",
                                "user_id": "U41BJADGU"
                            },
                            {
                                "type": "text",
                                "text": " uploaded a file: "
                            },
                            {
                                "type": "link",
                                "url": "https:\/\/neohabitat.slack.com\/files\/ricky_derocher\/F4AN5M1TP\/indy_last_crusade_credits.png",
                                "text": "Indy Last Crusade Credits.png",
                                "unsafe": true
                            }
                        ]
                    }
                ]
            }
        ],
        "type": "message",
        "ts": "1488146995.000536"
    },
    {
        "user": "U41BJADGU",
        "type": "message",
        "ts": "1488147037.000537",
        "text": "<@U3NS4Q413> What exactly does being a \"font wrangler\" entail? :slightly_smiling_face:",
        "team": "T3NRU3N8L",
        "user_team": "T3NRU3N8L",
        "source_team": "T3NRU3N8L",
        "user_profile": {
            "avatar_hash": "f3bfb536f4e1",
            "image_72": "https:\/\/avatars.slack-edge.com\/2017-03-06\/151260998854_f3bfb536f4e1f6383a63_48.png",
            "first_name": "Ricky",
            "real_name": "Ricky Derocher",
            "display_name": "ricky_derocher",
            "team": "T3NRU3N8L",
            "name": "ricky_derocher",
            "is_restricted": false,
            "is_ultra_restricted": false
        },
        "blocks": [
            {
                "type": "rich_text",
                "block_id": "pxg",
                "elements": [
                    {
                        "type": "rich_text_section",
                        "elements": [
                            {
                                "type": "user",
                                "user_id": "U3NS4Q413"
                            },
                            {
                                "type": "text",
                                "text": " What exactly does being a \"font wrangler\" entail? "
                            },
                            {
                                "type": "emoji",
                                "name": "slightly_smiling_face",
                                "unicode": "1f642"
                            }
                        ]
                    }
                ]
            }
        ]
    },
    {
        "user": "U4A79TU2G",
        "type": "message",
        "ts": "1488148196.000538",
        "text": "..that IS a good question!",
        "team": "T3NRU3N8L",
        "user_team": "T3NRU3N8L",
        "source_team": "T3NRU3N8L",
        "user_profile": {
            "avatar_hash": "1f9da7b17d63",
            "image_72": "https:\/\/avatars.slack-edge.com\/2017-02-25\/145667879841_1f9da7b17d63a5a17c36_72.png",
            "first_name": "Marcus",
            "real_name": "Marcus Seyer",
            "display_name": "the_dhel",
            "team": "T3NRU3N8L",
            "name": "the_dhel",
            "is_restricted": false,
            "is_ultra_restricted": false
        },
        "blocks": [
            {
                "type": "rich_text",
                "block_id": "MqH",
                "elements": [
                    {
                        "type": "rich_text_section",
                        "elements": [
                            {
                                "type": "text",
                                "text": "..that IS a good question!"
                            }
                        ]
                    }
                ]
            }
        ]
    },
    {
        "user": "U3NS4Q413",
        "type": "message",
        "ts": "1488148944.000539",
        "text": "Exactly what it says. :)",
        "team": "T3NRU3N8L",
        "user_team": "T3NRU3N8L",
        "source_team": "T3NRU3N8L",
        "user_profile": {
            "avatar_hash": "9a824257f5f9",
            "image_72": "https:\/\/avatars.slack-edge.com\/2017-06-19\/200099674645_9a824257f5f9fea53c25_72.png",
            "first_name": "Randy",
            "real_name": "Randy Farmer",
            "display_name": "randy",
            "team": "T3NRU3N8L",
            "name": "randy",
            "is_restricted": false,
            "is_ultra_restricted": false
        },
        "blocks": [
            {
                "type": "rich_text",
                "block_id": "HgSv",
                "elements": [
                    {
                        "type": "rich_text_section",
                        "elements": [
                            {
                                "type": "text",
                                "text": "Exactly what it says. :)"
                            }
                        ]
                    }
                ]
            }
        ]
    },
    {
        "user": "U3NSHCBNH",
        "type": "message",
        "ts": "1488153467.000540",
        "text": "Love the find Ricky!  Now you need to find the Maniac Mansion credits :slightly_smiling_face:",
        "team": "T3NRU3N8L",
        "user_team": "T3NRU3N8L",
        "source_team": "T3NRU3N8L",
        "user_profile": {
            "avatar_hash": "f99a50cbd973",
            "image_72": "https:\/\/avatars.slack-edge.com\/2017-02-02\/136493625749_f99a50cbd973bb658f83_72.jpg",
            "first_name": "Keith",
            "real_name": "Keith Elkin",
            "display_name": "kelkin",
            "team": "T3NRU3N8L",
            "name": "kelkin",
            "is_restricted": false,
            "is_ultra_restricted": false
        },
        "blocks": [
            {
                "type": "rich_text",
                "block_id": "qllW",
                "elements": [
                    {
                        "type": "rich_text_section",
                        "elements": [
                            {
                                "type": "text",
                                "text": "Love the find Ricky!  Now you need to find the Maniac Mansion credits "
                            },
                            {
                                "type": "emoji",
                                "name": "slightly_smiling_face",
                                "unicode": "1f642"
                            }
                        ]
                    }
                ]
            }
        ]
    }
]