[
    {
        "user": "U3U46C90X",
        "type": "message",
        "ts": "1514139051.000033",
        "text": "Just saw this: pretty cool to have something like this running on c64",
        "team": "T3NRU3N8L",
        "user_team": "T3NRU3N8L",
        "source_team": "T3NRU3N8L",
        "user_profile": {
            "avatar_hash": "g0aaf027158d",
            "image_72": "https:\/\/secure.gravatar.com\/avatar\/e0aaf027158d4139cd01983f497f3849.jpg?s=72&d=https%3A%2F%2Fa.slack-edge.com%2Fdf10d%2Fimg%2Favatars%2Fava_0016-72.png",
            "first_name": "Matt",
            "real_name": "Matt Post",
            "display_name": "neoedo1819",
            "team": "T3NRU3N8L",
            "name": "neoedo1819",
            "is_restricted": false,
            "is_ultra_restricted": false
        },
        "blocks": [
            {
                "type": "rich_text",
                "block_id": "7dq=",
                "elements": [
                    {
                        "type": "rich_text_section",
                        "elements": [
                            {
                                "type": "text",
                                "text": "Just saw this: pretty cool to have something like this running on c64"
                            }
                        ]
                    }
                ]
            }
        ]
    },
    {
        "user": "U3U46C90X",
        "type": "message",
        "ts": "1514139054.000040",
        "text": "<http:\/\/www.kotaku.co.uk\/2017\/12\/24\/limbo-could-become-the-commodore-64s-best-game>",
        "team": "T3NRU3N8L",
        "user_team": "T3NRU3N8L",
        "source_team": "T3NRU3N8L",
        "user_profile": {
            "avatar_hash": "g0aaf027158d",
            "image_72": "https:\/\/secure.gravatar.com\/avatar\/e0aaf027158d4139cd01983f497f3849.jpg?s=72&d=https%3A%2F%2Fa.slack-edge.com%2Fdf10d%2Fimg%2Favatars%2Fava_0016-72.png",
            "first_name": "Matt",
            "real_name": "Matt Post",
            "display_name": "neoedo1819",
            "team": "T3NRU3N8L",
            "name": "neoedo1819",
            "is_restricted": false,
            "is_ultra_restricted": false
        },
        "attachments": [
            {
                "service_name": "Kotaku UK",
                "title": "Limbo Could Become The Commodore 64's Best Game ",
                "title_link": "http:\/\/www.kotaku.co.uk\/2017\/12\/24\/limbo-could-become-the-commodore-64s-best-game",
                "text": "This is one friggin' cool demake.",
                "fallback": "Kotaku UK: Limbo Could Become The Commodore 64's Best Game ",
                "image_url": "http:\/\/cms.kotaku.co.uk\/wp-content\/uploads\/2017\/12\/f7fg3fl38tu3oaqmz2lc.png",
                "from_url": "http:\/\/www.kotaku.co.uk\/2017\/12\/24\/limbo-could-become-the-commodore-64s-best-game",
                "image_width": 448,
                "image_height": 250,
                "image_bytes": 112033,
                "service_icon": "http:\/\/static.kotaku.futurecdn.net\/media\/images\/device-icons\/m\/apple-touch-icon.png",
                "id": 1
            }
        ],
        "blocks": [
            {
                "type": "rich_text",
                "block_id": "lZT",
                "elements": [
                    {
                        "type": "rich_text_section",
                        "elements": [
                            {
                                "type": "link",
                                "url": "http:\/\/www.kotaku.co.uk\/2017\/12\/24\/limbo-could-become-the-commodore-64s-best-game"
                            }
                        ]
                    }
                ]
            }
        ]
    },
    {
        "user": "U3NS476S0",
        "type": "message",
        "ts": "1514186791.000105",
        "text": "Wow! ",
        "team": "T3NRU3N8L",
        "user_team": "T3NRU3N8L",
        "source_team": "T3NRU3N8L",
        "user_profile": {
            "avatar_hash": "7d8938fafcab",
            "image_72": "https:\/\/avatars.slack-edge.com\/2018-02-10\/313231218068_7d8938fafcabedc7aa5e_72.png",
            "first_name": "Kate",
            "real_name": "Kate Lawson",
            "display_name": "k8z",
            "team": "T3NRU3N8L",
            "name": "n8",
            "is_restricted": false,
            "is_ultra_restricted": false
        },
        "blocks": [
            {
                "type": "rich_text",
                "block_id": "79zC",
                "elements": [
                    {
                        "type": "rich_text_section",
                        "elements": [
                            {
                                "type": "text",
                                "text": "Wow!"
                            }
                        ]
                    }
                ]
            }
        ]
    }
]