[
    {
        "subtype": "channel_join",
        "user": "U5WEJGVBJ",
        "text": "<@U5WEJGVBJ> has joined the channel",
        "type": "message",
        "ts": "1498043613.037132"
    },
    {
        "user": "U5VKKBA06",
        "type": "message",
        "ts": "1498060014.459060",
        "text": "i know this is not related to habitat but is there anyway to acess Q-link",
        "team": "T3NRU3N8L",
        "user_team": "T3NRU3N8L",
        "source_team": "T3NRU3N8L",
        "user_profile": {
            "avatar_hash": "ge4205313c9b",
            "image_72": "https:\/\/secure.gravatar.com\/avatar\/be4205313c9bcedd5a08e38da7fd1697.jpg?s=72&d=https%3A%2F%2Fa.slack-edge.com%2Fdf10d%2Fimg%2Favatars%2Fava_0012-72.png",
            "first_name": "dylan",
            "real_name": "dylan kavanagh",
            "display_name": "cool56571",
            "team": "T3NRU3N8L",
            "name": "cool56571",
            "is_restricted": false,
            "is_ultra_restricted": false
        },
        "blocks": [
            {
                "type": "rich_text",
                "block_id": "sNZ15",
                "elements": [
                    {
                        "type": "rich_text_section",
                        "elements": [
                            {
                                "type": "text",
                                "text": "i know this is not related to habitat but is there anyway to acess Q-link"
                            }
                        ]
                    }
                ]
            }
        ]
    },
    {
        "user": "U3NS4Q413",
        "type": "message",
        "ts": "1498060916.835075",
        "text": "There is no Q-Link anymore - there *is* and open source project called QLink Reloaded - if you search for that you may be able to find someone running a retro server.",
        "team": "T3NRU3N8L",
        "user_team": "T3NRU3N8L",
        "source_team": "T3NRU3N8L",
        "user_profile": {
            "avatar_hash": "9a824257f5f9",
            "image_72": "https:\/\/avatars.slack-edge.com\/2017-06-19\/200099674645_9a824257f5f9fea53c25_72.png",
            "first_name": "Randy",
            "real_name": "Randy Farmer",
            "display_name": "randy",
            "team": "T3NRU3N8L",
            "name": "randy",
            "is_restricted": false,
            "is_ultra_restricted": false
        },
        "blocks": [
            {
                "type": "rich_text",
                "block_id": "5Gc",
                "elements": [
                    {
                        "type": "rich_text_section",
                        "elements": [
                            {
                                "type": "text",
                                "text": "There is no Q-Link anymore - there "
                            },
                            {
                                "type": "text",
                                "text": "is",
                                "style": {
                                    "bold": true
                                }
                            },
                            {
                                "type": "text",
                                "text": " and open source project called QLink Reloaded - if you search for that you may be able to find someone running a retro server."
                            }
                        ]
                    }
                ]
            }
        ]
    },
    {
        "user": "U3NS4Q413",
        "type": "message",
        "ts": "1498060957.851861",
        "text": "We are using that software (in the background) to handle the QLink data protocol underlying Habitat.",
        "team": "T3NRU3N8L",
        "user_team": "T3NRU3N8L",
        "source_team": "T3NRU3N8L",
        "user_profile": {
            "avatar_hash": "9a824257f5f9",
            "image_72": "https:\/\/avatars.slack-edge.com\/2017-06-19\/200099674645_9a824257f5f9fea53c25_72.png",
            "first_name": "Randy",
            "real_name": "Randy Farmer",
            "display_name": "randy",
            "team": "T3NRU3N8L",
            "name": "randy",
            "is_restricted": false,
            "is_ultra_restricted": false
        },
        "blocks": [
            {
                "type": "rich_text",
                "block_id": "kNVka",
                "elements": [
                    {
                        "type": "rich_text_section",
                        "elements": [
                            {
                                "type": "text",
                                "text": "We are using that software (in the background) to handle the QLink data protocol underlying Habitat."
                            }
                        ]
                    }
                ]
            }
        ]
    },
    {
        "user": "U5VKKBA06",
        "type": "message",
        "ts": "1498062008.256802",
        "text": "<http:\/\/www.lemon64.com\/forum\/viewtopic.php?t=24151&amp;start=0> I was able to find this dont know if its still active tho",
        "team": "T3NRU3N8L",
        "user_team": "T3NRU3N8L",
        "source_team": "T3NRU3N8L",
        "user_profile": {
            "avatar_hash": "ge4205313c9b",
            "image_72": "https:\/\/secure.gravatar.com\/avatar\/be4205313c9bcedd5a08e38da7fd1697.jpg?s=72&d=https%3A%2F%2Fa.slack-edge.com%2Fdf10d%2Fimg%2Favatars%2Fava_0012-72.png",
            "first_name": "dylan",
            "real_name": "dylan kavanagh",
            "display_name": "cool56571",
            "team": "T3NRU3N8L",
            "name": "cool56571",
            "is_restricted": false,
            "is_ultra_restricted": false
        },
        "blocks": [
            {
                "type": "rich_text",
                "block_id": "fySLe",
                "elements": [
                    {
                        "type": "rich_text_section",
                        "elements": [
                            {
                                "type": "link",
                                "url": "http:\/\/www.lemon64.com\/forum\/viewtopic.php?t=24151&amp;start=0",
                                "text": "http:\/\/www.lemon64.com\/forum\/viewtopic.php?t=24151&start=0"
                            },
                            {
                                "type": "text",
                                "text": " I was able to find this dont know if its still active tho"
                            }
                        ]
                    }
                ]
            }
        ]
    },
    {
        "user": "U5VKKBA06",
        "type": "message",
        "ts": "1498062382.396303",
        "text": "<https:\/\/1200baud.wordpress.com\/q-link-reloaded\/> this to",
        "team": "T3NRU3N8L",
        "user_team": "T3NRU3N8L",
        "source_team": "T3NRU3N8L",
        "user_profile": {
            "avatar_hash": "ge4205313c9b",
            "image_72": "https:\/\/secure.gravatar.com\/avatar\/be4205313c9bcedd5a08e38da7fd1697.jpg?s=72&d=https%3A%2F%2Fa.slack-edge.com%2Fdf10d%2Fimg%2Favatars%2Fava_0012-72.png",
            "first_name": "dylan",
            "real_name": "dylan kavanagh",
            "display_name": "cool56571",
            "team": "T3NRU3N8L",
            "name": "cool56571",
            "is_restricted": false,
            "is_ultra_restricted": false
        },
        "attachments": [
            {
                "service_name": "1200baud",
                "service_url": "http:\/\/1200baud.wordpress.com",
                "title": "Q-Link Reloaded",
                "title_link": "https:\/\/1200baud.wordpress.com\/q-link-reloaded\/",
                "author_name": "admin",
                "author_link": "https:\/\/1200baud.wordpress.com\/author\/alwyz\/",
                "thumb_url": "https:\/\/i2.wp.com\/1200baud.files.wordpress.com\/2012\/08\/reloaded.png?fit=200%2C150",
                "thumb_width": 199,
                "thumb_height": 130,
                "text": "Quantum Link (Q-Link for short) was an online service for Commodore 64 users that started in the mid-80s and ran until Hallowe&rsquo;en 1994. It later went on to become America Online (AOL). In 2005, the original server (which was accessed via modem over a phone line) was reverse-engineered in Java as a TCP\/IP service and released at the SWRAP 2005 expo, where it generated tremendous excitement. Q-Link is again alive and well.\nCurrently Jasmaz is running the only known Q-Link Reloaded server. Instructions on connecting to his server are listed below. His website is here which has more information on the project.\nConnecting is EASY. There are several methods. For those wanting to delve right in with an emulator, the easiest way to do this is to use the latest WinVICE. Download Winvice Here!\nPC SIDE SOFTWARE:\nSoftware required:WinVICE 2.2&nbsp; (or better) \n&nbsp;\nMake the following configuration entries: \nSettings &ndash;&gt; RS232 Settings&nbsp;&nbsp; Change RS232 Device 1 to:\n\n\nSettings &ndash;&gt; Cart I\/O Settings &ndash;&gt; RS232 Userport settings\nEnable RS232 Userport,&nbsp; Userport Device RS232 Device 1\nUserport baud rate 1200\n\n\n\n\nVICE SIDE SOFTWARE:\nSoftware required:Quantumlink.d64\nLoad this disk into VICE, and use the following settings:\nModem:Other command driven modems\nSpeed:1200 Baud\nDial: Automatic\nPhone: Tone\nNumber: +5551212&nbsp; Note: &ndash; &amp; + are switched in vice.\n&nbsp;\nHOW TO CONNECT:\nQlink software will display:\nType commands to modem, then\npress F1 when connection is made.\nPress F1 and enjoy!\n\n\nIRC ON Q-LINK Reloaded:\nQuantum Link reloaded has integration with , which means you can chat with the #c64friends group through the people connection on Q-Link. When in people connection, hit F7 for the menu. Scroll down to Change room, then F1 to select. Go to public room, then F1 to select. Type in the room name:\nirc c64friends\nAnd you will be connected with the C=64 community on irc!\n\nConnecting with Q-Link using a REAL C64\/128 is also very possible.:\n is the official site for the Q-Link Reloaded project (note the server address here no longer works)\nThe official forum is here which has discussions on these various methods\n\nConnecting with Q-Link using a REAL C64\/128 with the Comet:\nThe easiest way to run qlink from the comet is to use the Wizconfig tool. Make sure the comet is set at 1200 baud. Uncheck &ldquo;use DNS&rdquo;, make sure mixed mode is selected, and fill in the IP and port with:\n\n&nbsp;\n\nLoad qlink as normal on your C64. When you get to the screen where you need to hit F1 to log in, you should see the red light on the comet light up when you press F1, and it should log you in shortly thereafter.\n\nKnown Bugs:\nAs this is reverse engineered code, there are several bugs. They are highlighted on ShadownM&rsquo;s site here",
                "fallback": "1200baud Link: Q-Link Reloaded",
                "from_url": "https:\/\/1200baud.wordpress.com\/q-link-reloaded\/",
                "service_icon": "https:\/\/s0.wp.com\/i\/webclip.png",
                "id": 1
            }
        ],
        "blocks": [
            {
                "type": "rich_text",
                "block_id": "xtHV",
                "elements": [
                    {
                        "type": "rich_text_section",
                        "elements": [
                            {
                                "type": "link",
                                "url": "https:\/\/1200baud.wordpress.com\/q-link-reloaded\/"
                            },
                            {
                                "type": "text",
                                "text": " this to"
                            }
                        ]
                    }
                ]
            }
        ]
    },
    {
        "user": "U5VKKBA06",
        "type": "message",
        "ts": "1498062488.435295",
        "text": "i dont know how to get winvice the link directs me to a lawer site#",
        "team": "T3NRU3N8L",
        "user_team": "T3NRU3N8L",
        "source_team": "T3NRU3N8L",
        "user_profile": {
            "avatar_hash": "ge4205313c9b",
            "image_72": "https:\/\/secure.gravatar.com\/avatar\/be4205313c9bcedd5a08e38da7fd1697.jpg?s=72&d=https%3A%2F%2Fa.slack-edge.com%2Fdf10d%2Fimg%2Favatars%2Fava_0012-72.png",
            "first_name": "dylan",
            "real_name": "dylan kavanagh",
            "display_name": "cool56571",
            "team": "T3NRU3N8L",
            "name": "cool56571",
            "is_restricted": false,
            "is_ultra_restricted": false
        },
        "blocks": [
            {
                "type": "rich_text",
                "block_id": "Aeah",
                "elements": [
                    {
                        "type": "rich_text_section",
                        "elements": [
                            {
                                "type": "text",
                                "text": "i dont know how to get winvice the link directs me to a lawer site#"
                            }
                        ]
                    }
                ]
            }
        ]
    },
    {
        "user": "U5VKKBA06",
        "type": "message",
        "ts": "1498062528.450049",
        "text": "<http:\/\/vice-emu.sourceforge.net\/> nevermind",
        "team": "T3NRU3N8L",
        "user_team": "T3NRU3N8L",
        "source_team": "T3NRU3N8L",
        "user_profile": {
            "avatar_hash": "ge4205313c9b",
            "image_72": "https:\/\/secure.gravatar.com\/avatar\/be4205313c9bcedd5a08e38da7fd1697.jpg?s=72&d=https%3A%2F%2Fa.slack-edge.com%2Fdf10d%2Fimg%2Favatars%2Fava_0012-72.png",
            "first_name": "dylan",
            "real_name": "dylan kavanagh",
            "display_name": "cool56571",
            "team": "T3NRU3N8L",
            "name": "cool56571",
            "is_restricted": false,
            "is_ultra_restricted": false
        },
        "attachments": [
            {
                "title": "VICE - the Versatile Commodore Emulator",
                "title_link": "http:\/\/vice-emu.sourceforge.net\/",
                "text": "Homepage of VICE - the Versatile Commodore Emulator",
                "fallback": "VICE - the Versatile Commodore Emulator",
                "from_url": "http:\/\/vice-emu.sourceforge.net\/",
                "service_icon": "http:\/\/vice-emu.sourceforge.net\/favicon.ico",
                "service_name": "vice-emu.sourceforge.net",
                "id": 1
            }
        ],
        "blocks": [
            {
                "type": "rich_text",
                "block_id": "\/TQ",
                "elements": [
                    {
                        "type": "rich_text_section",
                        "elements": [
                            {
                                "type": "link",
                                "url": "http:\/\/vice-emu.sourceforge.net\/"
                            },
                            {
                                "type": "text",
                                "text": " nevermind"
                            }
                        ]
                    }
                ]
            }
        ]
    },
    {
        "user": "U5VKKBA06",
        "type": "message",
        "ts": "1498062668.502409",
        "text": "im going to sww if this server is still active",
        "team": "T3NRU3N8L",
        "user_team": "T3NRU3N8L",
        "source_team": "T3NRU3N8L",
        "user_profile": {
            "avatar_hash": "ge4205313c9b",
            "image_72": "https:\/\/secure.gravatar.com\/avatar\/be4205313c9bcedd5a08e38da7fd1697.jpg?s=72&d=https%3A%2F%2Fa.slack-edge.com%2Fdf10d%2Fimg%2Favatars%2Fava_0012-72.png",
            "first_name": "dylan",
            "real_name": "dylan kavanagh",
            "display_name": "cool56571",
            "team": "T3NRU3N8L",
            "name": "cool56571",
            "is_restricted": false,
            "is_ultra_restricted": false
        },
        "blocks": [
            {
                "type": "rich_text",
                "block_id": "8Da",
                "elements": [
                    {
                        "type": "rich_text_section",
                        "elements": [
                            {
                                "type": "text",
                                "text": "im going to sww if this server is still active"
                            }
                        ]
                    }
                ]
            }
        ]
    },
    {
        "user": "U5VKKBA06",
        "type": "message",
        "ts": "1498062671.503406",
        "text": "see",
        "team": "T3NRU3N8L",
        "user_team": "T3NRU3N8L",
        "source_team": "T3NRU3N8L",
        "user_profile": {
            "avatar_hash": "ge4205313c9b",
            "image_72": "https:\/\/secure.gravatar.com\/avatar\/be4205313c9bcedd5a08e38da7fd1697.jpg?s=72&d=https%3A%2F%2Fa.slack-edge.com%2Fdf10d%2Fimg%2Favatars%2Fava_0012-72.png",
            "first_name": "dylan",
            "real_name": "dylan kavanagh",
            "display_name": "cool56571",
            "team": "T3NRU3N8L",
            "name": "cool56571",
            "is_restricted": false,
            "is_ultra_restricted": false
        },
        "blocks": [
            {
                "type": "rich_text",
                "block_id": "ah9q",
                "elements": [
                    {
                        "type": "rich_text_section",
                        "elements": [
                            {
                                "type": "text",
                                "text": "see"
                            }
                        ]
                    }
                ]
            }
        ]
    },
    {
        "user": "U5VKKBA06",
        "type": "message",
        "ts": "1498062918.593345",
        "text": "if anyone with more knowlege on how to use this softwere can try this it would be gratly apprchated",
        "team": "T3NRU3N8L",
        "user_team": "T3NRU3N8L",
        "source_team": "T3NRU3N8L",
        "user_profile": {
            "avatar_hash": "ge4205313c9b",
            "image_72": "https:\/\/secure.gravatar.com\/avatar\/be4205313c9bcedd5a08e38da7fd1697.jpg?s=72&d=https%3A%2F%2Fa.slack-edge.com%2Fdf10d%2Fimg%2Favatars%2Fava_0012-72.png",
            "first_name": "dylan",
            "real_name": "dylan kavanagh",
            "display_name": "cool56571",
            "team": "T3NRU3N8L",
            "name": "cool56571",
            "is_restricted": false,
            "is_ultra_restricted": false
        },
        "blocks": [
            {
                "type": "rich_text",
                "block_id": "epMOt",
                "elements": [
                    {
                        "type": "rich_text_section",
                        "elements": [
                            {
                                "type": "text",
                                "text": "if anyone with more knowlege on how to use this softwere can try this it would be gratly apprchated"
                            }
                        ]
                    }
                ]
            }
        ]
    },
    {
        "text": "here it is",
        "files": [
            {
                "id": "F5WQ31BFT",
                "created": 1498063029,
                "timestamp": 1498063029,
                "name": "dsdsdsdswd.vsf",
                "title": "dsdsdsdswd.vsf",
                "mimetype": "application\/octet-stream",
                "filetype": "binary",
                "pretty_type": "Binary",
                "user": "U5VKKBA06",
                "user_team": "T3NRU3N8L",
                "editable": false,
                "size": 70195,
                "mode": "hosted",
                "is_external": false,
                "external_type": "",
                "is_public": true,
                "public_url_shared": false,
                "display_as_bot": false,
                "username": "",
                "url_private": "https:\/\/files.slack.com\/files-pri\/T3NRU3N8L-F5WQ31BFT\/dsdsdsdswd.vsf?t=xoxe-124878124292-7467719047090-7480385333457-4296bbd25a5710071a4df099b64b6f19",
                "url_private_download": "https:\/\/files.slack.com\/files-pri\/T3NRU3N8L-F5WQ31BFT\/download\/dsdsdsdswd.vsf?t=xoxe-124878124292-7467719047090-7480385333457-4296bbd25a5710071a4df099b64b6f19",
                "media_display_type": "unknown",
                "permalink": "https:\/\/neohabitat.slack.com\/files\/U5VKKBA06\/F5WQ31BFT\/dsdsdsdswd.vsf",
                "permalink_public": "https:\/\/slack-files.com\/T3NRU3N8L-F5WQ31BFT-6ea0a4778a",
                "is_starred": false,
                "has_rich_preview": false,
                "file_access": "visible"
            }
        ],
        "upload": true,
        "user": "U5VKKBA06",
        "display_as_bot": false,
        "blocks": [
            {
                "type": "rich_text",
                "block_id": "Cb0=D",
                "elements": [
                    {
                        "type": "rich_text_section",
                        "elements": [
                            {
                                "type": "user",
                                "user_id": "U5VKKBA06"
                            },
                            {
                                "type": "text",
                                "text": " uploaded a file: "
                            },
                            {
                                "type": "link",
                                "url": "https:\/\/neohabitat.slack.com\/files\/cool56571\/F5WQ31BFT\/dsdsdsdswd.vsf",
                                "text": "dsdsdsdswd.vsf",
                                "unsafe": true
                            },
                            {
                                "type": "text",
                                "text": " and commented: here it is"
                            }
                        ]
                    }
                ]
            }
        ],
        "type": "message",
        "ts": "1498063030.633579"
    },
    {
        "user": "U5VKKBA06",
        "type": "message",
        "ts": "1498063213.698748",
        "text": "windows photo viwver wont load it",
        "team": "T3NRU3N8L",
        "user_team": "T3NRU3N8L",
        "source_team": "T3NRU3N8L",
        "user_profile": {
            "avatar_hash": "ge4205313c9b",
            "image_72": "https:\/\/secure.gravatar.com\/avatar\/be4205313c9bcedd5a08e38da7fd1697.jpg?s=72&d=https%3A%2F%2Fa.slack-edge.com%2Fdf10d%2Fimg%2Favatars%2Fava_0012-72.png",
            "first_name": "dylan",
            "real_name": "dylan kavanagh",
            "display_name": "cool56571",
            "team": "T3NRU3N8L",
            "name": "cool56571",
            "is_restricted": false,
            "is_ultra_restricted": false
        },
        "blocks": [
            {
                "type": "rich_text",
                "block_id": "iPn",
                "elements": [
                    {
                        "type": "rich_text_section",
                        "elements": [
                            {
                                "type": "text",
                                "text": "windows photo viwver wont load it"
                            }
                        ]
                    }
                ]
            }
        ]
    },
    {
        "user": "U3NS4Q413",
        "type": "message",
        "ts": "1498063607.839263",
        "text": "That file is a Vice Snapshot File Not sure what you want to do with that.",
        "team": "T3NRU3N8L",
        "user_team": "T3NRU3N8L",
        "source_team": "T3NRU3N8L",
        "user_profile": {
            "avatar_hash": "9a824257f5f9",
            "image_72": "https:\/\/avatars.slack-edge.com\/2017-06-19\/200099674645_9a824257f5f9fea53c25_72.png",
            "first_name": "Randy",
            "real_name": "Randy Farmer",
            "display_name": "randy",
            "team": "T3NRU3N8L",
            "name": "randy",
            "is_restricted": false,
            "is_ultra_restricted": false
        },
        "blocks": [
            {
                "type": "rich_text",
                "block_id": "JHiaJ",
                "elements": [
                    {
                        "type": "rich_text_section",
                        "elements": [
                            {
                                "type": "text",
                                "text": "That file is a Vice Snapshot File Not sure what you want to do with that."
                            }
                        ]
                    }
                ]
            }
        ]
    },
    {
        "user": "U5VKKBA06",
        "type": "message",
        "ts": "1498063627.845919",
        "text": "ah sorry im new to this type of thing",
        "team": "T3NRU3N8L",
        "user_team": "T3NRU3N8L",
        "source_team": "T3NRU3N8L",
        "user_profile": {
            "avatar_hash": "ge4205313c9b",
            "image_72": "https:\/\/secure.gravatar.com\/avatar\/be4205313c9bcedd5a08e38da7fd1697.jpg?s=72&d=https%3A%2F%2Fa.slack-edge.com%2Fdf10d%2Fimg%2Favatars%2Fava_0012-72.png",
            "first_name": "dylan",
            "real_name": "dylan kavanagh",
            "display_name": "cool56571",
            "team": "T3NRU3N8L",
            "name": "cool56571",
            "is_restricted": false,
            "is_ultra_restricted": false
        },
        "blocks": [
            {
                "type": "rich_text",
                "block_id": "Glz4p",
                "elements": [
                    {
                        "type": "rich_text_section",
                        "elements": [
                            {
                                "type": "text",
                                "text": "ah sorry im new to this type of thing"
                            }
                        ]
                    }
                ]
            }
        ]
    },
    {
        "user": "U3NS4Q413",
        "type": "message",
        "ts": "1498063639.850372",
        "text": "If you want to talk about QLink reloaded, you should find a forum that discusses it. This is not that forum.",
        "team": "T3NRU3N8L",
        "user_team": "T3NRU3N8L",
        "source_team": "T3NRU3N8L",
        "user_profile": {
            "avatar_hash": "9a824257f5f9",
            "image_72": "https:\/\/avatars.slack-edge.com\/2017-06-19\/200099674645_9a824257f5f9fea53c25_72.png",
            "first_name": "Randy",
            "real_name": "Randy Farmer",
            "display_name": "randy",
            "team": "T3NRU3N8L",
            "name": "randy",
            "is_restricted": false,
            "is_ultra_restricted": false
        },
        "blocks": [
            {
                "type": "rich_text",
                "block_id": "v8g",
                "elements": [
                    {
                        "type": "rich_text_section",
                        "elements": [
                            {
                                "type": "text",
                                "text": "If you want to talk about QLink reloaded, you should find a forum that discusses it. This is not that forum."
                            }
                        ]
                    }
                ]
            }
        ]
    },
    {
        "user": "U5VKKBA06",
        "type": "message",
        "ts": "1498063649.854046",
        "text": "im 12 so i dont use C64 emus i only use it for habitat",
        "team": "T3NRU3N8L",
        "user_team": "T3NRU3N8L",
        "source_team": "T3NRU3N8L",
        "user_profile": {
            "avatar_hash": "ge4205313c9b",
            "image_72": "https:\/\/secure.gravatar.com\/avatar\/be4205313c9bcedd5a08e38da7fd1697.jpg?s=72&d=https%3A%2F%2Fa.slack-edge.com%2Fdf10d%2Fimg%2Favatars%2Fava_0012-72.png",
            "first_name": "dylan",
            "real_name": "dylan kavanagh",
            "display_name": "cool56571",
            "team": "T3NRU3N8L",
            "name": "cool56571",
            "is_restricted": false,
            "is_ultra_restricted": false
        },
        "blocks": [
            {
                "type": "rich_text",
                "block_id": "MMriu",
                "elements": [
                    {
                        "type": "rich_text_section",
                        "elements": [
                            {
                                "type": "text",
                                "text": "im 12 so i dont use C64 emus i only use it for habitat"
                            }
                        ]
                    }
                ]
            }
        ]
    },
    {
        "user": "U3NS4Q413",
        "type": "message",
        "ts": "1498063661.858365",
        "text": "We aren't using any of the Qlink service functions of this software.",
        "team": "T3NRU3N8L",
        "user_team": "T3NRU3N8L",
        "source_team": "T3NRU3N8L",
        "user_profile": {
            "avatar_hash": "9a824257f5f9",
            "image_72": "https:\/\/avatars.slack-edge.com\/2017-06-19\/200099674645_9a824257f5f9fea53c25_72.png",
            "first_name": "Randy",
            "real_name": "Randy Farmer",
            "display_name": "randy",
            "team": "T3NRU3N8L",
            "name": "randy",
            "is_restricted": false,
            "is_ultra_restricted": false
        },
        "blocks": [
            {
                "type": "rich_text",
                "block_id": "GQA",
                "elements": [
                    {
                        "type": "rich_text_section",
                        "elements": [
                            {
                                "type": "text",
                                "text": "We aren't using any of the Qlink service functions of this software."
                            }
                        ]
                    }
                ]
            }
        ]
    },
    {
        "user": "U3NS4Q413",
        "type": "message",
        "ts": "1498063709.875665",
        "text": "It's OK - I'm trying to help - find a \"QLR Qlink Reloaded\" community - if there is one still active.",
        "team": "T3NRU3N8L",
        "user_team": "T3NRU3N8L",
        "source_team": "T3NRU3N8L",
        "user_profile": {
            "avatar_hash": "9a824257f5f9",
            "image_72": "https:\/\/avatars.slack-edge.com\/2017-06-19\/200099674645_9a824257f5f9fea53c25_72.png",
            "first_name": "Randy",
            "real_name": "Randy Farmer",
            "display_name": "randy",
            "team": "T3NRU3N8L",
            "name": "randy",
            "is_restricted": false,
            "is_ultra_restricted": false
        },
        "blocks": [
            {
                "type": "rich_text",
                "block_id": "xK1I",
                "elements": [
                    {
                        "type": "rich_text_section",
                        "elements": [
                            {
                                "type": "text",
                                "text": "It's OK - I'm trying to help - find a \"QLR Qlink Reloaded\" community - if there is one still active."
                            }
                        ]
                    }
                ]
            }
        ]
    },
    {
        "user": "U3NS4Q413",
        "type": "message",
        "ts": "1498063719.879214",
        "text": "O",
        "team": "T3NRU3N8L",
        "user_team": "T3NRU3N8L",
        "source_team": "T3NRU3N8L",
        "user_profile": {
            "avatar_hash": "9a824257f5f9",
            "image_72": "https:\/\/avatars.slack-edge.com\/2017-06-19\/200099674645_9a824257f5f9fea53c25_72.png",
            "first_name": "Randy",
            "real_name": "Randy Farmer",
            "display_name": "randy",
            "team": "T3NRU3N8L",
            "name": "randy",
            "is_restricted": false,
            "is_ultra_restricted": false
        },
        "blocks": [
            {
                "type": "rich_text",
                "block_id": "4NN3G",
                "elements": [
                    {
                        "type": "rich_text_section",
                        "elements": [
                            {
                                "type": "text",
                                "text": "O"
                            }
                        ]
                    }
                ]
            }
        ]
    },
    {
        "user": "U5VKKBA06",
        "type": "message",
        "ts": "1498063760.893621",
        "text": "ill try but im a bit doubtful tho if a game from 1986 can have a strong one im sure the service it was hosted on might",
        "team": "T3NRU3N8L",
        "user_team": "T3NRU3N8L",
        "source_team": "T3NRU3N8L",
        "user_profile": {
            "avatar_hash": "ge4205313c9b",
            "image_72": "https:\/\/secure.gravatar.com\/avatar\/be4205313c9bcedd5a08e38da7fd1697.jpg?s=72&d=https%3A%2F%2Fa.slack-edge.com%2Fdf10d%2Fimg%2Favatars%2Fava_0012-72.png",
            "first_name": "dylan",
            "real_name": "dylan kavanagh",
            "display_name": "cool56571",
            "team": "T3NRU3N8L",
            "name": "cool56571",
            "is_restricted": false,
            "is_ultra_restricted": false
        },
        "blocks": [
            {
                "type": "rich_text",
                "block_id": "fp8",
                "elements": [
                    {
                        "type": "rich_text_section",
                        "elements": [
                            {
                                "type": "text",
                                "text": "ill try but im a bit doubtful tho if a game from 1986 can have a strong one im sure the service it was hosted on might"
                            }
                        ]
                    }
                ]
            }
        ]
    },
    {
        "user": "U3NS4Q413",
        "type": "message",
        "ts": "1498063765.895785",
        "text": "That software (QLR) has a spotty past (the original creator abandoned it). I don't know any more.",
        "team": "T3NRU3N8L",
        "user_team": "T3NRU3N8L",
        "source_team": "T3NRU3N8L",
        "user_profile": {
            "avatar_hash": "9a824257f5f9",
            "image_72": "https:\/\/avatars.slack-edge.com\/2017-06-19\/200099674645_9a824257f5f9fea53c25_72.png",
            "first_name": "Randy",
            "real_name": "Randy Farmer",
            "display_name": "randy",
            "team": "T3NRU3N8L",
            "name": "randy",
            "is_restricted": false,
            "is_ultra_restricted": false
        },
        "blocks": [
            {
                "type": "rich_text",
                "block_id": "JK=eX",
                "elements": [
                    {
                        "type": "rich_text_section",
                        "elements": [
                            {
                                "type": "text",
                                "text": "That software (QLR) has a spotty past (the original creator abandoned it). I don't know any more."
                            }
                        ]
                    }
                ]
            }
        ]
    },
    {
        "user": "U3NS4Q413",
        "type": "message",
        "ts": "1498063797.906910",
        "text": "Hmm... I'll ignore that \"doubtful\" comment.",
        "team": "T3NRU3N8L",
        "user_team": "T3NRU3N8L",
        "source_team": "T3NRU3N8L",
        "user_profile": {
            "avatar_hash": "9a824257f5f9",
            "image_72": "https:\/\/avatars.slack-edge.com\/2017-06-19\/200099674645_9a824257f5f9fea53c25_72.png",
            "first_name": "Randy",
            "real_name": "Randy Farmer",
            "display_name": "randy",
            "team": "T3NRU3N8L",
            "name": "randy",
            "is_restricted": false,
            "is_ultra_restricted": false
        },
        "blocks": [
            {
                "type": "rich_text",
                "block_id": "GB=",
                "elements": [
                    {
                        "type": "rich_text_section",
                        "elements": [
                            {
                                "type": "text",
                                "text": "Hmm... I'll ignore that \"doubtful\" comment."
                            }
                        ]
                    }
                ]
            }
        ]
    },
    {
        "user": "U3NS4Q413",
        "type": "message",
        "ts": "1498063821.915776",
        "text": "Please do the research before drawing conclusions.",
        "team": "T3NRU3N8L",
        "user_team": "T3NRU3N8L",
        "source_team": "T3NRU3N8L",
        "user_profile": {
            "avatar_hash": "9a824257f5f9",
            "image_72": "https:\/\/avatars.slack-edge.com\/2017-06-19\/200099674645_9a824257f5f9fea53c25_72.png",
            "first_name": "Randy",
            "real_name": "Randy Farmer",
            "display_name": "randy",
            "team": "T3NRU3N8L",
            "name": "randy",
            "is_restricted": false,
            "is_ultra_restricted": false
        },
        "blocks": [
            {
                "type": "rich_text",
                "block_id": "XtKj",
                "elements": [
                    {
                        "type": "rich_text_section",
                        "elements": [
                            {
                                "type": "text",
                                "text": "Please do the research before drawing conclusions."
                            }
                        ]
                    }
                ]
            }
        ]
    },
    {
        "user": "U5VKKBA06",
        "type": "message",
        "ts": "1498063829.918739",
        "text": "oh sorry",
        "team": "T3NRU3N8L",
        "user_team": "T3NRU3N8L",
        "source_team": "T3NRU3N8L",
        "user_profile": {
            "avatar_hash": "ge4205313c9b",
            "image_72": "https:\/\/secure.gravatar.com\/avatar\/be4205313c9bcedd5a08e38da7fd1697.jpg?s=72&d=https%3A%2F%2Fa.slack-edge.com%2Fdf10d%2Fimg%2Favatars%2Fava_0012-72.png",
            "first_name": "dylan",
            "real_name": "dylan kavanagh",
            "display_name": "cool56571",
            "team": "T3NRU3N8L",
            "name": "cool56571",
            "is_restricted": false,
            "is_ultra_restricted": false
        },
        "blocks": [
            {
                "type": "rich_text",
                "block_id": "trVxf",
                "elements": [
                    {
                        "type": "rich_text_section",
                        "elements": [
                            {
                                "type": "text",
                                "text": "oh sorry"
                            }
                        ]
                    }
                ]
            }
        ]
    },
    {
        "user": "U5VKKBA06",
        "type": "message",
        "ts": "1498063875.934991",
        "text": "im not hating on habitat or Q-link",
        "team": "T3NRU3N8L",
        "user_team": "T3NRU3N8L",
        "source_team": "T3NRU3N8L",
        "user_profile": {
            "avatar_hash": "ge4205313c9b",
            "image_72": "https:\/\/secure.gravatar.com\/avatar\/be4205313c9bcedd5a08e38da7fd1697.jpg?s=72&d=https%3A%2F%2Fa.slack-edge.com%2Fdf10d%2Fimg%2Favatars%2Fava_0012-72.png",
            "first_name": "dylan",
            "real_name": "dylan kavanagh",
            "display_name": "cool56571",
            "team": "T3NRU3N8L",
            "name": "cool56571",
            "is_restricted": false,
            "is_ultra_restricted": false
        },
        "blocks": [
            {
                "type": "rich_text",
                "block_id": "l1Jx",
                "elements": [
                    {
                        "type": "rich_text_section",
                        "elements": [
                            {
                                "type": "text",
                                "text": "im not hating on habitat or Q-link"
                            }
                        ]
                    }
                ]
            }
        ]
    },
    {
        "user": "U3NS4Q413",
        "type": "message",
        "ts": "1498063928.954167",
        "text": "There are a LOT of games from 1986 that have a strong (global) following. Some of them are from the same company that made Habitat. :slightly_smiling_face:",
        "team": "T3NRU3N8L",
        "user_team": "T3NRU3N8L",
        "source_team": "T3NRU3N8L",
        "user_profile": {
            "avatar_hash": "9a824257f5f9",
            "image_72": "https:\/\/avatars.slack-edge.com\/2017-06-19\/200099674645_9a824257f5f9fea53c25_72.png",
            "first_name": "Randy",
            "real_name": "Randy Farmer",
            "display_name": "randy",
            "team": "T3NRU3N8L",
            "name": "randy",
            "is_restricted": false,
            "is_ultra_restricted": false
        },
        "blocks": [
            {
                "type": "rich_text",
                "block_id": "EkA1Z",
                "elements": [
                    {
                        "type": "rich_text_section",
                        "elements": [
                            {
                                "type": "text",
                                "text": "There are a LOT of games from 1986 that have a strong (global) following. Some of them are from the same company that made Habitat. "
                            },
                            {
                                "type": "emoji",
                                "name": "slightly_smiling_face",
                                "unicode": "1f642"
                            }
                        ]
                    }
                ]
            }
        ]
    },
    {
        "user": "U5VKKBA06",
        "type": "message",
        "ts": "1498063954.963885",
        "text": "yeah i heard that lucasflims made alot of games",
        "team": "T3NRU3N8L",
        "user_team": "T3NRU3N8L",
        "source_team": "T3NRU3N8L",
        "user_profile": {
            "avatar_hash": "ge4205313c9b",
            "image_72": "https:\/\/secure.gravatar.com\/avatar\/be4205313c9bcedd5a08e38da7fd1697.jpg?s=72&d=https%3A%2F%2Fa.slack-edge.com%2Fdf10d%2Fimg%2Favatars%2Fava_0012-72.png",
            "first_name": "dylan",
            "real_name": "dylan kavanagh",
            "display_name": "cool56571",
            "team": "T3NRU3N8L",
            "name": "cool56571",
            "is_restricted": false,
            "is_ultra_restricted": false
        },
        "blocks": [
            {
                "type": "rich_text",
                "block_id": "RuyR",
                "elements": [
                    {
                        "type": "rich_text_section",
                        "elements": [
                            {
                                "type": "text",
                                "text": "yeah i heard that lucasflims made alot of games"
                            }
                        ]
                    }
                ]
            }
        ]
    },
    {
        "user": "U3NS4Q413",
        "type": "message",
        "ts": "1498063958.965134",
        "text": "Ever hear of Maniac Mansion? If not, you are in for a treat.",
        "team": "T3NRU3N8L",
        "user_team": "T3NRU3N8L",
        "source_team": "T3NRU3N8L",
        "user_profile": {
            "avatar_hash": "9a824257f5f9",
            "image_72": "https:\/\/avatars.slack-edge.com\/2017-06-19\/200099674645_9a824257f5f9fea53c25_72.png",
            "first_name": "Randy",
            "real_name": "Randy Farmer",
            "display_name": "randy",
            "team": "T3NRU3N8L",
            "name": "randy",
            "is_restricted": false,
            "is_ultra_restricted": false
        },
        "blocks": [
            {
                "type": "rich_text",
                "block_id": "yLuA8",
                "elements": [
                    {
                        "type": "rich_text_section",
                        "elements": [
                            {
                                "type": "text",
                                "text": "Ever hear of Maniac Mansion? If not, you are in for a treat."
                            }
                        ]
                    }
                ]
            }
        ]
    },
    {
        "user": "U5VKKBA06",
        "type": "message",
        "ts": "1498063964.967333",
        "text": "i heard of it",
        "team": "T3NRU3N8L",
        "user_team": "T3NRU3N8L",
        "source_team": "T3NRU3N8L",
        "user_profile": {
            "avatar_hash": "ge4205313c9b",
            "image_72": "https:\/\/secure.gravatar.com\/avatar\/be4205313c9bcedd5a08e38da7fd1697.jpg?s=72&d=https%3A%2F%2Fa.slack-edge.com%2Fdf10d%2Fimg%2Favatars%2Fava_0012-72.png",
            "first_name": "dylan",
            "real_name": "dylan kavanagh",
            "display_name": "cool56571",
            "team": "T3NRU3N8L",
            "name": "cool56571",
            "is_restricted": false,
            "is_ultra_restricted": false
        },
        "blocks": [
            {
                "type": "rich_text",
                "block_id": "4ruAq",
                "elements": [
                    {
                        "type": "rich_text_section",
                        "elements": [
                            {
                                "type": "text",
                                "text": "i heard of it"
                            }
                        ]
                    }
                ]
            }
        ]
    },
    {
        "user": "U3NS4Q413",
        "type": "message",
        "ts": "1498063966.967788",
        "text": "If so, I make my point.",
        "team": "T3NRU3N8L",
        "user_team": "T3NRU3N8L",
        "source_team": "T3NRU3N8L",
        "user_profile": {
            "avatar_hash": "9a824257f5f9",
            "image_72": "https:\/\/avatars.slack-edge.com\/2017-06-19\/200099674645_9a824257f5f9fea53c25_72.png",
            "first_name": "Randy",
            "real_name": "Randy Farmer",
            "display_name": "randy",
            "team": "T3NRU3N8L",
            "name": "randy",
            "is_restricted": false,
            "is_ultra_restricted": false
        },
        "blocks": [
            {
                "type": "rich_text",
                "block_id": "4Up",
                "elements": [
                    {
                        "type": "rich_text_section",
                        "elements": [
                            {
                                "type": "text",
                                "text": "If so, I make my point."
                            }
                        ]
                    }
                ]
            }
        ]
    },
    {
        "user": "U5VKKBA06",
        "type": "message",
        "ts": "1498063994.977666",
        "text": "never played it also yeah your right sorry for jumping to conclusions",
        "team": "T3NRU3N8L",
        "user_team": "T3NRU3N8L",
        "source_team": "T3NRU3N8L",
        "user_profile": {
            "avatar_hash": "ge4205313c9b",
            "image_72": "https:\/\/secure.gravatar.com\/avatar\/be4205313c9bcedd5a08e38da7fd1697.jpg?s=72&d=https%3A%2F%2Fa.slack-edge.com%2Fdf10d%2Fimg%2Favatars%2Fava_0012-72.png",
            "first_name": "dylan",
            "real_name": "dylan kavanagh",
            "display_name": "cool56571",
            "team": "T3NRU3N8L",
            "name": "cool56571",
            "is_restricted": false,
            "is_ultra_restricted": false
        },
        "blocks": [
            {
                "type": "rich_text",
                "block_id": "Ywx",
                "elements": [
                    {
                        "type": "rich_text_section",
                        "elements": [
                            {
                                "type": "text",
                                "text": "never played it also yeah your right sorry for jumping to conclusions"
                            }
                        ]
                    }
                ]
            }
        ]
    },
    {
        "user": "U3NS4Q413",
        "type": "message",
        "ts": "1498064003.980211",
        "text": "NP",
        "team": "T3NRU3N8L",
        "user_team": "T3NRU3N8L",
        "source_team": "T3NRU3N8L",
        "user_profile": {
            "avatar_hash": "9a824257f5f9",
            "image_72": "https:\/\/avatars.slack-edge.com\/2017-06-19\/200099674645_9a824257f5f9fea53c25_72.png",
            "first_name": "Randy",
            "real_name": "Randy Farmer",
            "display_name": "randy",
            "team": "T3NRU3N8L",
            "name": "randy",
            "is_restricted": false,
            "is_ultra_restricted": false
        },
        "blocks": [
            {
                "type": "rich_text",
                "block_id": "dWa1",
                "elements": [
                    {
                        "type": "rich_text_section",
                        "elements": [
                            {
                                "type": "text",
                                "text": "NP"
                            }
                        ]
                    }
                ]
            }
        ]
    },
    {
        "user": "U5VKKBA06",
        "type": "message",
        "ts": "1498064044.995981",
        "text": "anyway do you know any where i can start looking",
        "team": "T3NRU3N8L",
        "user_team": "T3NRU3N8L",
        "source_team": "T3NRU3N8L",
        "user_profile": {
            "avatar_hash": "ge4205313c9b",
            "image_72": "https:\/\/secure.gravatar.com\/avatar\/be4205313c9bcedd5a08e38da7fd1697.jpg?s=72&d=https%3A%2F%2Fa.slack-edge.com%2Fdf10d%2Fimg%2Favatars%2Fava_0012-72.png",
            "first_name": "dylan",
            "real_name": "dylan kavanagh",
            "display_name": "cool56571",
            "team": "T3NRU3N8L",
            "name": "cool56571",
            "is_restricted": false,
            "is_ultra_restricted": false
        },
        "blocks": [
            {
                "type": "rich_text",
                "block_id": "MtB=8",
                "elements": [
                    {
                        "type": "rich_text_section",
                        "elements": [
                            {
                                "type": "text",
                                "text": "anyway do you know any where i can start looking"
                            }
                        ]
                    }
                ]
            }
        ]
    },
    {
        "user": "U5VKKBA06",
        "type": "message",
        "ts": "1498064304.090636",
        "text": "I cant find a forum dedicated to it tho I can find threads",
        "team": "T3NRU3N8L",
        "user_team": "T3NRU3N8L",
        "source_team": "T3NRU3N8L",
        "user_profile": {
            "avatar_hash": "ge4205313c9b",
            "image_72": "https:\/\/secure.gravatar.com\/avatar\/be4205313c9bcedd5a08e38da7fd1697.jpg?s=72&d=https%3A%2F%2Fa.slack-edge.com%2Fdf10d%2Fimg%2Favatars%2Fava_0012-72.png",
            "first_name": "dylan",
            "real_name": "dylan kavanagh",
            "display_name": "cool56571",
            "team": "T3NRU3N8L",
            "name": "cool56571",
            "is_restricted": false,
            "is_ultra_restricted": false
        },
        "blocks": [
            {
                "type": "rich_text",
                "block_id": "OUa7",
                "elements": [
                    {
                        "type": "rich_text_section",
                        "elements": [
                            {
                                "type": "text",
                                "text": "I cant find a forum dedicated to it tho I can find threads"
                            }
                        ]
                    }
                ]
            }
        ]
    }
]