[
    {
        "user": "U3NSHCBNH",
        "type": "message",
        "ts": "1490364960.286489",
        "text": "Nice!  While I was working on the previous regions, I was listening to Sierra Online soundtracks in MT32 and SC1 formats",
        "team": "T3NRU3N8L",
        "user_team": "T3NRU3N8L",
        "source_team": "T3NRU3N8L",
        "user_profile": {
            "avatar_hash": "f99a50cbd973",
            "image_72": "https:\/\/avatars.slack-edge.com\/2017-02-02\/136493625749_f99a50cbd973bb658f83_72.jpg",
            "first_name": "Keith",
            "real_name": "Keith Elkin",
            "display_name": "kelkin",
            "team": "T3NRU3N8L",
            "name": "kelkin",
            "is_restricted": false,
            "is_ultra_restricted": false
        },
        "blocks": [
            {
                "type": "rich_text",
                "block_id": "loMQ",
                "elements": [
                    {
                        "type": "rich_text_section",
                        "elements": [
                            {
                                "type": "text",
                                "text": "Nice!  While I was working on the previous regions, I was listening to Sierra Online soundtracks in MT32 and SC1 formats"
                            }
                        ]
                    }
                ]
            }
        ],
        "reactions": [
            {
                "name": "musical_note",
                "users": [
                    "U40A3G4QM"
                ],
                "count": 1
            }
        ]
    },
    {
        "subtype": "channel_join",
        "user": "U4Q8J6WLF",
        "text": "<@U4Q8J6WLF> has joined the channel",
        "type": "message",
        "ts": "1490396245.246648"
    },
    {
        "user": "U41BJADGU",
        "type": "message",
        "ts": "1490420984.790579",
        "text": "<https:\/\/www.youtube.com\/watch?v=pGwOzoRxxUc>",
        "team": "T3NRU3N8L",
        "user_team": "T3NRU3N8L",
        "source_team": "T3NRU3N8L",
        "user_profile": {
            "avatar_hash": "f3bfb536f4e1",
            "image_72": "https:\/\/avatars.slack-edge.com\/2017-03-06\/151260998854_f3bfb536f4e1f6383a63_48.png",
            "first_name": "Ricky",
            "real_name": "Ricky Derocher",
            "display_name": "ricky_derocher",
            "team": "T3NRU3N8L",
            "name": "ricky_derocher",
            "is_restricted": false,
            "is_ultra_restricted": false
        },
        "attachments": [
            {
                "service_name": "YouTube",
                "service_url": "https:\/\/www.youtube.com\/",
                "title": "Oldest MMOs in Gaming History",
                "title_link": "https:\/\/www.youtube.com\/watch?v=pGwOzoRxxUc",
                "author_name": "MMOs.com",
                "author_link": "https:\/\/www.youtube.com\/channel\/UCyo2qIKo9q0ukew4WHlw2mQ",
                "thumb_url": "https:\/\/i.ytimg.com\/vi\/pGwOzoRxxUc\/hqdefault.jpg",
                "thumb_width": 480,
                "thumb_height": 360,
                "fallback": "YouTube Video: Oldest MMOs in Gaming History",
                "video_html": "<iframe width=\"400\" height=\"225\" src=\"https:\/\/www.youtube.com\/embed\/pGwOzoRxxUc?feature=oembed&autoplay=1&iv_load_policy=3\" frameborder=\"0\" allowfullscreen><\/iframe>",
                "video_html_width": 400,
                "video_html_height": 225,
                "from_url": "https:\/\/www.youtube.com\/watch?v=pGwOzoRxxUc",
                "service_icon": "https:\/\/a.slack-edge.com\/2089\/img\/unfurl_icons\/youtube.png",
                "id": 1
            }
        ],
        "blocks": [
            {
                "type": "rich_text",
                "block_id": "qc\/2f",
                "elements": [
                    {
                        "type": "rich_text_section",
                        "elements": [
                            {
                                "type": "link",
                                "url": "https:\/\/www.youtube.com\/watch?v=pGwOzoRxxUc"
                            }
                        ]
                    }
                ]
            }
        ]
    }
]