[
    {
        "user": "U3U46C90X",
        "type": "message",
        "ts": "1510253244.000183",
        "edited": {
            "user": "U3U46C90X",
            "ts": "1510253252.000000"
        },
        "text": "sounds about right!",
        "team": "T3NRU3N8L",
        "user_team": "T3NRU3N8L",
        "source_team": "T3NRU3N8L",
        "user_profile": {
            "avatar_hash": "g0aaf027158d",
            "image_72": "https:\/\/secure.gravatar.com\/avatar\/e0aaf027158d4139cd01983f497f3849.jpg?s=72&d=https%3A%2F%2Fa.slack-edge.com%2Fdf10d%2Fimg%2Favatars%2Fava_0016-72.png",
            "first_name": "Matt",
            "real_name": "Matt Post",
            "display_name": "neoedo1819",
            "team": "T3NRU3N8L",
            "name": "neoedo1819",
            "is_restricted": false,
            "is_ultra_restricted": false
        },
        "blocks": [
            {
                "type": "rich_text",
                "block_id": "q7X9",
                "elements": [
                    {
                        "type": "rich_text_section",
                        "elements": [
                            {
                                "type": "text",
                                "text": "sounds about right!"
                            }
                        ]
                    }
                ]
            }
        ]
    },
    {
        "user": "U3U46C90X",
        "type": "message",
        "ts": "1510253314.000119",
        "text": "I need to go back and finish it myself....splatoon 2 came out and then mario odyssey...",
        "team": "T3NRU3N8L",
        "user_team": "T3NRU3N8L",
        "source_team": "T3NRU3N8L",
        "user_profile": {
            "avatar_hash": "g0aaf027158d",
            "image_72": "https:\/\/secure.gravatar.com\/avatar\/e0aaf027158d4139cd01983f497f3849.jpg?s=72&d=https%3A%2F%2Fa.slack-edge.com%2Fdf10d%2Fimg%2Favatars%2Fava_0016-72.png",
            "first_name": "Matt",
            "real_name": "Matt Post",
            "display_name": "neoedo1819",
            "team": "T3NRU3N8L",
            "name": "neoedo1819",
            "is_restricted": false,
            "is_ultra_restricted": false
        },
        "blocks": [
            {
                "type": "rich_text",
                "block_id": "hvk",
                "elements": [
                    {
                        "type": "rich_text_section",
                        "elements": [
                            {
                                "type": "text",
                                "text": "I need to go back and finish it myself....splatoon 2 came out and then mario odyssey..."
                            }
                        ]
                    }
                ]
            }
        ]
    },
    {
        "user": "U41BJADGU",
        "type": "message",
        "ts": "1510267014.000230",
        "text": "Habitat for Switch? :slightly_smiling_face:",
        "team": "T3NRU3N8L",
        "user_team": "T3NRU3N8L",
        "source_team": "T3NRU3N8L",
        "user_profile": {
            "avatar_hash": "f3bfb536f4e1",
            "image_72": "https:\/\/avatars.slack-edge.com\/2017-03-06\/151260998854_f3bfb536f4e1f6383a63_48.png",
            "first_name": "Ricky",
            "real_name": "Ricky Derocher",
            "display_name": "ricky_derocher",
            "team": "T3NRU3N8L",
            "name": "ricky_derocher",
            "is_restricted": false,
            "is_ultra_restricted": false
        },
        "blocks": [
            {
                "type": "rich_text",
                "block_id": "93Y",
                "elements": [
                    {
                        "type": "rich_text_section",
                        "elements": [
                            {
                                "type": "text",
                                "text": "Habitat for Switch? "
                            },
                            {
                                "type": "emoji",
                                "name": "slightly_smiling_face",
                                "unicode": "1f642"
                            }
                        ]
                    }
                ]
            }
        ]
    },
    {
        "text": "<@U41BJADGU> uploaded a file: <https:\/\/neohabitat.slack.com\/files\/U41BJADGU\/F7YRT6ZJS\/habitat_switch_edited-1.png|Habitat Switch>",
        "files": [
            {
                "id": "F7YRT6ZJS",
                "created": 1510267544,
                "timestamp": 1510267544,
                "name": "Habitat Switch_edited-1.png",
                "title": "Habitat Switch",
                "mimetype": "image\/png",
                "filetype": "png",
                "pretty_type": "PNG",
                "user": "U41BJADGU",
                "user_team": "T3NRU3N8L",
                "editable": false,
                "size": 110049,
                "mode": "hosted",
                "is_external": false,
                "external_type": "",
                "is_public": true,
                "public_url_shared": false,
                "display_as_bot": false,
                "username": "",
                "url_private": "https:\/\/files.slack.com\/files-pri\/T3NRU3N8L-F7YRT6ZJS\/habitat_switch_edited-1.png?t=xoxe-124878124292-7467719047090-7480385333457-4296bbd25a5710071a4df099b64b6f19",
                "url_private_download": "https:\/\/files.slack.com\/files-pri\/T3NRU3N8L-F7YRT6ZJS\/download\/habitat_switch_edited-1.png?t=xoxe-124878124292-7467719047090-7480385333457-4296bbd25a5710071a4df099b64b6f19",
                "media_display_type": "unknown",
                "thumb_64": "https:\/\/files.slack.com\/files-tmb\/T3NRU3N8L-F7YRT6ZJS-059a3b8944\/habitat_switch_edited-1_64.png?t=xoxe-124878124292-7467719047090-7480385333457-4296bbd25a5710071a4df099b64b6f19",
                "thumb_80": "https:\/\/files.slack.com\/files-tmb\/T3NRU3N8L-F7YRT6ZJS-059a3b8944\/habitat_switch_edited-1_80.png?t=xoxe-124878124292-7467719047090-7480385333457-4296bbd25a5710071a4df099b64b6f19",
                "thumb_360": "https:\/\/files.slack.com\/files-tmb\/T3NRU3N8L-F7YRT6ZJS-059a3b8944\/habitat_switch_edited-1_360.png?t=xoxe-124878124292-7467719047090-7480385333457-4296bbd25a5710071a4df099b64b6f19",
                "thumb_360_w": 360,
                "thumb_360_h": 146,
                "thumb_480": "https:\/\/files.slack.com\/files-tmb\/T3NRU3N8L-F7YRT6ZJS-059a3b8944\/habitat_switch_edited-1_480.png?t=xoxe-124878124292-7467719047090-7480385333457-4296bbd25a5710071a4df099b64b6f19",
                "thumb_480_w": 480,
                "thumb_480_h": 195,
                "thumb_160": "https:\/\/files.slack.com\/files-tmb\/T3NRU3N8L-F7YRT6ZJS-059a3b8944\/habitat_switch_edited-1_160.png?t=xoxe-124878124292-7467719047090-7480385333457-4296bbd25a5710071a4df099b64b6f19",
                "image_exif_rotation": 1,
                "original_w": 691,
                "original_h": 281,
                "permalink": "https:\/\/neohabitat.slack.com\/files\/U41BJADGU\/F7YRT6ZJS\/habitat_switch_edited-1.png",
                "permalink_public": "https:\/\/slack-files.com\/T3NRU3N8L-F7YRT6ZJS-7e8113396e",
                "is_starred": false,
                "has_rich_preview": false,
                "file_access": "visible"
            }
        ],
        "upload": true,
        "user": "U41BJADGU",
        "display_as_bot": false,
        "blocks": [
            {
                "type": "rich_text",
                "block_id": "vVf",
                "elements": [
                    {
                        "type": "rich_text_section",
                        "elements": [
                            {
                                "type": "user",
                                "user_id": "U41BJADGU"
                            },
                            {
                                "type": "text",
                                "text": " uploaded a file: "
                            },
                            {
                                "type": "link",
                                "url": "https:\/\/neohabitat.slack.com\/files\/U41BJADGU\/F7YRT6ZJS\/habitat_switch_edited-1.png",
                                "text": "Habitat Switch"
                            }
                        ]
                    }
                ]
            }
        ],
        "type": "message",
        "ts": "1510267545.000253"
    },
    {
        "user": "U3U46C90X",
        "type": "message",
        "ts": "1510268269.000032",
        "text": "...that would be amazing lol",
        "team": "T3NRU3N8L",
        "user_team": "T3NRU3N8L",
        "source_team": "T3NRU3N8L",
        "user_profile": {
            "avatar_hash": "g0aaf027158d",
            "image_72": "https:\/\/secure.gravatar.com\/avatar\/e0aaf027158d4139cd01983f497f3849.jpg?s=72&d=https%3A%2F%2Fa.slack-edge.com%2Fdf10d%2Fimg%2Favatars%2Fava_0016-72.png",
            "first_name": "Matt",
            "real_name": "Matt Post",
            "display_name": "neoedo1819",
            "team": "T3NRU3N8L",
            "name": "neoedo1819",
            "is_restricted": false,
            "is_ultra_restricted": false
        },
        "blocks": [
            {
                "type": "rich_text",
                "block_id": "ECUdG",
                "elements": [
                    {
                        "type": "rich_text_section",
                        "elements": [
                            {
                                "type": "text",
                                "text": "...that would be amazing lol"
                            }
                        ]
                    }
                ]
            }
        ]
    },
    {
        "user": "U3U46C90X",
        "type": "message",
        "ts": "1510268280.000207",
        "text": "..typing would be interesting....",
        "team": "T3NRU3N8L",
        "user_team": "T3NRU3N8L",
        "source_team": "T3NRU3N8L",
        "user_profile": {
            "avatar_hash": "g0aaf027158d",
            "image_72": "https:\/\/secure.gravatar.com\/avatar\/e0aaf027158d4139cd01983f497f3849.jpg?s=72&d=https%3A%2F%2Fa.slack-edge.com%2Fdf10d%2Fimg%2Favatars%2Fava_0016-72.png",
            "first_name": "Matt",
            "real_name": "Matt Post",
            "display_name": "neoedo1819",
            "team": "T3NRU3N8L",
            "name": "neoedo1819",
            "is_restricted": false,
            "is_ultra_restricted": false
        },
        "blocks": [
            {
                "type": "rich_text",
                "block_id": "qFmqk",
                "elements": [
                    {
                        "type": "rich_text_section",
                        "elements": [
                            {
                                "type": "text",
                                "text": "..typing would be interesting...."
                            }
                        ]
                    }
                ]
            }
        ]
    },
    {
        "user": "U3N3TBZPT",
        "type": "message",
        "ts": "1510268642.000166",
        "text": "if they release an SDK i am definitely adding support hahah",
        "team": "T3NRU3N8L",
        "user_team": "T3NRU3N8L",
        "source_team": "T3NRU3N8L",
        "user_profile": {
            "avatar_hash": "g96f16513098",
            "image_72": "https:\/\/secure.gravatar.com\/avatar\/296f1651309839191e53ca51b0cca0cc.jpg?s=72&d=https%3A%2F%2Fa.slack-edge.com%2Fdf10d%2Fimg%2Favatars%2Fava_0001-72.png",
            "first_name": "Steve",
            "real_name": "Steve Salevan",
            "display_name": "steve",
            "team": "T3NRU3N8L",
            "name": "steve",
            "is_restricted": false,
            "is_ultra_restricted": false
        },
        "blocks": [
            {
                "type": "rich_text",
                "block_id": "Pc9b",
                "elements": [
                    {
                        "type": "rich_text_section",
                        "elements": [
                            {
                                "type": "text",
                                "text": "if they release an SDK i am definitely adding support hahah"
                            }
                        ]
                    }
                ]
            }
        ]
    },
    {
        "user": "U3N3TBZPT",
        "type": "message",
        "ts": "1510268663.000357",
        "text": "i think it’s android based so i bet we could just hack the android vice project",
        "team": "T3NRU3N8L",
        "user_team": "T3NRU3N8L",
        "source_team": "T3NRU3N8L",
        "user_profile": {
            "avatar_hash": "g96f16513098",
            "image_72": "https:\/\/secure.gravatar.com\/avatar\/296f1651309839191e53ca51b0cca0cc.jpg?s=72&d=https%3A%2F%2Fa.slack-edge.com%2Fdf10d%2Fimg%2Favatars%2Fava_0001-72.png",
            "first_name": "Steve",
            "real_name": "Steve Salevan",
            "display_name": "steve",
            "team": "T3NRU3N8L",
            "name": "steve",
            "is_restricted": false,
            "is_ultra_restricted": false
        },
        "blocks": [
            {
                "type": "rich_text",
                "block_id": "9V5s",
                "elements": [
                    {
                        "type": "rich_text_section",
                        "elements": [
                            {
                                "type": "text",
                                "text": "i think it’s android based so i bet we could just hack the android vice project"
                            }
                        ]
                    }
                ]
            }
        ]
    },
    {
        "user": "U3U46C90X",
        "type": "message",
        "ts": "1510268879.000061",
        "text": "<https:\/\/developer.nintendo.com\/>",
        "team": "T3NRU3N8L",
        "user_team": "T3NRU3N8L",
        "source_team": "T3NRU3N8L",
        "user_profile": {
            "avatar_hash": "g0aaf027158d",
            "image_72": "https:\/\/secure.gravatar.com\/avatar\/e0aaf027158d4139cd01983f497f3849.jpg?s=72&d=https%3A%2F%2Fa.slack-edge.com%2Fdf10d%2Fimg%2Favatars%2Fava_0016-72.png",
            "first_name": "Matt",
            "real_name": "Matt Post",
            "display_name": "neoedo1819",
            "team": "T3NRU3N8L",
            "name": "neoedo1819",
            "is_restricted": false,
            "is_ultra_restricted": false
        },
        "blocks": [
            {
                "type": "rich_text",
                "block_id": "tac",
                "elements": [
                    {
                        "type": "rich_text_section",
                        "elements": [
                            {
                                "type": "link",
                                "url": "https:\/\/developer.nintendo.com\/"
                            }
                        ]
                    }
                ]
            }
        ]
    },
    {
        "user": "U3U46C90X",
        "type": "message",
        "ts": "1510268998.000050",
        "edited": {
            "user": "U3U46C90X",
            "ts": "1510269078.000000"
        },
        "text": "...hmmm not switch yet",
        "team": "T3NRU3N8L",
        "user_team": "T3NRU3N8L",
        "source_team": "T3NRU3N8L",
        "user_profile": {
            "avatar_hash": "g0aaf027158d",
            "image_72": "https:\/\/secure.gravatar.com\/avatar\/e0aaf027158d4139cd01983f497f3849.jpg?s=72&d=https%3A%2F%2Fa.slack-edge.com%2Fdf10d%2Fimg%2Favatars%2Fava_0016-72.png",
            "first_name": "Matt",
            "real_name": "Matt Post",
            "display_name": "neoedo1819",
            "team": "T3NRU3N8L",
            "name": "neoedo1819",
            "is_restricted": false,
            "is_ultra_restricted": false
        },
        "blocks": [
            {
                "type": "rich_text",
                "block_id": "rHoi5",
                "elements": [
                    {
                        "type": "rich_text_section",
                        "elements": [
                            {
                                "type": "text",
                                "text": "...hmmm not switch yet"
                            }
                        ]
                    }
                ]
            }
        ]
    },
    {
        "user": "U3U46C90X",
        "type": "message",
        "ts": "1510269032.000123",
        "edited": {
            "user": "U3U46C90X",
            "ts": "1510269086.000000"
        },
        "text": "but its also not android",
        "team": "T3NRU3N8L",
        "user_team": "T3NRU3N8L",
        "source_team": "T3NRU3N8L",
        "user_profile": {
            "avatar_hash": "g0aaf027158d",
            "image_72": "https:\/\/secure.gravatar.com\/avatar\/e0aaf027158d4139cd01983f497f3849.jpg?s=72&d=https%3A%2F%2Fa.slack-edge.com%2Fdf10d%2Fimg%2Favatars%2Fava_0016-72.png",
            "first_name": "Matt",
            "real_name": "Matt Post",
            "display_name": "neoedo1819",
            "team": "T3NRU3N8L",
            "name": "neoedo1819",
            "is_restricted": false,
            "is_ultra_restricted": false
        },
        "blocks": [
            {
                "type": "rich_text",
                "block_id": "a\/YE",
                "elements": [
                    {
                        "type": "rich_text_section",
                        "elements": [
                            {
                                "type": "text",
                                "text": "but its also not android"
                            }
                        ]
                    }
                ]
            }
        ]
    },
    {
        "user": "U3U46C90X",
        "type": "message",
        "ts": "1510269060.000167",
        "text": "is a proprietary FreeBSD derivative",
        "team": "T3NRU3N8L",
        "user_team": "T3NRU3N8L",
        "source_team": "T3NRU3N8L",
        "user_profile": {
            "avatar_hash": "g0aaf027158d",
            "image_72": "https:\/\/secure.gravatar.com\/avatar\/e0aaf027158d4139cd01983f497f3849.jpg?s=72&d=https%3A%2F%2Fa.slack-edge.com%2Fdf10d%2Fimg%2Favatars%2Fava_0016-72.png",
            "first_name": "Matt",
            "real_name": "Matt Post",
            "display_name": "neoedo1819",
            "team": "T3NRU3N8L",
            "name": "neoedo1819",
            "is_restricted": false,
            "is_ultra_restricted": false
        },
        "blocks": [
            {
                "type": "rich_text",
                "block_id": "Kxv",
                "elements": [
                    {
                        "type": "rich_text_section",
                        "elements": [
                            {
                                "type": "text",
                                "text": "is a proprietary FreeBSD derivative"
                            }
                        ]
                    }
                ]
            }
        ]
    }
]