[
    {
        "user": "U3N3P0V89",
        "type": "message",
        "ts": "1542314687.001100",
        "client_msg_id": "244f92d8-4b31-4350-abb4-d0d86fc563c9",
        "text": "<https:\/\/www.raphkoster.com\/2018\/11\/13\/mailbag-parts-of-an-mmo\/>",
        "team": "T3NRU3N8L",
        "user_team": "T3NRU3N8L",
        "source_team": "T3NRU3N8L",
        "user_profile": {
            "avatar_hash": "6dcfc9e0d4c7",
            "image_72": "https:\/\/avatars.slack-edge.com\/2017-06-07\/195047001686_6dcfc9e0d4c71e750732_72.png",
            "first_name": "Stu",
            "real_name": "Stu",
            "display_name": "stu",
            "team": "T3NRU3N8L",
            "name": "stu",
            "is_restricted": false,
            "is_ultra_restricted": false
        },
        "attachments": [
            {
                "service_name": "Raph's Website",
                "title": "Mailbag: Parts of an MMO",
                "title_link": "https:\/\/www.raphkoster.com\/2018\/11\/13\/mailbag-parts-of-an-mmo\/",
                "text": "Hello Mr. Koster! I have a school project that requires the input of an expert like yourself. I know you usually don’t reply to students, but hopefully you’ll reply to me. I am currentl…",
                "fallback": "Raph's Website: Mailbag: Parts of an MMO",
                "thumb_url": "https:\/\/www.raphkoster.com\/wp-content\/uploads\/2014\/05\/servercomm.gif",
                "ts": 1542136800,
                "from_url": "https:\/\/www.raphkoster.com\/2018\/11\/13\/mailbag-parts-of-an-mmo\/",
                "thumb_width": 278,
                "thumb_height": 374,
                "service_icon": "https:\/\/www.raphkoster.com\/favicon.ico",
                "id": 1,
                "original_url": "https:\/\/www.raphkoster.com\/2018\/11\/13\/mailbag-parts-of-an-mmo\/"
            }
        ],
        "blocks": [
            {
                "type": "rich_text",
                "block_id": "2KK",
                "elements": [
                    {
                        "type": "rich_text_section",
                        "elements": [
                            {
                                "type": "link",
                                "url": "https:\/\/www.raphkoster.com\/2018\/11\/13\/mailbag-parts-of-an-mmo\/"
                            }
                        ]
                    }
                ]
            }
        ]
    }
]