[
    {
        "text": "<@U3N3P0V89> uploaded a file: <https:\/\/neohabitat.slack.com\/files\/U3N3P0V89\/F9SESBE75\/image.png|image.png>",
        "files": [
            {
                "id": "F9SESBE75",
                "created": 1521503403,
                "timestamp": 1521503403,
                "name": "image.png",
                "title": "image.png",
                "mimetype": "image\/png",
                "filetype": "png",
                "pretty_type": "PNG",
                "user": "U3N3P0V89",
                "user_team": "T3NRU3N8L",
                "editable": false,
                "size": 13594,
                "mode": "hosted",
                "is_external": false,
                "external_type": "",
                "is_public": true,
                "public_url_shared": false,
                "display_as_bot": false,
                "username": "",
                "url_private": "https:\/\/files.slack.com\/files-pri\/T3NRU3N8L-F9SESBE75\/image.png?t=xoxe-124878124292-7467719047090-7480385333457-4296bbd25a5710071a4df099b64b6f19",
                "url_private_download": "https:\/\/files.slack.com\/files-pri\/T3NRU3N8L-F9SESBE75\/download\/image.png?t=xoxe-124878124292-7467719047090-7480385333457-4296bbd25a5710071a4df099b64b6f19",
                "media_display_type": "unknown",
                "thumb_64": "https:\/\/files.slack.com\/files-tmb\/T3NRU3N8L-F9SESBE75-5f073eb508\/image_64.png?t=xoxe-124878124292-7467719047090-7480385333457-4296bbd25a5710071a4df099b64b6f19",
                "thumb_80": "https:\/\/files.slack.com\/files-tmb\/T3NRU3N8L-F9SESBE75-5f073eb508\/image_80.png?t=xoxe-124878124292-7467719047090-7480385333457-4296bbd25a5710071a4df099b64b6f19",
                "thumb_360": "https:\/\/files.slack.com\/files-tmb\/T3NRU3N8L-F9SESBE75-5f073eb508\/image_360.png?t=xoxe-124878124292-7467719047090-7480385333457-4296bbd25a5710071a4df099b64b6f19",
                "thumb_360_w": 360,
                "thumb_360_h": 18,
                "thumb_160": "https:\/\/files.slack.com\/files-tmb\/T3NRU3N8L-F9SESBE75-5f073eb508\/image_160.png?t=xoxe-124878124292-7467719047090-7480385333457-4296bbd25a5710071a4df099b64b6f19",
                "image_exif_rotation": 1,
                "original_w": 402,
                "original_h": 20,
                "permalink": "https:\/\/neohabitat.slack.com\/files\/U3N3P0V89\/F9SESBE75\/image.png",
                "permalink_public": "https:\/\/slack-files.com\/T3NRU3N8L-F9SESBE75-204de5176d",
                "is_starred": false,
                "has_rich_preview": false,
                "file_access": "visible"
            }
        ],
        "upload": true,
        "user": "U3N3P0V89",
        "display_as_bot": false,
        "blocks": [
            {
                "type": "rich_text",
                "block_id": "mCe3t",
                "elements": [
                    {
                        "type": "rich_text_section",
                        "elements": [
                            {
                                "type": "user",
                                "user_id": "U3N3P0V89"
                            },
                            {
                                "type": "text",
                                "text": " uploaded a file: "
                            },
                            {
                                "type": "link",
                                "url": "https:\/\/neohabitat.slack.com\/files\/U3N3P0V89\/F9SESBE75\/image.png",
                                "text": "image.png",
                                "unsafe": true
                            }
                        ]
                    }
                ]
            }
        ],
        "type": "message",
        "ts": "1521503404.000330"
    },
    {
        "user": "U3N3P0V89",
        "type": "message",
        "ts": "1521503406.000161",
        "text": "Lol",
        "team": "T3NRU3N8L",
        "user_team": "T3NRU3N8L",
        "source_team": "T3NRU3N8L",
        "user_profile": {
            "avatar_hash": "6dcfc9e0d4c7",
            "image_72": "https:\/\/avatars.slack-edge.com\/2017-06-07\/195047001686_6dcfc9e0d4c71e750732_72.png",
            "first_name": "Stu",
            "real_name": "Stu",
            "display_name": "stu",
            "team": "T3NRU3N8L",
            "name": "stu",
            "is_restricted": false,
            "is_ultra_restricted": false
        },
        "blocks": [
            {
                "type": "rich_text",
                "block_id": "cltf\/",
                "elements": [
                    {
                        "type": "rich_text_section",
                        "elements": [
                            {
                                "type": "text",
                                "text": "Lol"
                            }
                        ]
                    }
                ]
            }
        ]
    },
    {
        "user": "U42TSUYKS",
        "type": "message",
        "ts": "1521503486.000271",
        "text": "Hell yeah",
        "team": "T3NRU3N8L",
        "user_team": "T3NRU3N8L",
        "source_team": "T3NRU3N8L",
        "user_profile": {
            "avatar_hash": "ba39872df5d8",
            "image_72": "https:\/\/avatars.slack-edge.com\/2017-10-28\/263402517778_ba39872df5d83fd28588_72.jpg",
            "first_name": "Jason",
            "real_name": "Jason Goodman",
            "display_name": "thecarlsaganexpress",
            "team": "T3NRU3N8L",
            "name": "thecarlsaganexpress",
            "is_restricted": false,
            "is_ultra_restricted": false
        },
        "blocks": [
            {
                "type": "rich_text",
                "block_id": "X8B",
                "elements": [
                    {
                        "type": "rich_text_section",
                        "elements": [
                            {
                                "type": "text",
                                "text": "Hell yeah"
                            }
                        ]
                    }
                ]
            }
        ]
    },
    {
        "user": "U42TSUYKS",
        "type": "message",
        "ts": "1521503598.000008",
        "text": "If you got a god tool I recommend checking out hell_1a",
        "team": "T3NRU3N8L",
        "user_team": "T3NRU3N8L",
        "source_team": "T3NRU3N8L",
        "user_profile": {
            "avatar_hash": "ba39872df5d8",
            "image_72": "https:\/\/avatars.slack-edge.com\/2017-10-28\/263402517778_ba39872df5d83fd28588_72.jpg",
            "first_name": "Jason",
            "real_name": "Jason Goodman",
            "display_name": "thecarlsaganexpress",
            "team": "T3NRU3N8L",
            "name": "thecarlsaganexpress",
            "is_restricted": false,
            "is_ultra_restricted": false
        },
        "blocks": [
            {
                "type": "rich_text",
                "block_id": "Rv+0h",
                "elements": [
                    {
                        "type": "rich_text_section",
                        "elements": [
                            {
                                "type": "text",
                                "text": "If you got a god tool I recommend checking out hell_1a"
                            }
                        ]
                    }
                ]
            }
        ]
    },
    {
        "user": "U42TSUYKS",
        "type": "message",
        "ts": "1521503680.000069",
        "text": "Dang and I got the bot up at the last second",
        "team": "T3NRU3N8L",
        "user_team": "T3NRU3N8L",
        "source_team": "T3NRU3N8L",
        "user_profile": {
            "avatar_hash": "ba39872df5d8",
            "image_72": "https:\/\/avatars.slack-edge.com\/2017-10-28\/263402517778_ba39872df5d83fd28588_72.jpg",
            "first_name": "Jason",
            "real_name": "Jason Goodman",
            "display_name": "thecarlsaganexpress",
            "team": "T3NRU3N8L",
            "name": "thecarlsaganexpress",
            "is_restricted": false,
            "is_ultra_restricted": false
        },
        "blocks": [
            {
                "type": "rich_text",
                "block_id": "5\/mX",
                "elements": [
                    {
                        "type": "rich_text_section",
                        "elements": [
                            {
                                "type": "text",
                                "text": "Dang and I got the bot up at the last second"
                            }
                        ]
                    }
                ]
            }
        ]
    },
    {
        "user": "U3N3P0V89",
        "type": "message",
        "ts": "1521503706.000280",
        "text": "let me come back a sec lol",
        "team": "T3NRU3N8L",
        "user_team": "T3NRU3N8L",
        "source_team": "T3NRU3N8L",
        "user_profile": {
            "avatar_hash": "6dcfc9e0d4c7",
            "image_72": "https:\/\/avatars.slack-edge.com\/2017-06-07\/195047001686_6dcfc9e0d4c71e750732_72.png",
            "first_name": "Stu",
            "real_name": "Stu",
            "display_name": "stu",
            "team": "T3NRU3N8L",
            "name": "stu",
            "is_restricted": false,
            "is_ultra_restricted": false
        },
        "blocks": [
            {
                "type": "rich_text",
                "block_id": "goGe",
                "elements": [
                    {
                        "type": "rich_text_section",
                        "elements": [
                            {
                                "type": "text",
                                "text": "let me come back a sec lol"
                            }
                        ]
                    }
                ]
            }
        ]
    },
    {
        "user": "U3N3P0V89",
        "type": "message",
        "ts": "1521503797.000165",
        "text": "bots are the future man",
        "team": "T3NRU3N8L",
        "user_team": "T3NRU3N8L",
        "source_team": "T3NRU3N8L",
        "user_profile": {
            "avatar_hash": "6dcfc9e0d4c7",
            "image_72": "https:\/\/avatars.slack-edge.com\/2017-06-07\/195047001686_6dcfc9e0d4c71e750732_72.png",
            "first_name": "Stu",
            "real_name": "Stu",
            "display_name": "stu",
            "team": "T3NRU3N8L",
            "name": "stu",
            "is_restricted": false,
            "is_ultra_restricted": false
        },
        "blocks": [
            {
                "type": "rich_text",
                "block_id": "xnh",
                "elements": [
                    {
                        "type": "rich_text_section",
                        "elements": [
                            {
                                "type": "text",
                                "text": "bots are the future man"
                            }
                        ]
                    }
                ]
            }
        ]
    },
    {
        "user": "U42TSUYKS",
        "type": "message",
        "ts": "1521503811.000067",
        "text": "God bless 2018",
        "team": "T3NRU3N8L",
        "user_team": "T3NRU3N8L",
        "source_team": "T3NRU3N8L",
        "user_profile": {
            "avatar_hash": "ba39872df5d8",
            "image_72": "https:\/\/avatars.slack-edge.com\/2017-10-28\/263402517778_ba39872df5d83fd28588_72.jpg",
            "first_name": "Jason",
            "real_name": "Jason Goodman",
            "display_name": "thecarlsaganexpress",
            "team": "T3NRU3N8L",
            "name": "thecarlsaganexpress",
            "is_restricted": false,
            "is_ultra_restricted": false
        },
        "blocks": [
            {
                "type": "rich_text",
                "block_id": "cK3l1",
                "elements": [
                    {
                        "type": "rich_text_section",
                        "elements": [
                            {
                                "type": "text",
                                "text": "God bless 2018"
                            }
                        ]
                    }
                ]
            }
        ]
    }
]