[
    {
        "user": "UBM0PMDQV",
        "type": "message",
        "ts": "1533374566.000024",
        "client_msg_id": "0ed7a7cd-317c-41a5-a920-9aaba71f54e6",
        "text": "I love how the Amiga carries on regardless. :slightly_smiling_face:",
        "team": "T3NRU3N8L",
        "user_team": "T3NRU3N8L",
        "source_team": "T3NRU3N8L",
        "user_profile": {
            "avatar_hash": "g5cd0c2d4b88",
            "image_72": "https:\/\/secure.gravatar.com\/avatar\/95cd0c2d4b88b46b5df77c60846d50fa.jpg?s=72&d=https%3A%2F%2Fa.slack-edge.com%2Fdf10d%2Fimg%2Favatars%2Fava_0006-72.png",
            "first_name": "",
            "real_name": "Nick Stevens",
            "display_name": "VoodooFrog",
            "team": "T3NRU3N8L",
            "name": "sirnickylee",
            "is_restricted": false,
            "is_ultra_restricted": false
        },
        "blocks": [
            {
                "type": "rich_text",
                "block_id": "4ZE",
                "elements": [
                    {
                        "type": "rich_text_section",
                        "elements": [
                            {
                                "type": "text",
                                "text": "I love how the Amiga carries on regardless. "
                            },
                            {
                                "type": "emoji",
                                "name": "slightly_smiling_face",
                                "unicode": "1f642"
                            }
                        ]
                    }
                ]
            }
        ]
    },
    {
        "user": "U3N3P0V89",
        "type": "message",
        "ts": "1533374582.000001",
        "client_msg_id": "378DB88F-44A8-47B1-B063-4B1DAC0F83D0",
        "text": "I think it always will",
        "team": "T3NRU3N8L",
        "user_team": "T3NRU3N8L",
        "source_team": "T3NRU3N8L",
        "user_profile": {
            "avatar_hash": "6dcfc9e0d4c7",
            "image_72": "https:\/\/avatars.slack-edge.com\/2017-06-07\/195047001686_6dcfc9e0d4c71e750732_72.png",
            "first_name": "Stu",
            "real_name": "Stu",
            "display_name": "stu",
            "team": "T3NRU3N8L",
            "name": "stu",
            "is_restricted": false,
            "is_ultra_restricted": false
        },
        "blocks": [
            {
                "type": "rich_text",
                "block_id": "oOh",
                "elements": [
                    {
                        "type": "rich_text_section",
                        "elements": [
                            {
                                "type": "text",
                                "text": "I think it always will"
                            }
                        ]
                    }
                ]
            }
        ]
    },
    {
        "user": "UBM0PMDQV",
        "type": "message",
        "ts": "1533375405.000009",
        "client_msg_id": "d32ee428-fefc-4664-b852-5a3767633e8d",
        "text": "I'm still considering my options for my A1200. I dunno whether to leave it alone or to mod it with an SD card slot and HDMI output.",
        "team": "T3NRU3N8L",
        "user_team": "T3NRU3N8L",
        "source_team": "T3NRU3N8L",
        "user_profile": {
            "avatar_hash": "g5cd0c2d4b88",
            "image_72": "https:\/\/secure.gravatar.com\/avatar\/95cd0c2d4b88b46b5df77c60846d50fa.jpg?s=72&d=https%3A%2F%2Fa.slack-edge.com%2Fdf10d%2Fimg%2Favatars%2Fava_0006-72.png",
            "first_name": "",
            "real_name": "Nick Stevens",
            "display_name": "VoodooFrog",
            "team": "T3NRU3N8L",
            "name": "sirnickylee",
            "is_restricted": false,
            "is_ultra_restricted": false
        },
        "blocks": [
            {
                "type": "rich_text",
                "block_id": "YS9gT",
                "elements": [
                    {
                        "type": "rich_text_section",
                        "elements": [
                            {
                                "type": "text",
                                "text": "I'm still considering my options for my A1200. I dunno whether to leave it alone or to mod it with an SD card slot and HDMI output."
                            }
                        ]
                    }
                ]
            }
        ]
    },
    {
        "user": "U3N3P0V89",
        "type": "message",
        "ts": "1533375437.000076",
        "client_msg_id": "E83C086A-F8CD-4E58-810F-968C408CEABC",
        "text": "The latter option does sound kind of fun to me",
        "team": "T3NRU3N8L",
        "user_team": "T3NRU3N8L",
        "source_team": "T3NRU3N8L",
        "user_profile": {
            "avatar_hash": "6dcfc9e0d4c7",
            "image_72": "https:\/\/avatars.slack-edge.com\/2017-06-07\/195047001686_6dcfc9e0d4c71e750732_72.png",
            "first_name": "Stu",
            "real_name": "Stu",
            "display_name": "stu",
            "team": "T3NRU3N8L",
            "name": "stu",
            "is_restricted": false,
            "is_ultra_restricted": false
        },
        "blocks": [
            {
                "type": "rich_text",
                "block_id": "\/KZ8",
                "elements": [
                    {
                        "type": "rich_text_section",
                        "elements": [
                            {
                                "type": "text",
                                "text": "The latter option does sound kind of fun to me"
                            }
                        ]
                    }
                ]
            }
        ]
    },
    {
        "user": "U3N3P0V89",
        "type": "message",
        "ts": "1533375463.000013",
        "client_msg_id": "2C965C76-4C13-4D92-9E74-25BE90D65B3A",
        "text": "Oh yeah did you ever get a chance to test out Habitat with RetroPie by the way?",
        "team": "T3NRU3N8L",
        "user_team": "T3NRU3N8L",
        "source_team": "T3NRU3N8L",
        "user_profile": {
            "avatar_hash": "6dcfc9e0d4c7",
            "image_72": "https:\/\/avatars.slack-edge.com\/2017-06-07\/195047001686_6dcfc9e0d4c71e750732_72.png",
            "first_name": "Stu",
            "real_name": "Stu",
            "display_name": "stu",
            "team": "T3NRU3N8L",
            "name": "stu",
            "is_restricted": false,
            "is_ultra_restricted": false
        },
        "blocks": [
            {
                "type": "rich_text",
                "block_id": "GIFb",
                "elements": [
                    {
                        "type": "rich_text_section",
                        "elements": [
                            {
                                "type": "text",
                                "text": "Oh yeah did you ever get a chance to test out Habitat with RetroPie by the way?"
                            }
                        ]
                    }
                ]
            }
        ]
    },
    {
        "user": "UBM0PMDQV",
        "type": "message",
        "ts": "1533375506.000025",
        "client_msg_id": "604956cd-b9d3-4ea2-b59c-ec992ebcfe90",
        "text": "Not yet, my son busted the power connector. :disappointed:",
        "team": "T3NRU3N8L",
        "user_team": "T3NRU3N8L",
        "source_team": "T3NRU3N8L",
        "user_profile": {
            "avatar_hash": "g5cd0c2d4b88",
            "image_72": "https:\/\/secure.gravatar.com\/avatar\/95cd0c2d4b88b46b5df77c60846d50fa.jpg?s=72&d=https%3A%2F%2Fa.slack-edge.com%2Fdf10d%2Fimg%2Favatars%2Fava_0006-72.png",
            "first_name": "",
            "real_name": "Nick Stevens",
            "display_name": "VoodooFrog",
            "team": "T3NRU3N8L",
            "name": "sirnickylee",
            "is_restricted": false,
            "is_ultra_restricted": false
        },
        "blocks": [
            {
                "type": "rich_text",
                "block_id": "tg0J",
                "elements": [
                    {
                        "type": "rich_text_section",
                        "elements": [
                            {
                                "type": "text",
                                "text": "Not yet, my son busted the power connector. "
                            },
                            {
                                "type": "emoji",
                                "name": "disappointed",
                                "unicode": "1f61e"
                            }
                        ]
                    }
                ]
            }
        ]
    },
    {
        "user": "U3N3P0V89",
        "type": "message",
        "ts": "1533375524.000031",
        "client_msg_id": "A0FB3656-24AC-4B97-BE21-05042BE25239",
        "text": "Easily done!",
        "team": "T3NRU3N8L",
        "user_team": "T3NRU3N8L",
        "source_team": "T3NRU3N8L",
        "user_profile": {
            "avatar_hash": "6dcfc9e0d4c7",
            "image_72": "https:\/\/avatars.slack-edge.com\/2017-06-07\/195047001686_6dcfc9e0d4c71e750732_72.png",
            "first_name": "Stu",
            "real_name": "Stu",
            "display_name": "stu",
            "team": "T3NRU3N8L",
            "name": "stu",
            "is_restricted": false,
            "is_ultra_restricted": false
        },
        "blocks": [
            {
                "type": "rich_text",
                "block_id": "rd4",
                "elements": [
                    {
                        "type": "rich_text_section",
                        "elements": [
                            {
                                "type": "text",
                                "text": "Easily done!"
                            }
                        ]
                    }
                ]
            }
        ]
    },
    {
        "user": "UBM0PMDQV",
        "type": "message",
        "ts": "1533375560.000030",
        "client_msg_id": "430f31b2-c39b-4fe2-954f-e4c38c04f741",
        "text": "Which reminds me I need to order a new one.",
        "team": "T3NRU3N8L",
        "user_team": "T3NRU3N8L",
        "source_team": "T3NRU3N8L",
        "user_profile": {
            "avatar_hash": "g5cd0c2d4b88",
            "image_72": "https:\/\/secure.gravatar.com\/avatar\/95cd0c2d4b88b46b5df77c60846d50fa.jpg?s=72&d=https%3A%2F%2Fa.slack-edge.com%2Fdf10d%2Fimg%2Favatars%2Fava_0006-72.png",
            "first_name": "",
            "real_name": "Nick Stevens",
            "display_name": "VoodooFrog",
            "team": "T3NRU3N8L",
            "name": "sirnickylee",
            "is_restricted": false,
            "is_ultra_restricted": false
        },
        "blocks": [
            {
                "type": "rich_text",
                "block_id": "ntnDz",
                "elements": [
                    {
                        "type": "rich_text_section",
                        "elements": [
                            {
                                "type": "text",
                                "text": "Which reminds me I need to order a new one."
                            }
                        ]
                    }
                ]
            }
        ]
    }
]