[
    {
        "subtype": "thread_broadcast",
        "user": "U40A3G4QM",
        "thread_ts": "1517199585.000170",
        "root": {
            "user": "U41BJADGU",
            "type": "message",
            "ts": "1517199585.000170",
            "text": "<https:\/\/twitter.com\/twitter\/statuses\/956614615697448961>",
            "team": "T3NRU3N8L",
            "thread_ts": "1517199585.000170",
            "reply_count": 1,
            "reply_users_count": 1,
            "latest_reply": "1517245187.000503",
            "reply_users": [
                "U40A3G4QM"
            ],
            "replies": [
                {
                    "user": "U40A3G4QM",
                    "ts": "1517245187.000503"
                }
            ],
            "is_locked": false,
            "subscribed": false,
            "attachments": [
                {
                    "fallback": "<https:\/\/twitter.com\/paulko64|@paulko64>: My #c64 port of Spelunky is coming along rather nicely, if I may say so... <https:\/\/twitter.com\/mossmouth|@mossmouth> <https:\/\/pbs.twimg.com\/ext_tw_video_thumb\/956613835145777152\/pu\/img\/_cqTfR4SlTvSusnv.jpg>",
                    "ts": 1516909672,
                    "author_name": "Paul Koller",
                    "author_link": "https:\/\/twitter.com\/paulko64\/status\/956614615697448961",
                    "author_icon": "https:\/\/pbs.twimg.com\/profile_images\/543716337697054720\/Zdb02erP_normal.jpeg",
                    "author_subname": "@paulko64",
                    "text": "My #c64 port of Spelunky is coming along rather nicely, if I may say so... <https:\/\/twitter.com\/mossmouth|@mossmouth>",
                    "service_name": "twitter",
                    "service_url": "https:\/\/twitter.com\/",
                    "from_url": "https:\/\/twitter.com\/twitter\/statuses\/956614615697448961",
                    "thumb_url": "https:\/\/pbs.twimg.com\/ext_tw_video_thumb\/956613835145777152\/pu\/img\/_cqTfR4SlTvSusnv.jpg",
                    "thumb_width": 384,
                    "thumb_height": 272,
                    "video_html_width": 384,
                    "video_html_height": 272,
                    "video_html": "<video controls poster=\"https:\/\/pbs.twimg.com\/ext_tw_video_thumb\/956613835145777152\/pu\/img\/_cqTfR4SlTvSusnv.jpg\" width=\"384\" height=\"272\"><source type=\"video\/mp4\" src=\"https:\/\/video.twimg.com\/ext_tw_video\/956613835145777152\/pu\/vid\/254x180\/k5I9L4ClzzEWEmD1.mp4\"><\/video>",
                    "id": 1,
                    "footer": "Twitter",
                    "footer_icon": "https:\/\/a.slack-edge.com\/80588\/img\/services\/twitter_pixel_snapped_32.png"
                }
            ],
            "blocks": [
                {
                    "type": "rich_text",
                    "block_id": "0\/9Y",
                    "elements": [
                        {
                            "type": "rich_text_section",
                            "elements": [
                                {
                                    "type": "link",
                                    "url": "https:\/\/twitter.com\/twitter\/statuses\/956614615697448961"
                                }
                            ]
                        }
                    ]
                }
            ]
        },
        "type": "message",
        "ts": "1517245187.000503",
        "text": "Reminds me of Pitfall 2",
        "blocks": [
            {
                "type": "rich_text",
                "block_id": "6r2uw",
                "elements": [
                    {
                        "type": "rich_text_section",
                        "elements": [
                            {
                                "type": "text",
                                "text": "Reminds me of Pitfall 2"
                            }
                        ]
                    }
                ]
            }
        ]
    }
]