[
    {
        "user": "U3N3P0V89",
        "type": "message",
        "ts": "1530305857.000308",
        "client_msg_id": "27a6de9c-c055-4abc-b28d-695fa3dc7a20",
        "text": "<https:\/\/www.youtube.com\/watch?v=OFg8RSfXILk>",
        "team": "T3NRU3N8L",
        "user_team": "T3NRU3N8L",
        "source_team": "T3NRU3N8L",
        "user_profile": {
            "avatar_hash": "6dcfc9e0d4c7",
            "image_72": "https:\/\/avatars.slack-edge.com\/2017-06-07\/195047001686_6dcfc9e0d4c71e750732_72.png",
            "first_name": "Stu",
            "real_name": "Stu",
            "display_name": "stu",
            "team": "T3NRU3N8L",
            "name": "stu",
            "is_restricted": false,
            "is_ultra_restricted": false
        },
        "attachments": [
            {
                "service_name": "YouTube",
                "service_url": "https:\/\/www.youtube.com\/",
                "title": "DMCA 1201 Hearings 2018: The MADE's Alex Handy talks about how DMCA impacts video game preservation",
                "title_link": "https:\/\/www.youtube.com\/watch?v=OFg8RSfXILk",
                "author_name": "EFForg",
                "author_link": "https:\/\/www.youtube.com\/user\/EFForg",
                "thumb_url": "https:\/\/i.ytimg.com\/vi\/OFg8RSfXILk\/hqdefault.jpg",
                "thumb_width": 480,
                "thumb_height": 360,
                "fallback": "YouTube Video: DMCA 1201 Hearings 2018: The MADE's Alex Handy talks about how DMCA impacts video game preservation",
                "video_html": "<iframe width=\"400\" height=\"225\" src=\"https:\/\/www.youtube.com\/embed\/OFg8RSfXILk?feature=oembed&autoplay=1&iv_load_policy=3\" frameborder=\"0\" allow=\"autoplay; encrypted-media\" allowfullscreen><\/iframe>",
                "video_html_width": 400,
                "video_html_height": 225,
                "from_url": "https:\/\/www.youtube.com\/watch?v=OFg8RSfXILk",
                "service_icon": "https:\/\/cfr.slack-edge.com\/2089\/img\/unfurl_icons\/youtube.png",
                "id": 1,
                "original_url": "https:\/\/www.youtube.com\/watch?v=OFg8RSfXILk"
            }
        ],
        "blocks": [
            {
                "type": "rich_text",
                "block_id": "NXPZ",
                "elements": [
                    {
                        "type": "rich_text_section",
                        "elements": [
                            {
                                "type": "link",
                                "url": "https:\/\/www.youtube.com\/watch?v=OFg8RSfXILk"
                            }
                        ]
                    }
                ]
            }
        ]
    }
]