[
    {
        "user": "U3N3P0V89",
        "type": "message",
        "ts": "1533322228.000407",
        "client_msg_id": "524b9b42-a68d-42bf-8cef-72df3944b2a9",
        "text": "<https:\/\/hothardware.com\/news\/commodore-amiga-revitalized-with-new-retro-hardware>",
        "team": "T3NRU3N8L",
        "user_team": "T3NRU3N8L",
        "source_team": "T3NRU3N8L",
        "user_profile": {
            "avatar_hash": "6dcfc9e0d4c7",
            "image_72": "https:\/\/avatars.slack-edge.com\/2017-06-07\/195047001686_6dcfc9e0d4c71e750732_72.png",
            "first_name": "Stu",
            "real_name": "Stu",
            "display_name": "stu",
            "team": "T3NRU3N8L",
            "name": "stu",
            "is_restricted": false,
            "is_ultra_restricted": false
        },
        "attachments": [
            {
                "service_name": "HotHardware",
                "title": "Commodore's Beloved Amiga Is Being Revitalized With Updated Retro Hardware | HotHardware",
                "title_link": "https:\/\/hothardware.com\/news\/commodore-amiga-revitalized-with-new-retro-hardware",
                "text": "Commodore's Beloved Amiga Is Being Revitalized With Updated Retro Hardware",
                "fallback": "HotHardware: Commodore's Beloved Amiga Is Being Revitalized With Updated Retro Hardware | HotHardware",
                "from_url": "https:\/\/hothardware.com\/news\/commodore-amiga-revitalized-with-new-retro-hardware",
                "service_icon": "https:\/\/hothardware.com\/hh-touch-icon-iphone.png?ver=2",
                "id": 1,
                "original_url": "https:\/\/hothardware.com\/news\/commodore-amiga-revitalized-with-new-retro-hardware"
            }
        ],
        "blocks": [
            {
                "type": "rich_text",
                "block_id": "++yev",
                "elements": [
                    {
                        "type": "rich_text_section",
                        "elements": [
                            {
                                "type": "link",
                                "url": "https:\/\/hothardware.com\/news\/commodore-amiga-revitalized-with-new-retro-hardware"
                            }
                        ]
                    }
                ]
            }
        ]
    }
]