[
    {
        "user": "U3NS4Q413",
        "type": "message",
        "ts": "1543710126.000400",
        "client_msg_id": "dc1911aa-fcaf-4e03-a187-425e426cd2b4",
        "text": "A player did this...",
        "team": "T3NRU3N8L",
        "user_team": "T3NRU3N8L",
        "source_team": "T3NRU3N8L",
        "user_profile": {
            "avatar_hash": "9a824257f5f9",
            "image_72": "https:\/\/avatars.slack-edge.com\/2017-06-19\/200099674645_9a824257f5f9fea53c25_72.png",
            "first_name": "Randy",
            "real_name": "Randy Farmer",
            "display_name": "randy",
            "team": "T3NRU3N8L",
            "name": "randy",
            "is_restricted": false,
            "is_ultra_restricted": false
        },
        "blocks": [
            {
                "type": "rich_text",
                "block_id": "Z2i",
                "elements": [
                    {
                        "type": "rich_text_section",
                        "elements": [
                            {
                                "type": "text",
                                "text": "A player did this..."
                            }
                        ]
                    }
                ]
            }
        ]
    },
    {
        "text": "",
        "files": [
            {
                "id": "FEJJJR45C",
                "created": 1543730039,
                "timestamp": 1543730039,
                "name": "RANDY_THEDUNGEONMASTER.png",
                "title": "RANDY_THEDUNGEONMASTER.png",
                "mimetype": "image\/png",
                "filetype": "png",
                "pretty_type": "PNG",
                "user": "U3NS4Q413",
                "user_team": "T3NRU3N8L",
                "editable": false,
                "size": 12240497,
                "mode": "hosted",
                "is_external": false,
                "external_type": "",
                "is_public": true,
                "public_url_shared": false,
                "display_as_bot": false,
                "username": "",
                "url_private": "https:\/\/files.slack.com\/files-pri\/T3NRU3N8L-FEJJJR45C\/randy_thedungeonmaster.png?t=xoxe-124878124292-7467719047090-7480385333457-4296bbd25a5710071a4df099b64b6f19",
                "url_private_download": "https:\/\/files.slack.com\/files-pri\/T3NRU3N8L-FEJJJR45C\/download\/randy_thedungeonmaster.png?t=xoxe-124878124292-7467719047090-7480385333457-4296bbd25a5710071a4df099b64b6f19",
                "media_display_type": "unknown",
                "thumb_64": "https:\/\/files.slack.com\/files-tmb\/T3NRU3N8L-FEJJJR45C-a3762356d3\/randy_thedungeonmaster_64.png?t=xoxe-124878124292-7467719047090-7480385333457-4296bbd25a5710071a4df099b64b6f19",
                "thumb_80": "https:\/\/files.slack.com\/files-tmb\/T3NRU3N8L-FEJJJR45C-a3762356d3\/randy_thedungeonmaster_80.png?t=xoxe-124878124292-7467719047090-7480385333457-4296bbd25a5710071a4df099b64b6f19",
                "thumb_360": "https:\/\/files.slack.com\/files-tmb\/T3NRU3N8L-FEJJJR45C-a3762356d3\/randy_thedungeonmaster_360.png?t=xoxe-124878124292-7467719047090-7480385333457-4296bbd25a5710071a4df099b64b6f19",
                "thumb_360_w": 220,
                "thumb_360_h": 360,
                "thumb_480": "https:\/\/files.slack.com\/files-tmb\/T3NRU3N8L-FEJJJR45C-a3762356d3\/randy_thedungeonmaster_480.png?t=xoxe-124878124292-7467719047090-7480385333457-4296bbd25a5710071a4df099b64b6f19",
                "thumb_480_w": 294,
                "thumb_480_h": 480,
                "thumb_160": "https:\/\/files.slack.com\/files-tmb\/T3NRU3N8L-FEJJJR45C-a3762356d3\/randy_thedungeonmaster_160.png?t=xoxe-124878124292-7467719047090-7480385333457-4296bbd25a5710071a4df099b64b6f19",
                "thumb_720": "https:\/\/files.slack.com\/files-tmb\/T3NRU3N8L-FEJJJR45C-a3762356d3\/randy_thedungeonmaster_720.png?t=xoxe-124878124292-7467719047090-7480385333457-4296bbd25a5710071a4df099b64b6f19",
                "thumb_720_w": 441,
                "thumb_720_h": 720,
                "thumb_800": "https:\/\/files.slack.com\/files-tmb\/T3NRU3N8L-FEJJJR45C-a3762356d3\/randy_thedungeonmaster_800.png?t=xoxe-124878124292-7467719047090-7480385333457-4296bbd25a5710071a4df099b64b6f19",
                "thumb_800_w": 800,
                "thumb_800_h": 1307,
                "thumb_960": "https:\/\/files.slack.com\/files-tmb\/T3NRU3N8L-FEJJJR45C-a3762356d3\/randy_thedungeonmaster_960.png?t=xoxe-124878124292-7467719047090-7480385333457-4296bbd25a5710071a4df099b64b6f19",
                "thumb_960_w": 588,
                "thumb_960_h": 960,
                "thumb_1024": "https:\/\/files.slack.com\/files-tmb\/T3NRU3N8L-FEJJJR45C-a3762356d3\/randy_thedungeonmaster_1024.png?t=xoxe-124878124292-7467719047090-7480385333457-4296bbd25a5710071a4df099b64b6f19",
                "thumb_1024_w": 627,
                "thumb_1024_h": 1024,
                "image_exif_rotation": 1,
                "original_w": 2372,
                "original_h": 3874,
                "permalink": "https:\/\/neohabitat.slack.com\/files\/U3NS4Q413\/FEJJJR45C\/randy_thedungeonmaster.png",
                "permalink_public": "https:\/\/slack-files.com\/T3NRU3N8L-FEJJJR45C-fe83475313",
                "is_starred": false,
                "has_rich_preview": false,
                "file_access": "visible"
            }
        ],
        "upload": true,
        "user": "U3NS4Q413",
        "display_as_bot": false,
        "type": "message",
        "ts": "1543730051.000800",
        "client_msg_id": "d5dc2eae-9fe7-4633-b399-df915291c73b",
        "reactions": [
            {
                "name": "sunglasses",
                "users": [
                    "U3NS476S0",
                    "U42TSUYKS",
                    "U3N3P0V89",
                    "U6S2J877H"
                ],
                "count": 4
            }
        ]
    }
]