[
    {
        "user": "UCETBJ078",
        "type": "message",
        "ts": "1535075109.000100",
        "client_msg_id": "a993e918-e66a-4fff-98b1-ece0e75a554a",
        "text": "Blah, Internet connection died. On Slack on my ohone",
        "team": "T3NRU3N8L",
        "user_team": "T3NRU3N8L",
        "source_team": "T3NRU3N8L",
        "user_profile": {
            "avatar_hash": "gf4e0e4e4f0b",
            "image_72": "https:\/\/secure.gravatar.com\/avatar\/bf4e0e4e4f0b1f703b1372a8dd7b0735.jpg?s=72&d=https%3A%2F%2Fa.slack-edge.com%2Fdf10d%2Fimg%2Favatars%2Fava_0021-72.png",
            "first_name": "",
            "real_name": "Seth Gold",
            "display_name": "Sgeo",
            "team": "T3NRU3N8L",
            "name": "sgeoster",
            "is_restricted": false,
            "is_ultra_restricted": false
        },
        "blocks": [
            {
                "type": "rich_text",
                "block_id": "m\/VLv",
                "elements": [
                    {
                        "type": "rich_text_section",
                        "elements": [
                            {
                                "type": "text",
                                "text": "Blah, Internet connection died. On Slack on my ohone"
                            }
                        ]
                    }
                ]
            }
        ]
    },
    {
        "user": "UCETBJ078",
        "type": "message",
        "ts": "1535075112.000100",
        "client_msg_id": "cee975fc-73a6-409d-8860-49cb66b06fc0",
        "text": "Phone",
        "team": "T3NRU3N8L",
        "user_team": "T3NRU3N8L",
        "source_team": "T3NRU3N8L",
        "user_profile": {
            "avatar_hash": "gf4e0e4e4f0b",
            "image_72": "https:\/\/secure.gravatar.com\/avatar\/bf4e0e4e4f0b1f703b1372a8dd7b0735.jpg?s=72&d=https%3A%2F%2Fa.slack-edge.com%2Fdf10d%2Fimg%2Favatars%2Fava_0021-72.png",
            "first_name": "",
            "real_name": "Seth Gold",
            "display_name": "Sgeo",
            "team": "T3NRU3N8L",
            "name": "sgeoster",
            "is_restricted": false,
            "is_ultra_restricted": false
        },
        "blocks": [
            {
                "type": "rich_text",
                "block_id": "QSw",
                "elements": [
                    {
                        "type": "rich_text_section",
                        "elements": [
                            {
                                "type": "text",
                                "text": "Phone"
                            }
                        ]
                    }
                ]
            }
        ]
    },
    {
        "user": "UCETBJ078",
        "type": "message",
        "ts": "1535076623.000100",
        "client_msg_id": "bf034fdd-634d-4ab6-9b72-d9a391e3c02c",
        "text": "Back online",
        "team": "T3NRU3N8L",
        "user_team": "T3NRU3N8L",
        "source_team": "T3NRU3N8L",
        "user_profile": {
            "avatar_hash": "gf4e0e4e4f0b",
            "image_72": "https:\/\/secure.gravatar.com\/avatar\/bf4e0e4e4f0b1f703b1372a8dd7b0735.jpg?s=72&d=https%3A%2F%2Fa.slack-edge.com%2Fdf10d%2Fimg%2Favatars%2Fava_0021-72.png",
            "first_name": "",
            "real_name": "Seth Gold",
            "display_name": "Sgeo",
            "team": "T3NRU3N8L",
            "name": "sgeoster",
            "is_restricted": false,
            "is_ultra_restricted": false
        },
        "blocks": [
            {
                "type": "rich_text",
                "block_id": "+zG",
                "elements": [
                    {
                        "type": "rich_text_section",
                        "elements": [
                            {
                                "type": "text",
                                "text": "Back online"
                            }
                        ]
                    }
                ]
            }
        ]
    },
    {
        "user": "U3N3P0V89",
        "type": "message",
        "ts": "1535076734.000100",
        "client_msg_id": "c89a4c01-5d22-4869-b131-8d5757b424f0",
        "text": "wb",
        "team": "T3NRU3N8L",
        "user_team": "T3NRU3N8L",
        "source_team": "T3NRU3N8L",
        "user_profile": {
            "avatar_hash": "6dcfc9e0d4c7",
            "image_72": "https:\/\/avatars.slack-edge.com\/2017-06-07\/195047001686_6dcfc9e0d4c71e750732_72.png",
            "first_name": "Stu",
            "real_name": "Stu",
            "display_name": "stu",
            "team": "T3NRU3N8L",
            "name": "stu",
            "is_restricted": false,
            "is_ultra_restricted": false
        },
        "blocks": [
            {
                "type": "rich_text",
                "block_id": "1=Nn",
                "elements": [
                    {
                        "type": "rich_text_section",
                        "elements": [
                            {
                                "type": "text",
                                "text": "wb"
                            }
                        ]
                    }
                ]
            }
        ]
    }
]