[
    {
        "user": "U4Q8J6WLF",
        "type": "message",
        "ts": "1528906267.000428",
        "text": "<@U9JQ2M11P> Have you set up a Github or some site documenting what you've done on INN?  People that want to assist with projects like this often need some prompting or organization around the task.  I didn't know about NeoHabitat until someone posted a request on one of the C64 hacker forums, but then seeing the Slack channel and all the code and documentation made it easier to pitch in.",
        "team": "T3NRU3N8L",
        "user_team": "T3NRU3N8L",
        "source_team": "T3NRU3N8L",
        "user_profile": {
            "avatar_hash": "9ca82e45a5f5",
            "image_72": "https:\/\/avatars.slack-edge.com\/2017-04-12\/167955862913_9ca82e45a5f5be9239e9_72.jpg",
            "first_name": "Gary",
            "real_name": "Gary Lake-Schaal",
            "display_name": "glake1",
            "team": "T3NRU3N8L",
            "name": "glake1",
            "is_restricted": false,
            "is_ultra_restricted": false
        },
        "blocks": [
            {
                "type": "rich_text",
                "block_id": "7bWlp",
                "elements": [
                    {
                        "type": "rich_text_section",
                        "elements": [
                            {
                                "type": "user",
                                "user_id": "U9JQ2M11P"
                            },
                            {
                                "type": "text",
                                "text": " Have you set up a Github or some site documenting what you've done on INN?  People that want to assist with projects like this often need some prompting or organization around the task.  I didn't know about NeoHabitat until someone posted a request on one of the C64 hacker forums, but then seeing the Slack channel and all the code and documentation made it easier to pitch in."
                            }
                        ]
                    }
                ]
            }
        ],
        "reactions": [
            {
                "name": "heavy_check_mark",
                "users": [
                    "U3N3P0V89",
                    "U3NS4Q413"
                ],
                "count": 2
            }
        ]
    }
]