[
    {
        "user": "U41BJADGU",
        "type": "message",
        "ts": "1515434942.000255",
        "text": "Iceblox Plus - This is a fun Pengo style game that was just released for the C64.",
        "team": "T3NRU3N8L",
        "user_team": "T3NRU3N8L",
        "source_team": "T3NRU3N8L",
        "user_profile": {
            "avatar_hash": "f3bfb536f4e1",
            "image_72": "https:\/\/avatars.slack-edge.com\/2017-03-06\/151260998854_f3bfb536f4e1f6383a63_48.png",
            "first_name": "Ricky",
            "real_name": "Ricky Derocher",
            "display_name": "ricky_derocher",
            "team": "T3NRU3N8L",
            "name": "ricky_derocher",
            "is_restricted": false,
            "is_ultra_restricted": false
        },
        "blocks": [
            {
                "type": "rich_text",
                "block_id": "bsu",
                "elements": [
                    {
                        "type": "rich_text_section",
                        "elements": [
                            {
                                "type": "text",
                                "text": "Iceblox Plus - This is a fun Pengo style game that was just released for the C64."
                            }
                        ]
                    }
                ]
            }
        ]
    },
    {
        "user": "U41BJADGU",
        "type": "message",
        "ts": "1515434944.000165",
        "text": "<http:\/\/csdb.dk\/release\/?id=161348>",
        "team": "T3NRU3N8L",
        "user_team": "T3NRU3N8L",
        "source_team": "T3NRU3N8L",
        "user_profile": {
            "avatar_hash": "f3bfb536f4e1",
            "image_72": "https:\/\/avatars.slack-edge.com\/2017-03-06\/151260998854_f3bfb536f4e1f6383a63_48.png",
            "first_name": "Ricky",
            "real_name": "Ricky Derocher",
            "display_name": "ricky_derocher",
            "team": "T3NRU3N8L",
            "name": "ricky_derocher",
            "is_restricted": false,
            "is_ultra_restricted": false
        },
        "attachments": [
            {
                "service_name": "Commodore 64 Scene Database",
                "title": "[CSDb] - Iceblox Plus by Eweguo (2018)",
                "title_link": "http:\/\/csdb.dk\/release\/?id=161348",
                "text": "Commodore 64 Game: Iceblox Plus by Eweguo. Released on 7 January 2018",
                "fallback": "Commodore 64 Scene Database: [CSDb] - Iceblox Plus by Eweguo (2018)",
                "image_url": "http:\/\/csdb.dk\/gfx\/releases\/161000\/161348.gif",
                "from_url": "http:\/\/csdb.dk\/release\/?id=161348",
                "image_width": 353,
                "image_height": 250,
                "image_bytes": 10864,
                "service_icon": "http:\/\/csdb.dk\/favicon.ico",
                "id": 1
            }
        ],
        "blocks": [
            {
                "type": "rich_text",
                "block_id": "qqN6a",
                "elements": [
                    {
                        "type": "rich_text_section",
                        "elements": [
                            {
                                "type": "link",
                                "url": "http:\/\/csdb.dk\/release\/?id=161348"
                            }
                        ]
                    }
                ]
            }
        ],
        "reactions": [
            {
                "name": "heart",
                "users": [
                    "U3N3P0V89",
                    "U3NS476S0"
                ],
                "count": 2
            }
        ]
    },
    {
        "user": "U3NS476S0",
        "type": "message",
        "ts": "1515474790.000037",
        "text": "Nice! I loved Freeze Factory on my VIC ",
        "team": "T3NRU3N8L",
        "user_team": "T3NRU3N8L",
        "source_team": "T3NRU3N8L",
        "user_profile": {
            "avatar_hash": "7d8938fafcab",
            "image_72": "https:\/\/avatars.slack-edge.com\/2018-02-10\/313231218068_7d8938fafcabedc7aa5e_72.png",
            "first_name": "Kate",
            "real_name": "Kate Lawson",
            "display_name": "k8z",
            "team": "T3NRU3N8L",
            "name": "n8",
            "is_restricted": false,
            "is_ultra_restricted": false
        },
        "blocks": [
            {
                "type": "rich_text",
                "block_id": "loK",
                "elements": [
                    {
                        "type": "rich_text_section",
                        "elements": [
                            {
                                "type": "text",
                                "text": "Nice! I loved Freeze Factory on my VIC"
                            }
                        ]
                    }
                ]
            }
        ]
    },
    {
        "user": "U41BJADGU",
        "type": "message",
        "ts": "1515475015.000097",
        "text": "This one?",
        "team": "T3NRU3N8L",
        "user_team": "T3NRU3N8L",
        "source_team": "T3NRU3N8L",
        "user_profile": {
            "avatar_hash": "f3bfb536f4e1",
            "image_72": "https:\/\/avatars.slack-edge.com\/2017-03-06\/151260998854_f3bfb536f4e1f6383a63_48.png",
            "first_name": "Ricky",
            "real_name": "Ricky Derocher",
            "display_name": "ricky_derocher",
            "team": "T3NRU3N8L",
            "name": "ricky_derocher",
            "is_restricted": false,
            "is_ultra_restricted": false
        },
        "blocks": [
            {
                "type": "rich_text",
                "block_id": "oLSu",
                "elements": [
                    {
                        "type": "rich_text_section",
                        "elements": [
                            {
                                "type": "text",
                                "text": "This one?"
                            }
                        ]
                    }
                ]
            }
        ]
    },
    {
        "user": "U41BJADGU",
        "type": "message",
        "ts": "1515475016.000113",
        "text": "<https:\/\/www.youtube.com\/watch?v=KM_HH-7l2A0>",
        "team": "T3NRU3N8L",
        "user_team": "T3NRU3N8L",
        "source_team": "T3NRU3N8L",
        "user_profile": {
            "avatar_hash": "f3bfb536f4e1",
            "image_72": "https:\/\/avatars.slack-edge.com\/2017-03-06\/151260998854_f3bfb536f4e1f6383a63_48.png",
            "first_name": "Ricky",
            "real_name": "Ricky Derocher",
            "display_name": "ricky_derocher",
            "team": "T3NRU3N8L",
            "name": "ricky_derocher",
            "is_restricted": false,
            "is_ultra_restricted": false
        },
        "attachments": [
            {
                "service_name": "YouTube",
                "service_url": "https:\/\/www.youtube.com\/",
                "title": "The Freeze Factory for the Commodore VIC-20 \/ Commodore VC-20",
                "title_link": "https:\/\/www.youtube.com\/watch?v=KM_HH-7l2A0",
                "author_name": "Highretrogamelord",
                "author_link": "https:\/\/www.youtube.com\/user\/Highretrogamelord89",
                "thumb_url": "https:\/\/i.ytimg.com\/vi\/KM_HH-7l2A0\/hqdefault.jpg",
                "thumb_width": 480,
                "thumb_height": 360,
                "fallback": "YouTube Video: The Freeze Factory for the Commodore VIC-20 \/ Commodore VC-20",
                "video_html": "<iframe width=\"400\" height=\"225\" src=\"https:\/\/www.youtube.com\/embed\/KM_HH-7l2A0?feature=oembed&autoplay=1&iv_load_policy=3\" frameborder=\"0\" gesture=\"media\" allow=\"encrypted-media\" allowfullscreen><\/iframe>",
                "video_html_width": 400,
                "video_html_height": 225,
                "from_url": "https:\/\/www.youtube.com\/watch?v=KM_HH-7l2A0",
                "service_icon": "https:\/\/a.slack-edge.com\/2089\/img\/unfurl_icons\/youtube.png",
                "id": 1
            }
        ],
        "blocks": [
            {
                "type": "rich_text",
                "block_id": "XU4",
                "elements": [
                    {
                        "type": "rich_text_section",
                        "elements": [
                            {
                                "type": "link",
                                "url": "https:\/\/www.youtube.com\/watch?v=KM_HH-7l2A0"
                            }
                        ]
                    }
                ]
            }
        ]
    },
    {
        "user": "U41BJADGU",
        "type": "message",
        "ts": "1515475134.000050",
        "text": "<https:\/\/archive.org\/stream\/1985-06-computegazette\/Compute_Gazette_Issue_24_1985_Jun#page\/n55\/mode\/2up>",
        "team": "T3NRU3N8L",
        "user_team": "T3NRU3N8L",
        "source_team": "T3NRU3N8L",
        "user_profile": {
            "avatar_hash": "f3bfb536f4e1",
            "image_72": "https:\/\/avatars.slack-edge.com\/2017-03-06\/151260998854_f3bfb536f4e1f6383a63_48.png",
            "first_name": "Ricky",
            "real_name": "Ricky Derocher",
            "display_name": "ricky_derocher",
            "team": "T3NRU3N8L",
            "name": "ricky_derocher",
            "is_restricted": false,
            "is_ultra_restricted": false
        },
        "blocks": [
            {
                "type": "rich_text",
                "block_id": "d+TJB",
                "elements": [
                    {
                        "type": "rich_text_section",
                        "elements": [
                            {
                                "type": "link",
                                "url": "https:\/\/archive.org\/stream\/1985-06-computegazette\/Compute_Gazette_Issue_24_1985_Jun#page\/n55\/mode\/2up"
                            }
                        ]
                    }
                ]
            }
        ]
    },
    {
        "user": "U41BJADGU",
        "type": "message",
        "ts": "1515475187.000175",
        "text": "There was also a C64 version.",
        "team": "T3NRU3N8L",
        "user_team": "T3NRU3N8L",
        "source_team": "T3NRU3N8L",
        "user_profile": {
            "avatar_hash": "f3bfb536f4e1",
            "image_72": "https:\/\/avatars.slack-edge.com\/2017-03-06\/151260998854_f3bfb536f4e1f6383a63_48.png",
            "first_name": "Ricky",
            "real_name": "Ricky Derocher",
            "display_name": "ricky_derocher",
            "team": "T3NRU3N8L",
            "name": "ricky_derocher",
            "is_restricted": false,
            "is_ultra_restricted": false
        },
        "blocks": [
            {
                "type": "rich_text",
                "block_id": "KetJ",
                "elements": [
                    {
                        "type": "rich_text_section",
                        "elements": [
                            {
                                "type": "text",
                                "text": "There was also a C64 version."
                            }
                        ]
                    }
                ]
            }
        ]
    },
    {
        "user": "U41BJADGU",
        "type": "message",
        "ts": "1515475194.000053",
        "text": "<https:\/\/www.youtube.com\/watch?v=xg0TS7-HAgI>",
        "team": "T3NRU3N8L",
        "user_team": "T3NRU3N8L",
        "source_team": "T3NRU3N8L",
        "user_profile": {
            "avatar_hash": "f3bfb536f4e1",
            "image_72": "https:\/\/avatars.slack-edge.com\/2017-03-06\/151260998854_f3bfb536f4e1f6383a63_48.png",
            "first_name": "Ricky",
            "real_name": "Ricky Derocher",
            "display_name": "ricky_derocher",
            "team": "T3NRU3N8L",
            "name": "ricky_derocher",
            "is_restricted": false,
            "is_ultra_restricted": false
        },
        "attachments": [
            {
                "service_name": "YouTube",
                "service_url": "https:\/\/www.youtube.com\/",
                "title": "C64 Game - The Freeze Factory",
                "title_link": "https:\/\/www.youtube.com\/watch?v=xg0TS7-HAgI",
                "author_name": "Dan Warren",
                "author_link": "https:\/\/www.youtube.com\/user\/warrenterra79",
                "thumb_url": "https:\/\/i.ytimg.com\/vi\/xg0TS7-HAgI\/hqdefault.jpg",
                "thumb_width": 480,
                "thumb_height": 360,
                "fallback": "YouTube Video: C64 Game - The Freeze Factory",
                "video_html": "<iframe width=\"400\" height=\"300\" src=\"https:\/\/www.youtube.com\/embed\/xg0TS7-HAgI?feature=oembed&autoplay=1&iv_load_policy=3\" frameborder=\"0\" gesture=\"media\" allow=\"encrypted-media\" allowfullscreen><\/iframe>",
                "video_html_width": 400,
                "video_html_height": 300,
                "from_url": "https:\/\/www.youtube.com\/watch?v=xg0TS7-HAgI",
                "service_icon": "https:\/\/a.slack-edge.com\/2089\/img\/unfurl_icons\/youtube.png",
                "id": 1
            }
        ],
        "blocks": [
            {
                "type": "rich_text",
                "block_id": "x4XH",
                "elements": [
                    {
                        "type": "rich_text_section",
                        "elements": [
                            {
                                "type": "link",
                                "url": "https:\/\/www.youtube.com\/watch?v=xg0TS7-HAgI"
                            }
                        ]
                    }
                ]
            }
        ]
    },
    {
        "user": "U3NS476S0",
        "type": "message",
        "ts": "1515481695.000134",
        "text": "Yep! I had a VIC until about 1987, then moved to C64 ",
        "team": "T3NRU3N8L",
        "user_team": "T3NRU3N8L",
        "source_team": "T3NRU3N8L",
        "user_profile": {
            "avatar_hash": "7d8938fafcab",
            "image_72": "https:\/\/avatars.slack-edge.com\/2018-02-10\/313231218068_7d8938fafcabedc7aa5e_72.png",
            "first_name": "Kate",
            "real_name": "Kate Lawson",
            "display_name": "k8z",
            "team": "T3NRU3N8L",
            "name": "n8",
            "is_restricted": false,
            "is_ultra_restricted": false
        },
        "blocks": [
            {
                "type": "rich_text",
                "block_id": "hl5",
                "elements": [
                    {
                        "type": "rich_text_section",
                        "elements": [
                            {
                                "type": "text",
                                "text": "Yep! I had a VIC until about 1987, then moved to C64"
                            }
                        ]
                    }
                ]
            }
        ]
    }
]