[
    {
        "user": "U40A3G4QM",
        "type": "message",
        "ts": "1519673644.000655",
        "text": "<https:\/\/pbs.twimg.com\/media\/DWoitEUX0AEnrdn.jpg>",
        "team": "T3NRU3N8L",
        "user_team": "T3NRU3N8L",
        "source_team": "T3NRU3N8L",
        "user_profile": {
            "avatar_hash": "g21c91d033ec",
            "image_72": "https:\/\/secure.gravatar.com\/avatar\/a21c91d033ec956f06feb12bdbb6a5a1.jpg?s=72&d=https%3A%2F%2Fa.slack-edge.com%2Fdf10d%2Fimg%2Favatars%2Fava_0008-72.png",
            "first_name": "David",
            "real_name": "David McIntyre",
            "display_name": "davidm",
            "team": "T3NRU3N8L",
            "name": "davidm",
            "is_restricted": false,
            "is_ultra_restricted": false
        },
        "attachments": [
            {
                "fallback": "848x1200px image",
                "image_url": "https:\/\/pbs.twimg.com\/media\/DWoitEUX0AEnrdn.jpg",
                "image_width": 848,
                "image_height": 1200,
                "image_bytes": 115853,
                "from_url": "https:\/\/pbs.twimg.com\/media\/DWoitEUX0AEnrdn.jpg",
                "id": 1
            }
        ],
        "blocks": [
            {
                "type": "rich_text",
                "block_id": "jQH",
                "elements": [
                    {
                        "type": "rich_text_section",
                        "elements": [
                            {
                                "type": "link",
                                "url": "https:\/\/pbs.twimg.com\/media\/DWoitEUX0AEnrdn.jpg"
                            }
                        ]
                    }
                ]
            }
        ]
    },
    {
        "user": "U40A3G4QM",
        "type": "message",
        "ts": "1519673678.000369",
        "text": "someone at work posted this to slack... Thought it was descriptive of many projects in my career.",
        "team": "T3NRU3N8L",
        "user_team": "T3NRU3N8L",
        "source_team": "T3NRU3N8L",
        "user_profile": {
            "avatar_hash": "g21c91d033ec",
            "image_72": "https:\/\/secure.gravatar.com\/avatar\/a21c91d033ec956f06feb12bdbb6a5a1.jpg?s=72&d=https%3A%2F%2Fa.slack-edge.com%2Fdf10d%2Fimg%2Favatars%2Fava_0008-72.png",
            "first_name": "David",
            "real_name": "David McIntyre",
            "display_name": "davidm",
            "team": "T3NRU3N8L",
            "name": "davidm",
            "is_restricted": false,
            "is_ultra_restricted": false
        },
        "blocks": [
            {
                "type": "rich_text",
                "block_id": "LdpX",
                "elements": [
                    {
                        "type": "rich_text_section",
                        "elements": [
                            {
                                "type": "text",
                                "text": "someone at work posted this to slack... Thought it was descriptive of many projects in my career."
                            }
                        ]
                    }
                ]
            }
        ]
    },
    {
        "user": "U3NS476S0",
        "type": "message",
        "ts": "1519676912.000256",
        "text": "Totally not true. Have you seen what kinds of JS event handlers are lurking in sites that are ostensibly a static blog like Medium? ",
        "team": "T3NRU3N8L",
        "user_team": "T3NRU3N8L",
        "source_team": "T3NRU3N8L",
        "user_profile": {
            "avatar_hash": "7d8938fafcab",
            "image_72": "https:\/\/avatars.slack-edge.com\/2018-02-10\/313231218068_7d8938fafcabedc7aa5e_72.png",
            "first_name": "Kate",
            "real_name": "Kate Lawson",
            "display_name": "k8z",
            "team": "T3NRU3N8L",
            "name": "n8",
            "is_restricted": false,
            "is_ultra_restricted": false
        },
        "blocks": [
            {
                "type": "rich_text",
                "block_id": "vxtb",
                "elements": [
                    {
                        "type": "rich_text_section",
                        "elements": [
                            {
                                "type": "text",
                                "text": "Totally not true. Have you seen what kinds of JS event handlers are lurking in sites that are ostensibly a static blog like Medium?"
                            }
                        ]
                    }
                ]
            }
        ]
    },
    {
        "user": "U40A3G4QM",
        "type": "message",
        "ts": "1519680938.000009",
        "text": "I'm not completely certain that I'd call JS event handlers \"front-end\". Most I've seen look like the underwater portion of that pic.",
        "team": "T3NRU3N8L",
        "user_team": "T3NRU3N8L",
        "source_team": "T3NRU3N8L",
        "user_profile": {
            "avatar_hash": "g21c91d033ec",
            "image_72": "https:\/\/secure.gravatar.com\/avatar\/a21c91d033ec956f06feb12bdbb6a5a1.jpg?s=72&d=https%3A%2F%2Fa.slack-edge.com%2Fdf10d%2Fimg%2Favatars%2Fava_0008-72.png",
            "first_name": "David",
            "real_name": "David McIntyre",
            "display_name": "davidm",
            "team": "T3NRU3N8L",
            "name": "davidm",
            "is_restricted": false,
            "is_ultra_restricted": false
        },
        "blocks": [
            {
                "type": "rich_text",
                "block_id": "5oa",
                "elements": [
                    {
                        "type": "rich_text_section",
                        "elements": [
                            {
                                "type": "text",
                                "text": "I'm not completely certain that I'd call JS event handlers \"front-end\". Most I've seen look like the underwater portion of that pic."
                            }
                        ]
                    }
                ]
            }
        ]
    },
    {
        "user": "U9AAG29UZ",
        "type": "message",
        "ts": "1519682020.000342",
        "text": "the distinction can be pretty murky. I'd say give the floatie some patches and bandaids and call that frameworks.",
        "team": "T3NRU3N8L",
        "user_team": "T3NRU3N8L",
        "source_team": "T3NRU3N8L",
        "user_profile": {
            "avatar_hash": "gb17af066585",
            "image_72": "https:\/\/secure.gravatar.com\/avatar\/cb17af0665852e16d3b62c0a64a9da39.jpg?s=72&d=https%3A%2F%2Fa.slack-edge.com%2Fdf10d%2Fimg%2Favatars%2Fava_0009-72.png",
            "first_name": "",
            "real_name": "mold",
            "display_name": "mold",
            "team": "T3NRU3N8L",
            "name": "musicalmaxwell",
            "is_restricted": false,
            "is_ultra_restricted": false
        },
        "blocks": [
            {
                "type": "rich_text",
                "block_id": "H+j",
                "elements": [
                    {
                        "type": "rich_text_section",
                        "elements": [
                            {
                                "type": "text",
                                "text": "the distinction can be pretty murky. I'd say give the floatie some patches and bandaids and call that frameworks."
                            }
                        ]
                    }
                ]
            }
        ]
    },
    {
        "user": "U9AAG29UZ",
        "type": "message",
        "ts": "1519682184.000330",
        "text": "and then the rest of the js\/php\/ajax\/etc into the backend",
        "team": "T3NRU3N8L",
        "user_team": "T3NRU3N8L",
        "source_team": "T3NRU3N8L",
        "user_profile": {
            "avatar_hash": "gb17af066585",
            "image_72": "https:\/\/secure.gravatar.com\/avatar\/cb17af0665852e16d3b62c0a64a9da39.jpg?s=72&d=https%3A%2F%2Fa.slack-edge.com%2Fdf10d%2Fimg%2Favatars%2Fava_0009-72.png",
            "first_name": "",
            "real_name": "mold",
            "display_name": "mold",
            "team": "T3NRU3N8L",
            "name": "musicalmaxwell",
            "is_restricted": false,
            "is_ultra_restricted": false
        },
        "blocks": [
            {
                "type": "rich_text",
                "block_id": "H+W",
                "elements": [
                    {
                        "type": "rich_text_section",
                        "elements": [
                            {
                                "type": "text",
                                "text": "and then the rest of the js\/php\/ajax\/etc into the backend"
                            }
                        ]
                    }
                ]
            }
        ]
    },
    {
        "user": "U40A3G4QM",
        "type": "message",
        "ts": "1519683047.000170",
        "edited": {
            "user": "U40A3G4QM",
            "ts": "1519683084.000000"
        },
        "text": "agreed on murky, but the differentiation in the image should have been, \"what the user sees\" versus \"everything else\"",
        "team": "T3NRU3N8L",
        "user_team": "T3NRU3N8L",
        "source_team": "T3NRU3N8L",
        "user_profile": {
            "avatar_hash": "g21c91d033ec",
            "image_72": "https:\/\/secure.gravatar.com\/avatar\/a21c91d033ec956f06feb12bdbb6a5a1.jpg?s=72&d=https%3A%2F%2Fa.slack-edge.com%2Fdf10d%2Fimg%2Favatars%2Fava_0008-72.png",
            "first_name": "David",
            "real_name": "David McIntyre",
            "display_name": "davidm",
            "team": "T3NRU3N8L",
            "name": "davidm",
            "is_restricted": false,
            "is_ultra_restricted": false
        },
        "blocks": [
            {
                "type": "rich_text",
                "block_id": "ftB",
                "elements": [
                    {
                        "type": "rich_text_section",
                        "elements": [
                            {
                                "type": "text",
                                "text": "agreed on murky, but the differentiation in the image should have been, \"what the user sees\" versus \"everything else\""
                            }
                        ]
                    }
                ]
            }
        ]
    },
    {
        "user": "U9AAG29UZ",
        "type": "message",
        "ts": "1519684274.000427",
        "text": "okay, I can agree on that one :slightly_smiling_face:",
        "team": "T3NRU3N8L",
        "user_team": "T3NRU3N8L",
        "source_team": "T3NRU3N8L",
        "user_profile": {
            "avatar_hash": "gb17af066585",
            "image_72": "https:\/\/secure.gravatar.com\/avatar\/cb17af0665852e16d3b62c0a64a9da39.jpg?s=72&d=https%3A%2F%2Fa.slack-edge.com%2Fdf10d%2Fimg%2Favatars%2Fava_0009-72.png",
            "first_name": "",
            "real_name": "mold",
            "display_name": "mold",
            "team": "T3NRU3N8L",
            "name": "musicalmaxwell",
            "is_restricted": false,
            "is_ultra_restricted": false
        },
        "blocks": [
            {
                "type": "rich_text",
                "block_id": "g3Hf",
                "elements": [
                    {
                        "type": "rich_text_section",
                        "elements": [
                            {
                                "type": "text",
                                "text": "okay, I can agree on that one "
                            },
                            {
                                "type": "emoji",
                                "name": "slightly_smiling_face",
                                "unicode": "1f642"
                            }
                        ]
                    }
                ]
            }
        ]
    },
    {
        "user": "U9AAG29UZ",
        "type": "message",
        "ts": "1519684305.000025",
        "text": "especially if we're talking web dev. This image might be more geared towards app design I'm guessing.",
        "team": "T3NRU3N8L",
        "user_team": "T3NRU3N8L",
        "source_team": "T3NRU3N8L",
        "user_profile": {
            "avatar_hash": "gb17af066585",
            "image_72": "https:\/\/secure.gravatar.com\/avatar\/cb17af0665852e16d3b62c0a64a9da39.jpg?s=72&d=https%3A%2F%2Fa.slack-edge.com%2Fdf10d%2Fimg%2Favatars%2Fava_0009-72.png",
            "first_name": "",
            "real_name": "mold",
            "display_name": "mold",
            "team": "T3NRU3N8L",
            "name": "musicalmaxwell",
            "is_restricted": false,
            "is_ultra_restricted": false
        },
        "blocks": [
            {
                "type": "rich_text",
                "block_id": "6=6Q",
                "elements": [
                    {
                        "type": "rich_text_section",
                        "elements": [
                            {
                                "type": "text",
                                "text": "especially if we're talking web dev. This image might be more geared towards app design I'm guessing."
                            }
                        ]
                    }
                ]
            }
        ]
    }
]