[
    {
        "user": "U4Q8J6WLF",
        "type": "message",
        "ts": "1520644476.000180",
        "text": "Hey <@U9JQ2M11P>, if you're not familiar with assembly, I don't recommend trying to run the whole thing through an auto-disassembler - it will be just too large and unwieldy. You have to spend a lot of time training those tools up about what's code vs. data.  My recommendation would be to focus on debugging a running executable if possible.  Does the client actually run in DOSBox or something like that, even if it can't connect to the server?  -- is it this: <http:\/\/www.sierrahelp.com\/Misc\/INNRevival.html>",
        "team": "T3NRU3N8L",
        "user_team": "T3NRU3N8L",
        "source_team": "T3NRU3N8L",
        "user_profile": {
            "avatar_hash": "9ca82e45a5f5",
            "image_72": "https:\/\/avatars.slack-edge.com\/2017-04-12\/167955862913_9ca82e45a5f5be9239e9_72.jpg",
            "first_name": "Gary",
            "real_name": "Gary Lake-Schaal",
            "display_name": "glake1",
            "team": "T3NRU3N8L",
            "name": "glake1",
            "is_restricted": false,
            "is_ultra_restricted": false
        },
        "attachments": [
            {
                "title": "ImagiNation Network Revival Project - The Sierra Help Pages",
                "title_link": "http:\/\/www.sierrahelp.com\/Misc\/INNRevival.html",
                "text": "An online tech help database for playing classic Sierra On-line games on modern computers and OSs",
                "fallback": "ImagiNation Network Revival Project - The Sierra Help Pages",
                "from_url": "http:\/\/www.sierrahelp.com\/Misc\/INNRevival.html",
                "service_icon": "http:\/\/www.sierrahelp.com\/favicon.ico",
                "service_name": "sierrahelp.com",
                "id": 1
            }
        ],
        "blocks": [
            {
                "type": "rich_text",
                "block_id": "Q1R0",
                "elements": [
                    {
                        "type": "rich_text_section",
                        "elements": [
                            {
                                "type": "text",
                                "text": "Hey "
                            },
                            {
                                "type": "user",
                                "user_id": "U9JQ2M11P"
                            },
                            {
                                "type": "text",
                                "text": ", if you're not familiar with assembly, I don't recommend trying to run the whole thing through an auto-disassembler - it will be just too large and unwieldy. You have to spend a lot of time training those tools up about what's code vs. data.  My recommendation would be to focus on debugging a running executable if possible.  Does the client actually run in DOSBox or something like that, even if it can't connect to the server?  -- is it this: "
                            },
                            {
                                "type": "link",
                                "url": "http:\/\/www.sierrahelp.com\/Misc\/INNRevival.html"
                            }
                        ]
                    }
                ]
            }
        ]
    },
    {
        "user": "U4Q8J6WLF",
        "type": "message",
        "ts": "1520644967.000028",
        "text": "What is easier is to try to find where the game is sending out the information, to the serial\/modem device and break around that.  It's possible we can find the data to send grouped together, either in a struct or contiguous in memory, or at the very least trace back the parent functions for sending data.  I think this would be faster to find the code you want rather than searching through a needle in a haystack of the entire assembly dump.",
        "team": "T3NRU3N8L",
        "user_team": "T3NRU3N8L",
        "source_team": "T3NRU3N8L",
        "user_profile": {
            "avatar_hash": "9ca82e45a5f5",
            "image_72": "https:\/\/avatars.slack-edge.com\/2017-04-12\/167955862913_9ca82e45a5f5be9239e9_72.jpg",
            "first_name": "Gary",
            "real_name": "Gary Lake-Schaal",
            "display_name": "glake1",
            "team": "T3NRU3N8L",
            "name": "glake1",
            "is_restricted": false,
            "is_ultra_restricted": false
        },
        "blocks": [
            {
                "type": "rich_text",
                "block_id": "yKs",
                "elements": [
                    {
                        "type": "rich_text_section",
                        "elements": [
                            {
                                "type": "text",
                                "text": "What is easier is to try to find where the game is sending out the information, to the serial\/modem device and break around that.  It's possible we can find the data to send grouped together, either in a struct or contiguous in memory, or at the very least trace back the parent functions for sending data.  I think this would be faster to find the code you want rather than searching through a needle in a haystack of the entire assembly dump."
                            }
                        ]
                    }
                ]
            }
        ],
        "reactions": [
            {
                "name": "+1::skin-tone-3",
                "users": [
                    "U3N3P0V89"
                ],
                "count": 1
            },
            {
                "name": "100",
                "users": [
                    "U3NS476S0"
                ],
                "count": 1
            }
        ]
    }
]