[
    {
        "text": "",
        "files": [
            {
                "id": "FC9NGFRT2",
                "created": 1534510992,
                "timestamp": 1534510992,
                "name": "image.png",
                "title": "Pasted image at 2018-08-17, 2:03 PM",
                "mimetype": "image\/png",
                "filetype": "png",
                "pretty_type": "PNG",
                "user": "U3N3P0V89",
                "user_team": "T3NRU3N8L",
                "editable": false,
                "size": 144197,
                "mode": "hosted",
                "is_external": false,
                "external_type": "",
                "is_public": true,
                "public_url_shared": false,
                "display_as_bot": false,
                "username": "",
                "url_private": "https:\/\/files.slack.com\/files-pri\/T3NRU3N8L-FC9NGFRT2\/image.png?t=xoxe-124878124292-7467719047090-7480385333457-4296bbd25a5710071a4df099b64b6f19",
                "url_private_download": "https:\/\/files.slack.com\/files-pri\/T3NRU3N8L-FC9NGFRT2\/download\/image.png?t=xoxe-124878124292-7467719047090-7480385333457-4296bbd25a5710071a4df099b64b6f19",
                "media_display_type": "unknown",
                "thumb_64": "https:\/\/files.slack.com\/files-tmb\/T3NRU3N8L-FC9NGFRT2-dbe8326f70\/image_64.png?t=xoxe-124878124292-7467719047090-7480385333457-4296bbd25a5710071a4df099b64b6f19",
                "thumb_80": "https:\/\/files.slack.com\/files-tmb\/T3NRU3N8L-FC9NGFRT2-dbe8326f70\/image_80.png?t=xoxe-124878124292-7467719047090-7480385333457-4296bbd25a5710071a4df099b64b6f19",
                "thumb_360": "https:\/\/files.slack.com\/files-tmb\/T3NRU3N8L-FC9NGFRT2-dbe8326f70\/image_360.png?t=xoxe-124878124292-7467719047090-7480385333457-4296bbd25a5710071a4df099b64b6f19",
                "thumb_360_w": 360,
                "thumb_360_h": 319,
                "thumb_480": "https:\/\/files.slack.com\/files-tmb\/T3NRU3N8L-FC9NGFRT2-dbe8326f70\/image_480.png?t=xoxe-124878124292-7467719047090-7480385333457-4296bbd25a5710071a4df099b64b6f19",
                "thumb_480_w": 480,
                "thumb_480_h": 425,
                "thumb_160": "https:\/\/files.slack.com\/files-tmb\/T3NRU3N8L-FC9NGFRT2-dbe8326f70\/image_160.png?t=xoxe-124878124292-7467719047090-7480385333457-4296bbd25a5710071a4df099b64b6f19",
                "thumb_720": "https:\/\/files.slack.com\/files-tmb\/T3NRU3N8L-FC9NGFRT2-dbe8326f70\/image_720.png?t=xoxe-124878124292-7467719047090-7480385333457-4296bbd25a5710071a4df099b64b6f19",
                "thumb_720_w": 720,
                "thumb_720_h": 637,
                "image_exif_rotation": 1,
                "original_w": 721,
                "original_h": 638,
                "permalink": "https:\/\/neohabitat.slack.com\/files\/U3N3P0V89\/FC9NGFRT2\/image.png",
                "permalink_public": "https:\/\/slack-files.com\/T3NRU3N8L-FC9NGFRT2-10ce0a03e1",
                "is_starred": false,
                "has_rich_preview": false,
                "file_access": "visible"
            }
        ],
        "upload": true,
        "user": "U3N3P0V89",
        "display_as_bot": false,
        "type": "message",
        "ts": "1534510994.000100"
    },
    {
        "user": "U3N3P0V89",
        "type": "message",
        "ts": "1534511002.000100",
        "client_msg_id": "52d55508-3a6c-4519-8c35-ace536e4711a",
        "text": "Got a nice review of the docent!",
        "team": "T3NRU3N8L",
        "user_team": "T3NRU3N8L",
        "source_team": "T3NRU3N8L",
        "user_profile": {
            "avatar_hash": "6dcfc9e0d4c7",
            "image_72": "https:\/\/avatars.slack-edge.com\/2017-06-07\/195047001686_6dcfc9e0d4c71e750732_72.png",
            "first_name": "Stu",
            "real_name": "Stu",
            "display_name": "stu",
            "team": "T3NRU3N8L",
            "name": "stu",
            "is_restricted": false,
            "is_ultra_restricted": false
        },
        "blocks": [
            {
                "type": "rich_text",
                "block_id": "=LY",
                "elements": [
                    {
                        "type": "rich_text_section",
                        "elements": [
                            {
                                "type": "text",
                                "text": "Got a nice review of the docent!"
                            }
                        ]
                    }
                ]
            }
        ]
    },
    {
        "subtype": "channel_join",
        "user": "UCAM00P45",
        "text": "<@UCAM00P45> has joined the channel",
        "type": "message",
        "ts": "1534518276.000200"
    },
    {
        "user": "U6QTDTBDY",
        "type": "message",
        "ts": "1534574998.000100",
        "client_msg_id": "4a950107-6c71-4203-a917-f75e1272b260",
        "text": "<@U3N3P0V89>: Where is this place? It looks like a roof? I have not found this place yet.",
        "team": "T3NRU3N8L",
        "user_team": "T3NRU3N8L",
        "source_team": "T3NRU3N8L",
        "user_profile": {
            "avatar_hash": "g72a699bacb8",
            "image_72": "https:\/\/secure.gravatar.com\/avatar\/572a699bacb8771e1079e4c9a9f6a363.jpg?s=72&d=https%3A%2F%2Fa.slack-edge.com%2Fdf10d%2Fimg%2Favatars%2Fava_0026-72.png",
            "first_name": "L",
            "real_name": "L H",
            "display_name": "pl",
            "team": "T3NRU3N8L",
            "name": "pl",
            "is_restricted": false,
            "is_ultra_restricted": false
        },
        "blocks": [
            {
                "type": "rich_text",
                "block_id": "R7LL",
                "elements": [
                    {
                        "type": "rich_text_section",
                        "elements": [
                            {
                                "type": "user",
                                "user_id": "U3N3P0V89"
                            },
                            {
                                "type": "text",
                                "text": ": Where is this place? It looks like a roof? I have not found this place yet."
                            }
                        ]
                    }
                ]
            }
        ]
    }
]