[
    {
        "user": "U3PF5D3GF",
        "type": "message",
        "ts": "1520879824.000708",
        "text": "oh god, who's running Habitat through IDA?",
        "team": "T3NRU3N8L",
        "user_team": "T3NRU3N8L",
        "source_team": "T3NRU3N8L",
        "user_profile": {
            "avatar_hash": "bf087bcc3759",
            "image_72": "https:\/\/avatars.slack-edge.com\/2017-01-09\/125150045459_bf087bcc375906f87bfd_72.jpg",
            "first_name": "Alex",
            "real_name": "Alex Handy",
            "display_name": "vonguard",
            "team": "T3NRU3N8L",
            "name": "vonguard",
            "is_restricted": false,
            "is_ultra_restricted": false
        },
        "blocks": [
            {
                "type": "rich_text",
                "block_id": "yfwk0",
                "elements": [
                    {
                        "type": "rich_text_section",
                        "elements": [
                            {
                                "type": "text",
                                "text": "oh god, who's running Habitat through IDA?"
                            }
                        ]
                    }
                ]
            }
        ]
    },
    {
        "user": "U3PF5D3GF",
        "type": "message",
        "ts": "1520879831.000119",
        "text": "IDA is WAAAAAYYY newer than Habitat",
        "team": "T3NRU3N8L",
        "user_team": "T3NRU3N8L",
        "source_team": "T3NRU3N8L",
        "user_profile": {
            "avatar_hash": "bf087bcc3759",
            "image_72": "https:\/\/avatars.slack-edge.com\/2017-01-09\/125150045459_bf087bcc375906f87bfd_72.jpg",
            "first_name": "Alex",
            "real_name": "Alex Handy",
            "display_name": "vonguard",
            "team": "T3NRU3N8L",
            "name": "vonguard",
            "is_restricted": false,
            "is_ultra_restricted": false
        },
        "blocks": [
            {
                "type": "rich_text",
                "block_id": "vl95y",
                "elements": [
                    {
                        "type": "rich_text_section",
                        "elements": [
                            {
                                "type": "text",
                                "text": "IDA is WAAAAAYYY newer than Habitat"
                            }
                        ]
                    }
                ]
            }
        ]
    },
    {
        "user": "U3NS4Q413",
        "type": "message",
        "ts": "1520880170.000450",
        "text": "What?",
        "team": "T3NRU3N8L",
        "user_team": "T3NRU3N8L",
        "source_team": "T3NRU3N8L",
        "user_profile": {
            "avatar_hash": "9a824257f5f9",
            "image_72": "https:\/\/avatars.slack-edge.com\/2017-06-19\/200099674645_9a824257f5f9fea53c25_72.png",
            "first_name": "Randy",
            "real_name": "Randy Farmer",
            "display_name": "randy",
            "team": "T3NRU3N8L",
            "name": "randy",
            "is_restricted": false,
            "is_ultra_restricted": false
        },
        "blocks": [
            {
                "type": "rich_text",
                "block_id": "Z4wM",
                "elements": [
                    {
                        "type": "rich_text_section",
                        "elements": [
                            {
                                "type": "text",
                                "text": "What?"
                            }
                        ]
                    }
                ]
            }
        ]
    },
    {
        "user": "U3NS476S0",
        "type": "message",
        "ts": "1520883345.000274",
        "client_msg_id": "2581D2EF-3621-4680-A44A-9519CB292258",
        "text": "This was someone asking about reversing the network client for Sierra Online ",
        "team": "T3NRU3N8L",
        "user_team": "T3NRU3N8L",
        "source_team": "T3NRU3N8L",
        "user_profile": {
            "avatar_hash": "7d8938fafcab",
            "image_72": "https:\/\/avatars.slack-edge.com\/2018-02-10\/313231218068_7d8938fafcabedc7aa5e_72.png",
            "first_name": "Kate",
            "real_name": "Kate Lawson",
            "display_name": "k8z",
            "team": "T3NRU3N8L",
            "name": "n8",
            "is_restricted": false,
            "is_ultra_restricted": false
        },
        "blocks": [
            {
                "type": "rich_text",
                "block_id": "=d1P",
                "elements": [
                    {
                        "type": "rich_text_section",
                        "elements": [
                            {
                                "type": "text",
                                "text": "This was someone asking about reversing the network client for Sierra Online"
                            }
                        ]
                    }
                ]
            }
        ]
    },
    {
        "user": "U3NS476S0",
        "type": "message",
        "ts": "1520883360.000360",
        "client_msg_id": "9BBCFA9F-9945-4BD3-99D0-045B316BA922",
        "text": "In order to create a service like Neohabitat ",
        "team": "T3NRU3N8L",
        "user_team": "T3NRU3N8L",
        "source_team": "T3NRU3N8L",
        "user_profile": {
            "avatar_hash": "7d8938fafcab",
            "image_72": "https:\/\/avatars.slack-edge.com\/2018-02-10\/313231218068_7d8938fafcabedc7aa5e_72.png",
            "first_name": "Kate",
            "real_name": "Kate Lawson",
            "display_name": "k8z",
            "team": "T3NRU3N8L",
            "name": "n8",
            "is_restricted": false,
            "is_ultra_restricted": false
        },
        "blocks": [
            {
                "type": "rich_text",
                "block_id": "A7DM",
                "elements": [
                    {
                        "type": "rich_text_section",
                        "elements": [
                            {
                                "type": "text",
                                "text": "In order to create a service like Neohabitat"
                            }
                        ]
                    }
                ]
            }
        ]
    }
]