[
    {
        "user": "U3N3P0V89",
        "type": "message",
        "ts": "1534591768.000100",
        "client_msg_id": "A39E7FC0-6F4A-44AC-B35F-B7BD139108D5",
        "text": "It’s the roof of the popustop <@U6QTDTBDY> . If you go to the Popustop Lobby, take the elevator to floor 11. Go through the door to the stairs area and go right. You’ll be in this region :grinning: if you watch <@U3NSHCBNH> ‘s video from Habitat in the summer of 1988 you can see a bunch of avatars going to explore the roof for the first time too (just google digibarn habitat and it should be the first video)",
        "team": "T3NRU3N8L",
        "user_team": "T3NRU3N8L",
        "source_team": "T3NRU3N8L",
        "user_profile": {
            "avatar_hash": "6dcfc9e0d4c7",
            "image_72": "https:\/\/avatars.slack-edge.com\/2017-06-07\/195047001686_6dcfc9e0d4c71e750732_72.png",
            "first_name": "Stu",
            "real_name": "Stu",
            "display_name": "stu",
            "team": "T3NRU3N8L",
            "name": "stu",
            "is_restricted": false,
            "is_ultra_restricted": false
        },
        "blocks": [
            {
                "type": "rich_text",
                "block_id": "Zzhn",
                "elements": [
                    {
                        "type": "rich_text_section",
                        "elements": [
                            {
                                "type": "text",
                                "text": "It’s the roof of the popustop "
                            },
                            {
                                "type": "user",
                                "user_id": "U6QTDTBDY"
                            },
                            {
                                "type": "text",
                                "text": " . If you go to the Popustop Lobby, take the elevator to floor 11. Go through the door to the stairs area and go right. You’ll be in this region "
                            },
                            {
                                "type": "emoji",
                                "name": "grinning",
                                "unicode": "1f600"
                            },
                            {
                                "type": "text",
                                "text": " if you watch "
                            },
                            {
                                "type": "user",
                                "user_id": "U3NSHCBNH"
                            },
                            {
                                "type": "text",
                                "text": " ‘s video from Habitat in the summer of 1988 you can see a bunch of avatars going to explore the roof for the first time too (just google digibarn habitat and it should be the first video)"
                            }
                        ]
                    }
                ]
            }
        ]
    }
]