[
    {
        "user": "U40A3G4QM",
        "type": "message",
        "ts": "1521218689.000334",
        "text": "I didn't know you and Pogo had a podcast. Subscribed just now.",
        "team": "T3NRU3N8L",
        "user_team": "T3NRU3N8L",
        "source_team": "T3NRU3N8L",
        "user_profile": {
            "avatar_hash": "g21c91d033ec",
            "image_72": "https:\/\/secure.gravatar.com\/avatar\/a21c91d033ec956f06feb12bdbb6a5a1.jpg?s=72&d=https%3A%2F%2Fa.slack-edge.com%2Fdf10d%2Fimg%2Favatars%2Fava_0008-72.png",
            "first_name": "David",
            "real_name": "David McIntyre",
            "display_name": "davidm",
            "team": "T3NRU3N8L",
            "name": "davidm",
            "is_restricted": false,
            "is_ultra_restricted": false
        },
        "blocks": [
            {
                "type": "rich_text",
                "block_id": "mLh1",
                "elements": [
                    {
                        "type": "rich_text_section",
                        "elements": [
                            {
                                "type": "text",
                                "text": "I didn't know you and Pogo had a podcast. Subscribed just now."
                            }
                        ]
                    }
                ]
            }
        ]
    },
    {
        "user": "U3NS4Q413",
        "type": "message",
        "ts": "1521218864.000344",
        "text": "Yup.",
        "team": "T3NRU3N8L",
        "user_team": "T3NRU3N8L",
        "source_team": "T3NRU3N8L",
        "user_profile": {
            "avatar_hash": "9a824257f5f9",
            "image_72": "https:\/\/avatars.slack-edge.com\/2017-06-19\/200099674645_9a824257f5f9fea53c25_72.png",
            "first_name": "Randy",
            "real_name": "Randy Farmer",
            "display_name": "randy",
            "team": "T3NRU3N8L",
            "name": "randy",
            "is_restricted": false,
            "is_ultra_restricted": false
        },
        "blocks": [
            {
                "type": "rich_text",
                "block_id": "oFb",
                "elements": [
                    {
                        "type": "rich_text_section",
                        "elements": [
                            {
                                "type": "text",
                                "text": "Yup."
                            }
                        ]
                    }
                ]
            }
        ]
    },
    {
        "user": "U3NS4Q413",
        "type": "message",
        "ts": "1521218887.000559",
        "text": "Hope you enjoy. They are all short - that's a key feature. But that means some of them are DENSE.",
        "team": "T3NRU3N8L",
        "user_team": "T3NRU3N8L",
        "source_team": "T3NRU3N8L",
        "user_profile": {
            "avatar_hash": "9a824257f5f9",
            "image_72": "https:\/\/avatars.slack-edge.com\/2017-06-19\/200099674645_9a824257f5f9fea53c25_72.png",
            "first_name": "Randy",
            "real_name": "Randy Farmer",
            "display_name": "randy",
            "team": "T3NRU3N8L",
            "name": "randy",
            "is_restricted": false,
            "is_ultra_restricted": false
        },
        "blocks": [
            {
                "type": "rich_text",
                "block_id": "yRUVt",
                "elements": [
                    {
                        "type": "rich_text_section",
                        "elements": [
                            {
                                "type": "text",
                                "text": "Hope you enjoy. They are all short - that's a key feature. But that means some of them are DENSE."
                            }
                        ]
                    }
                ]
            }
        ]
    },
    {
        "user": "U40A3G4QM",
        "type": "message",
        "ts": "1521224022.000528",
        "text": "Yeah, I appreciate the 15 minute self-imposed limit. I also playback at 1.25-1.5x depending on how clearly people speak, so a dense podcast packs a lot of info into a really short time.",
        "team": "T3NRU3N8L",
        "user_team": "T3NRU3N8L",
        "source_team": "T3NRU3N8L",
        "user_profile": {
            "avatar_hash": "g21c91d033ec",
            "image_72": "https:\/\/secure.gravatar.com\/avatar\/a21c91d033ec956f06feb12bdbb6a5a1.jpg?s=72&d=https%3A%2F%2Fa.slack-edge.com%2Fdf10d%2Fimg%2Favatars%2Fava_0008-72.png",
            "first_name": "David",
            "real_name": "David McIntyre",
            "display_name": "davidm",
            "team": "T3NRU3N8L",
            "name": "davidm",
            "is_restricted": false,
            "is_ultra_restricted": false
        },
        "blocks": [
            {
                "type": "rich_text",
                "block_id": "KeS",
                "elements": [
                    {
                        "type": "rich_text_section",
                        "elements": [
                            {
                                "type": "text",
                                "text": "Yeah, I appreciate the 15 minute self-imposed limit. I also playback at 1.25-1.5x depending on how clearly people speak, so a dense podcast packs a lot of info into a really short time."
                            }
                        ]
                    }
                ]
            }
        ]
    }
]