[
    {
        "subtype": "channel_join",
        "user": "U9DF0SUNS",
        "text": "<@U9DF0SUNS> has joined the channel",
        "type": "message",
        "ts": "1519235417.000484"
    },
    {
        "user": "U3N3P0V89",
        "type": "message",
        "ts": "1519258196.000038",
        "text": "<http:\/\/pixelatorapp.com>",
        "team": "T3NRU3N8L",
        "user_team": "T3NRU3N8L",
        "source_team": "T3NRU3N8L",
        "user_profile": {
            "avatar_hash": "6dcfc9e0d4c7",
            "image_72": "https:\/\/avatars.slack-edge.com\/2017-06-07\/195047001686_6dcfc9e0d4c71e750732_72.png",
            "first_name": "Stu",
            "real_name": "Stu",
            "display_name": "stu",
            "team": "T3NRU3N8L",
            "name": "stu",
            "is_restricted": false,
            "is_ultra_restricted": false
        },
        "attachments": [
            {
                "title": "Pixelator",
                "title_link": "http:\/\/pixelatorapp.com",
                "text": "Convert any picture into pixel-art sprites!",
                "fallback": "Pixelator",
                "from_url": "http:\/\/pixelatorapp.com",
                "service_icon": "http:\/\/pixelatorapp.com\/img\/favicon.ico",
                "service_name": "pixelatorapp.com",
                "id": 1
            }
        ],
        "blocks": [
            {
                "type": "rich_text",
                "block_id": "3fZQ",
                "elements": [
                    {
                        "type": "rich_text_section",
                        "elements": [
                            {
                                "type": "link",
                                "url": "http:\/\/pixelatorapp.com"
                            }
                        ]
                    }
                ]
            }
        ]
    },
    {
        "user": "U3N3P0V89",
        "type": "message",
        "ts": "1519258225.000256",
        "text": "it's not perfect but some of the samples actually look pretty decent!",
        "team": "T3NRU3N8L",
        "user_team": "T3NRU3N8L",
        "source_team": "T3NRU3N8L",
        "user_profile": {
            "avatar_hash": "6dcfc9e0d4c7",
            "image_72": "https:\/\/avatars.slack-edge.com\/2017-06-07\/195047001686_6dcfc9e0d4c71e750732_72.png",
            "first_name": "Stu",
            "real_name": "Stu",
            "display_name": "stu",
            "team": "T3NRU3N8L",
            "name": "stu",
            "is_restricted": false,
            "is_ultra_restricted": false
        },
        "blocks": [
            {
                "type": "rich_text",
                "block_id": "9=ctk",
                "elements": [
                    {
                        "type": "rich_text_section",
                        "elements": [
                            {
                                "type": "text",
                                "text": "it's not perfect but some of the samples actually look pretty decent!"
                            }
                        ]
                    }
                ]
            }
        ]
    },
    {
        "user": "U9AAG29UZ",
        "type": "message",
        "ts": "1519258676.000269",
        "edited": {
            "user": "U9AAG29UZ",
            "ts": "1519258681.000000"
        },
        "text": "oh wow. those examples are actually impressive.",
        "team": "T3NRU3N8L",
        "user_team": "T3NRU3N8L",
        "source_team": "T3NRU3N8L",
        "user_profile": {
            "avatar_hash": "gb17af066585",
            "image_72": "https:\/\/secure.gravatar.com\/avatar\/cb17af0665852e16d3b62c0a64a9da39.jpg?s=72&d=https%3A%2F%2Fa.slack-edge.com%2Fdf10d%2Fimg%2Favatars%2Fava_0009-72.png",
            "first_name": "",
            "real_name": "mold",
            "display_name": "mold",
            "team": "T3NRU3N8L",
            "name": "musicalmaxwell",
            "is_restricted": false,
            "is_ultra_restricted": false
        },
        "blocks": [
            {
                "type": "rich_text",
                "block_id": "UQB",
                "elements": [
                    {
                        "type": "rich_text_section",
                        "elements": [
                            {
                                "type": "text",
                                "text": "oh wow. those examples are actually impressive."
                            }
                        ]
                    }
                ]
            }
        ]
    },
    {
        "user": "U9AAG29UZ",
        "type": "message",
        "ts": "1519258698.000280",
        "text": "this one is my fave: <http:\/\/pixelatorapp.com\/img\/exm2.png>",
        "team": "T3NRU3N8L",
        "user_team": "T3NRU3N8L",
        "source_team": "T3NRU3N8L",
        "user_profile": {
            "avatar_hash": "gb17af066585",
            "image_72": "https:\/\/secure.gravatar.com\/avatar\/cb17af0665852e16d3b62c0a64a9da39.jpg?s=72&d=https%3A%2F%2Fa.slack-edge.com%2Fdf10d%2Fimg%2Favatars%2Fava_0009-72.png",
            "first_name": "",
            "real_name": "mold",
            "display_name": "mold",
            "team": "T3NRU3N8L",
            "name": "musicalmaxwell",
            "is_restricted": false,
            "is_ultra_restricted": false
        },
        "attachments": [
            {
                "fallback": "800x512px image",
                "image_url": "http:\/\/pixelatorapp.com\/img\/exm2.png",
                "image_width": 800,
                "image_height": 512,
                "image_bytes": 149311,
                "from_url": "http:\/\/pixelatorapp.com\/img\/exm2.png",
                "id": 1
            }
        ],
        "blocks": [
            {
                "type": "rich_text",
                "block_id": "fq\/",
                "elements": [
                    {
                        "type": "rich_text_section",
                        "elements": [
                            {
                                "type": "text",
                                "text": "this one is my fave: "
                            },
                            {
                                "type": "link",
                                "url": "http:\/\/pixelatorapp.com\/img\/exm2.png"
                            }
                        ]
                    }
                ]
            }
        ]
    },
    {
        "user": "U9AAG29UZ",
        "type": "message",
        "ts": "1519258756.000246",
        "text": "\" When Pixelator first installs it has no license and is not suitable for commercial projects. In addition, it will add a watermark.\"",
        "team": "T3NRU3N8L",
        "user_team": "T3NRU3N8L",
        "source_team": "T3NRU3N8L",
        "user_profile": {
            "avatar_hash": "gb17af066585",
            "image_72": "https:\/\/secure.gravatar.com\/avatar\/cb17af0665852e16d3b62c0a64a9da39.jpg?s=72&d=https%3A%2F%2Fa.slack-edge.com%2Fdf10d%2Fimg%2Favatars%2Fava_0009-72.png",
            "first_name": "",
            "real_name": "mold",
            "display_name": "mold",
            "team": "T3NRU3N8L",
            "name": "musicalmaxwell",
            "is_restricted": false,
            "is_ultra_restricted": false
        },
        "blocks": [
            {
                "type": "rich_text",
                "block_id": "L1zuM",
                "elements": [
                    {
                        "type": "rich_text_section",
                        "elements": [
                            {
                                "type": "text",
                                "text": "\" When Pixelator first installs it has no license and is not suitable for commercial projects. In addition, it will add a watermark.\""
                            }
                        ]
                    }
                ]
            }
        ]
    },
    {
        "user": "U9AAG29UZ",
        "type": "message",
        "ts": "1519258757.000337",
        "text": "UGH",
        "team": "T3NRU3N8L",
        "user_team": "T3NRU3N8L",
        "source_team": "T3NRU3N8L",
        "user_profile": {
            "avatar_hash": "gb17af066585",
            "image_72": "https:\/\/secure.gravatar.com\/avatar\/cb17af0665852e16d3b62c0a64a9da39.jpg?s=72&d=https%3A%2F%2Fa.slack-edge.com%2Fdf10d%2Fimg%2Favatars%2Fava_0009-72.png",
            "first_name": "",
            "real_name": "mold",
            "display_name": "mold",
            "team": "T3NRU3N8L",
            "name": "musicalmaxwell",
            "is_restricted": false,
            "is_ultra_restricted": false
        },
        "blocks": [
            {
                "type": "rich_text",
                "block_id": "vH01",
                "elements": [
                    {
                        "type": "rich_text_section",
                        "elements": [
                            {
                                "type": "text",
                                "text": "UGH"
                            }
                        ]
                    }
                ]
            }
        ]
    },
    {
        "user": "U9AAG29UZ",
        "type": "message",
        "ts": "1519258862.000233",
        "text": "(mainly at the watermark -- not at the creative commons, of course)",
        "team": "T3NRU3N8L",
        "user_team": "T3NRU3N8L",
        "source_team": "T3NRU3N8L",
        "user_profile": {
            "avatar_hash": "gb17af066585",
            "image_72": "https:\/\/secure.gravatar.com\/avatar\/cb17af0665852e16d3b62c0a64a9da39.jpg?s=72&d=https%3A%2F%2Fa.slack-edge.com%2Fdf10d%2Fimg%2Favatars%2Fava_0009-72.png",
            "first_name": "",
            "real_name": "mold",
            "display_name": "mold",
            "team": "T3NRU3N8L",
            "name": "musicalmaxwell",
            "is_restricted": false,
            "is_ultra_restricted": false
        },
        "blocks": [
            {
                "type": "rich_text",
                "block_id": "+6Gv",
                "elements": [
                    {
                        "type": "rich_text_section",
                        "elements": [
                            {
                                "type": "text",
                                "text": "(mainly at the watermark -- not at the creative commons, of course)"
                            }
                        ]
                    }
                ]
            }
        ]
    },
    {
        "user": "U9AAJMYGZ",
        "type": "message",
        "ts": "1519258919.000289",
        "text": "Personal license removes the watermark,",
        "team": "T3NRU3N8L",
        "user_team": "T3NRU3N8L",
        "source_team": "T3NRU3N8L",
        "user_profile": {
            "avatar_hash": "gaf4a8d338df",
            "image_72": "https:\/\/secure.gravatar.com\/avatar\/5af4a8d338df27a0e4237fc8b4d06cd7.jpg?s=72&d=https%3A%2F%2Fa.slack-edge.com%2Fdf10d%2Fimg%2Favatars%2Fava_0000-72.png",
            "first_name": "Stephen",
            "real_name": "Stephen",
            "display_name": "illfx",
            "team": "T3NRU3N8L",
            "name": "ienjoicoding",
            "is_restricted": false,
            "is_ultra_restricted": false
        },
        "blocks": [
            {
                "type": "rich_text",
                "block_id": "0UXC",
                "elements": [
                    {
                        "type": "rich_text_section",
                        "elements": [
                            {
                                "type": "text",
                                "text": "Personal license removes the watermark,"
                            }
                        ]
                    }
                ]
            }
        ]
    },
    {
        "user": "U9AAG29UZ",
        "type": "message",
        "ts": "1519258956.000046",
        "text": "hahah... oh, okay. that's what I get for not reading :stuck_out_tongue:",
        "team": "T3NRU3N8L",
        "user_team": "T3NRU3N8L",
        "source_team": "T3NRU3N8L",
        "user_profile": {
            "avatar_hash": "gb17af066585",
            "image_72": "https:\/\/secure.gravatar.com\/avatar\/cb17af0665852e16d3b62c0a64a9da39.jpg?s=72&d=https%3A%2F%2Fa.slack-edge.com%2Fdf10d%2Fimg%2Favatars%2Fava_0009-72.png",
            "first_name": "",
            "real_name": "mold",
            "display_name": "mold",
            "team": "T3NRU3N8L",
            "name": "musicalmaxwell",
            "is_restricted": false,
            "is_ultra_restricted": false
        },
        "blocks": [
            {
                "type": "rich_text",
                "block_id": "BYPw",
                "elements": [
                    {
                        "type": "rich_text_section",
                        "elements": [
                            {
                                "type": "text",
                                "text": "hahah... oh, okay. that's what I get for not reading "
                            },
                            {
                                "type": "emoji",
                                "name": "stuck_out_tongue",
                                "unicode": "1f61b"
                            }
                        ]
                    }
                ]
            }
        ]
    },
    {
        "user": "U9AAJMYGZ",
        "type": "message",
        "ts": "1519258978.000342",
        "text": ":stuck_out_tongue:",
        "team": "T3NRU3N8L",
        "user_team": "T3NRU3N8L",
        "source_team": "T3NRU3N8L",
        "user_profile": {
            "avatar_hash": "gaf4a8d338df",
            "image_72": "https:\/\/secure.gravatar.com\/avatar\/5af4a8d338df27a0e4237fc8b4d06cd7.jpg?s=72&d=https%3A%2F%2Fa.slack-edge.com%2Fdf10d%2Fimg%2Favatars%2Fava_0000-72.png",
            "first_name": "Stephen",
            "real_name": "Stephen",
            "display_name": "illfx",
            "team": "T3NRU3N8L",
            "name": "ienjoicoding",
            "is_restricted": false,
            "is_ultra_restricted": false
        },
        "blocks": [
            {
                "type": "rich_text",
                "block_id": "Ip0qo",
                "elements": [
                    {
                        "type": "rich_text_section",
                        "elements": [
                            {
                                "type": "emoji",
                                "name": "stuck_out_tongue",
                                "unicode": "1f61b"
                            }
                        ]
                    }
                ]
            }
        ]
    },
    {
        "user": "U9AAG29UZ",
        "type": "message",
        "ts": "1519259241.000244",
        "text": "darn! only one dither option.",
        "team": "T3NRU3N8L",
        "user_team": "T3NRU3N8L",
        "source_team": "T3NRU3N8L",
        "user_profile": {
            "avatar_hash": "gb17af066585",
            "image_72": "https:\/\/secure.gravatar.com\/avatar\/cb17af0665852e16d3b62c0a64a9da39.jpg?s=72&d=https%3A%2F%2Fa.slack-edge.com%2Fdf10d%2Fimg%2Favatars%2Fava_0009-72.png",
            "first_name": "",
            "real_name": "mold",
            "display_name": "mold",
            "team": "T3NRU3N8L",
            "name": "musicalmaxwell",
            "is_restricted": false,
            "is_ultra_restricted": false
        },
        "blocks": [
            {
                "type": "rich_text",
                "block_id": "f8Bez",
                "elements": [
                    {
                        "type": "rich_text_section",
                        "elements": [
                            {
                                "type": "text",
                                "text": "darn! only one dither option."
                            }
                        ]
                    }
                ]
            }
        ]
    },
    {
        "user": "U9AAG29UZ",
        "type": "message",
        "ts": "1519259250.000001",
        "text": "I love it when you get multiple dither types....",
        "team": "T3NRU3N8L",
        "user_team": "T3NRU3N8L",
        "source_team": "T3NRU3N8L",
        "user_profile": {
            "avatar_hash": "gb17af066585",
            "image_72": "https:\/\/secure.gravatar.com\/avatar\/cb17af0665852e16d3b62c0a64a9da39.jpg?s=72&d=https%3A%2F%2Fa.slack-edge.com%2Fdf10d%2Fimg%2Favatars%2Fava_0009-72.png",
            "first_name": "",
            "real_name": "mold",
            "display_name": "mold",
            "team": "T3NRU3N8L",
            "name": "musicalmaxwell",
            "is_restricted": false,
            "is_ultra_restricted": false
        },
        "blocks": [
            {
                "type": "rich_text",
                "block_id": "0y6h",
                "elements": [
                    {
                        "type": "rich_text_section",
                        "elements": [
                            {
                                "type": "text",
                                "text": "I love it when you get multiple dither types...."
                            }
                        ]
                    }
                ]
            }
        ]
    },
    {
        "user": "U3N3P0V89",
        "type": "message",
        "ts": "1519259254.000261",
        "edited": {
            "user": "U3N3P0V89",
            "ts": "1519259742.000000"
        },
        "text": "you can obtain a personal license for free, just click help &gt; license and it'll take you to the site. it'll generate one for you that you can drop in your Pixelator install folder",
        "team": "T3NRU3N8L",
        "user_team": "T3NRU3N8L",
        "source_team": "T3NRU3N8L",
        "user_profile": {
            "avatar_hash": "6dcfc9e0d4c7",
            "image_72": "https:\/\/avatars.slack-edge.com\/2017-06-07\/195047001686_6dcfc9e0d4c71e750732_72.png",
            "first_name": "Stu",
            "real_name": "Stu",
            "display_name": "stu",
            "team": "T3NRU3N8L",
            "name": "stu",
            "is_restricted": false,
            "is_ultra_restricted": false
        },
        "blocks": [
            {
                "type": "rich_text",
                "block_id": "t+n0q",
                "elements": [
                    {
                        "type": "rich_text_section",
                        "elements": [
                            {
                                "type": "text",
                                "text": "you can obtain a personal license for free, just click help > license and it'll take you to the site. it'll generate one for you that you can drop in your Pixelator install folder"
                            }
                        ]
                    }
                ]
            }
        ]
    },
    {
        "user": "U9AAG29UZ",
        "type": "message",
        "ts": "1519259755.000331",
        "text": "Hmm, unfortunately it doesn't allow for setting a custom palette. bummer.",
        "team": "T3NRU3N8L",
        "user_team": "T3NRU3N8L",
        "source_team": "T3NRU3N8L",
        "user_profile": {
            "avatar_hash": "gb17af066585",
            "image_72": "https:\/\/secure.gravatar.com\/avatar\/cb17af0665852e16d3b62c0a64a9da39.jpg?s=72&d=https%3A%2F%2Fa.slack-edge.com%2Fdf10d%2Fimg%2Favatars%2Fava_0009-72.png",
            "first_name": "",
            "real_name": "mold",
            "display_name": "mold",
            "team": "T3NRU3N8L",
            "name": "musicalmaxwell",
            "is_restricted": false,
            "is_ultra_restricted": false
        },
        "blocks": [
            {
                "type": "rich_text",
                "block_id": "EZHR",
                "elements": [
                    {
                        "type": "rich_text_section",
                        "elements": [
                            {
                                "type": "text",
                                "text": "Hmm, unfortunately it doesn't allow for setting a custom palette. bummer."
                            }
                        ]
                    }
                ]
            }
        ]
    },
    {
        "user": "U3N3P0V89",
        "type": "message",
        "ts": "1519259768.000140",
        "text": "that would be kind of awesome",
        "team": "T3NRU3N8L",
        "user_team": "T3NRU3N8L",
        "source_team": "T3NRU3N8L",
        "user_profile": {
            "avatar_hash": "6dcfc9e0d4c7",
            "image_72": "https:\/\/avatars.slack-edge.com\/2017-06-07\/195047001686_6dcfc9e0d4c71e750732_72.png",
            "first_name": "Stu",
            "real_name": "Stu",
            "display_name": "stu",
            "team": "T3NRU3N8L",
            "name": "stu",
            "is_restricted": false,
            "is_ultra_restricted": false
        },
        "blocks": [
            {
                "type": "rich_text",
                "block_id": "7iM",
                "elements": [
                    {
                        "type": "rich_text_section",
                        "elements": [
                            {
                                "type": "text",
                                "text": "that would be kind of awesome"
                            }
                        ]
                    }
                ]
            }
        ]
    },
    {
        "user": "U9AAG29UZ",
        "type": "message",
        "ts": "1519260410.000140",
        "text": "I sent the program author some suggestions... hahaha",
        "team": "T3NRU3N8L",
        "user_team": "T3NRU3N8L",
        "source_team": "T3NRU3N8L",
        "user_profile": {
            "avatar_hash": "gb17af066585",
            "image_72": "https:\/\/secure.gravatar.com\/avatar\/cb17af0665852e16d3b62c0a64a9da39.jpg?s=72&d=https%3A%2F%2Fa.slack-edge.com%2Fdf10d%2Fimg%2Favatars%2Fava_0009-72.png",
            "first_name": "",
            "real_name": "mold",
            "display_name": "mold",
            "team": "T3NRU3N8L",
            "name": "musicalmaxwell",
            "is_restricted": false,
            "is_ultra_restricted": false
        },
        "blocks": [
            {
                "type": "rich_text",
                "block_id": "e2ERn",
                "elements": [
                    {
                        "type": "rich_text_section",
                        "elements": [
                            {
                                "type": "text",
                                "text": "I sent the program author some suggestions... hahaha"
                            }
                        ]
                    }
                ]
            }
        ],
        "reactions": [
            {
                "name": "smile",
                "users": [
                    "U3N3P0V89"
                ],
                "count": 1
            }
        ]
    },
    {
        "user": "U9AAG29UZ",
        "type": "message",
        "ts": "1519260546.000158",
        "text": "I'm not at all shy when giving critique on a program\/script\/art, but as soon as it comes for asking suggestions myself... oh dear.",
        "team": "T3NRU3N8L",
        "user_team": "T3NRU3N8L",
        "source_team": "T3NRU3N8L",
        "user_profile": {
            "avatar_hash": "gb17af066585",
            "image_72": "https:\/\/secure.gravatar.com\/avatar\/cb17af0665852e16d3b62c0a64a9da39.jpg?s=72&d=https%3A%2F%2Fa.slack-edge.com%2Fdf10d%2Fimg%2Favatars%2Fava_0009-72.png",
            "first_name": "",
            "real_name": "mold",
            "display_name": "mold",
            "team": "T3NRU3N8L",
            "name": "musicalmaxwell",
            "is_restricted": false,
            "is_ultra_restricted": false
        },
        "blocks": [
            {
                "type": "rich_text",
                "block_id": "sa26o",
                "elements": [
                    {
                        "type": "rich_text_section",
                        "elements": [
                            {
                                "type": "text",
                                "text": "I'm not at all shy when giving critique on a program\/script\/art, but as soon as it comes for asking suggestions myself... oh dear."
                            }
                        ]
                    }
                ]
            }
        ]
    },
    {
        "user": "U9AAJMYGZ",
        "type": "message",
        "ts": "1519264107.000108",
        "text": "you might be able to use <https:\/\/www.imagemagick.org\/script\/index.php> to remap to a custom palette",
        "team": "T3NRU3N8L",
        "user_team": "T3NRU3N8L",
        "source_team": "T3NRU3N8L",
        "user_profile": {
            "avatar_hash": "gaf4a8d338df",
            "image_72": "https:\/\/secure.gravatar.com\/avatar\/5af4a8d338df27a0e4237fc8b4d06cd7.jpg?s=72&d=https%3A%2F%2Fa.slack-edge.com%2Fdf10d%2Fimg%2Favatars%2Fava_0000-72.png",
            "first_name": "Stephen",
            "real_name": "Stephen",
            "display_name": "illfx",
            "team": "T3NRU3N8L",
            "name": "ienjoicoding",
            "is_restricted": false,
            "is_ultra_restricted": false
        },
        "attachments": [
            {
                "title": "Convert, Edit, Or Compose Bitmap Images @ ImageMagick",
                "title_link": "https:\/\/www.imagemagick.org\/script\/index.php",
                "text": "ImageMagick® is a software suite to create, edit, compose, or convert bitmap images. It can read and write images in a variety of formats (over 200) including PNG, JPEG, JPEG-2000, GIF, WebP, Postscript, PDF, and SVG. Use ImageMagick to resize, flip, mirror, rotate, distort, shear and transform images, adjust image colors, apply various special effects, or draw text, lines, polygons, ellipses and Bézier curves.",
                "fallback": "Convert, Edit, Or Compose Bitmap Images @ ImageMagick",
                "from_url": "https:\/\/www.imagemagick.org\/script\/index.php",
                "service_icon": "https:\/\/www.imagemagick.org\/favicon.ico",
                "service_name": "ImageMagick",
                "id": 1
            }
        ],
        "blocks": [
            {
                "type": "rich_text",
                "block_id": "nWJ",
                "elements": [
                    {
                        "type": "rich_text_section",
                        "elements": [
                            {
                                "type": "text",
                                "text": "you might be able to use "
                            },
                            {
                                "type": "link",
                                "url": "https:\/\/www.imagemagick.org\/script\/index.php"
                            },
                            {
                                "type": "text",
                                "text": " to remap to a custom palette"
                            }
                        ]
                    }
                ]
            }
        ]
    },
    {
        "user": "U9AAJMYGZ",
        "type": "message",
        "ts": "1519264323.000074",
        "text": "definitely not perfect from experience",
        "team": "T3NRU3N8L",
        "user_team": "T3NRU3N8L",
        "source_team": "T3NRU3N8L",
        "user_profile": {
            "avatar_hash": "gaf4a8d338df",
            "image_72": "https:\/\/secure.gravatar.com\/avatar\/5af4a8d338df27a0e4237fc8b4d06cd7.jpg?s=72&d=https%3A%2F%2Fa.slack-edge.com%2Fdf10d%2Fimg%2Favatars%2Fava_0000-72.png",
            "first_name": "Stephen",
            "real_name": "Stephen",
            "display_name": "illfx",
            "team": "T3NRU3N8L",
            "name": "ienjoicoding",
            "is_restricted": false,
            "is_ultra_restricted": false
        },
        "blocks": [
            {
                "type": "rich_text",
                "block_id": "Gocji",
                "elements": [
                    {
                        "type": "rich_text_section",
                        "elements": [
                            {
                                "type": "text",
                                "text": "definitely not perfect from experience"
                            }
                        ]
                    }
                ]
            }
        ]
    },
    {
        "user": "U9AAG29UZ",
        "type": "message",
        "ts": "1519264863.000274",
        "text": "personally, I find that both Photoshop and GIMP have the tools needed to get an image down to a particular palette",
        "team": "T3NRU3N8L",
        "user_team": "T3NRU3N8L",
        "source_team": "T3NRU3N8L",
        "user_profile": {
            "avatar_hash": "gb17af066585",
            "image_72": "https:\/\/secure.gravatar.com\/avatar\/cb17af0665852e16d3b62c0a64a9da39.jpg?s=72&d=https%3A%2F%2Fa.slack-edge.com%2Fdf10d%2Fimg%2Favatars%2Fava_0009-72.png",
            "first_name": "",
            "real_name": "mold",
            "display_name": "mold",
            "team": "T3NRU3N8L",
            "name": "musicalmaxwell",
            "is_restricted": false,
            "is_ultra_restricted": false
        },
        "blocks": [
            {
                "type": "rich_text",
                "block_id": "2zCz",
                "elements": [
                    {
                        "type": "rich_text_section",
                        "elements": [
                            {
                                "type": "text",
                                "text": "personally, I find that both Photoshop and GIMP have the tools needed to get an image down to a particular palette"
                            }
                        ]
                    }
                ]
            }
        ]
    },
    {
        "user": "U9AAG29UZ",
        "type": "message",
        "ts": "1519264875.000069",
        "text": "then i usually throw them into a pixel editor like aseprite and go from there",
        "team": "T3NRU3N8L",
        "user_team": "T3NRU3N8L",
        "source_team": "T3NRU3N8L",
        "user_profile": {
            "avatar_hash": "gb17af066585",
            "image_72": "https:\/\/secure.gravatar.com\/avatar\/cb17af0665852e16d3b62c0a64a9da39.jpg?s=72&d=https%3A%2F%2Fa.slack-edge.com%2Fdf10d%2Fimg%2Favatars%2Fava_0009-72.png",
            "first_name": "",
            "real_name": "mold",
            "display_name": "mold",
            "team": "T3NRU3N8L",
            "name": "musicalmaxwell",
            "is_restricted": false,
            "is_ultra_restricted": false
        },
        "blocks": [
            {
                "type": "rich_text",
                "block_id": "+a9i",
                "elements": [
                    {
                        "type": "rich_text_section",
                        "elements": [
                            {
                                "type": "text",
                                "text": "then i usually throw them into a pixel editor like aseprite and go from there"
                            }
                        ]
                    }
                ]
            }
        ]
    },
    {
        "user": "U3N3P0V89",
        "type": "message",
        "ts": "1519265014.000183",
        "edited": {
            "user": "U3N3P0V89",
            "ts": "1519265023.000000"
        },
        "text": "aseprite is amazing",
        "team": "T3NRU3N8L",
        "user_team": "T3NRU3N8L",
        "source_team": "T3NRU3N8L",
        "user_profile": {
            "avatar_hash": "6dcfc9e0d4c7",
            "image_72": "https:\/\/avatars.slack-edge.com\/2017-06-07\/195047001686_6dcfc9e0d4c71e750732_72.png",
            "first_name": "Stu",
            "real_name": "Stu",
            "display_name": "stu",
            "team": "T3NRU3N8L",
            "name": "stu",
            "is_restricted": false,
            "is_ultra_restricted": false
        },
        "blocks": [
            {
                "type": "rich_text",
                "block_id": "7l84Q",
                "elements": [
                    {
                        "type": "rich_text_section",
                        "elements": [
                            {
                                "type": "text",
                                "text": "aseprite is amazing"
                            }
                        ]
                    }
                ]
            }
        ]
    },
    {
        "user": "U9AAG29UZ",
        "type": "message",
        "ts": "1519265031.000191",
        "text": "i'm starting to get pretty good with it!",
        "team": "T3NRU3N8L",
        "user_team": "T3NRU3N8L",
        "source_team": "T3NRU3N8L",
        "user_profile": {
            "avatar_hash": "gb17af066585",
            "image_72": "https:\/\/secure.gravatar.com\/avatar\/cb17af0665852e16d3b62c0a64a9da39.jpg?s=72&d=https%3A%2F%2Fa.slack-edge.com%2Fdf10d%2Fimg%2Favatars%2Fava_0009-72.png",
            "first_name": "",
            "real_name": "mold",
            "display_name": "mold",
            "team": "T3NRU3N8L",
            "name": "musicalmaxwell",
            "is_restricted": false,
            "is_ultra_restricted": false
        },
        "blocks": [
            {
                "type": "rich_text",
                "block_id": "Fyw",
                "elements": [
                    {
                        "type": "rich_text_section",
                        "elements": [
                            {
                                "type": "text",
                                "text": "i'm starting to get pretty good with it!"
                            }
                        ]
                    }
                ]
            }
        ]
    },
    {
        "user": "U9AAG29UZ",
        "type": "message",
        "ts": "1519265058.000076",
        "text": "me and a few buddies are working on a project for the Sega Master System and I'm creating the NPC sprites.",
        "team": "T3NRU3N8L",
        "user_team": "T3NRU3N8L",
        "source_team": "T3NRU3N8L",
        "user_profile": {
            "avatar_hash": "gb17af066585",
            "image_72": "https:\/\/secure.gravatar.com\/avatar\/cb17af0665852e16d3b62c0a64a9da39.jpg?s=72&d=https%3A%2F%2Fa.slack-edge.com%2Fdf10d%2Fimg%2Favatars%2Fava_0009-72.png",
            "first_name": "",
            "real_name": "mold",
            "display_name": "mold",
            "team": "T3NRU3N8L",
            "name": "musicalmaxwell",
            "is_restricted": false,
            "is_ultra_restricted": false
        },
        "blocks": [
            {
                "type": "rich_text",
                "block_id": "f=W",
                "elements": [
                    {
                        "type": "rich_text_section",
                        "elements": [
                            {
                                "type": "text",
                                "text": "me and a few buddies are working on a project for the Sega Master System and I'm creating the NPC sprites."
                            }
                        ]
                    }
                ]
            }
        ]
    },
    {
        "user": "U3N3P0V89",
        "type": "message",
        "ts": "1519265105.000082",
        "text": "nice! i'd love to see that sometime, loved the master system",
        "team": "T3NRU3N8L",
        "user_team": "T3NRU3N8L",
        "source_team": "T3NRU3N8L",
        "user_profile": {
            "avatar_hash": "6dcfc9e0d4c7",
            "image_72": "https:\/\/avatars.slack-edge.com\/2017-06-07\/195047001686_6dcfc9e0d4c71e750732_72.png",
            "first_name": "Stu",
            "real_name": "Stu",
            "display_name": "stu",
            "team": "T3NRU3N8L",
            "name": "stu",
            "is_restricted": false,
            "is_ultra_restricted": false
        },
        "blocks": [
            {
                "type": "rich_text",
                "block_id": "zxyDT",
                "elements": [
                    {
                        "type": "rich_text_section",
                        "elements": [
                            {
                                "type": "text",
                                "text": "nice! i'd love to see that sometime, loved the master system"
                            }
                        ]
                    }
                ]
            }
        ]
    },
    {
        "user": "U9AAG29UZ",
        "type": "message",
        "ts": "1519265141.000252",
        "text": "Sure! It's just in the starting stages of actual production, so it might be a while before we have any sort of demo. It's still pretty \"under wraps\" at the time of speaking :slightly_smiling_face:",
        "team": "T3NRU3N8L",
        "user_team": "T3NRU3N8L",
        "source_team": "T3NRU3N8L",
        "user_profile": {
            "avatar_hash": "gb17af066585",
            "image_72": "https:\/\/secure.gravatar.com\/avatar\/cb17af0665852e16d3b62c0a64a9da39.jpg?s=72&d=https%3A%2F%2Fa.slack-edge.com%2Fdf10d%2Fimg%2Favatars%2Fava_0009-72.png",
            "first_name": "",
            "real_name": "mold",
            "display_name": "mold",
            "team": "T3NRU3N8L",
            "name": "musicalmaxwell",
            "is_restricted": false,
            "is_ultra_restricted": false
        },
        "blocks": [
            {
                "type": "rich_text",
                "block_id": "rNAFA",
                "elements": [
                    {
                        "type": "rich_text_section",
                        "elements": [
                            {
                                "type": "text",
                                "text": "Sure! It's just in the starting stages of actual production, so it might be a while before we have any sort of demo. It's still pretty \"under wraps\" at the time of speaking "
                            },
                            {
                                "type": "emoji",
                                "name": "slightly_smiling_face",
                                "unicode": "1f642"
                            }
                        ]
                    }
                ]
            }
        ]
    },
    {
        "user": "U9AAJMYGZ",
        "type": "message",
        "ts": "1519265406.000243",
        "text": "yeah, the sports titles on sega were a huge success... nba jams and ken griffy jr baseball",
        "team": "T3NRU3N8L",
        "user_team": "T3NRU3N8L",
        "source_team": "T3NRU3N8L",
        "user_profile": {
            "avatar_hash": "gaf4a8d338df",
            "image_72": "https:\/\/secure.gravatar.com\/avatar\/5af4a8d338df27a0e4237fc8b4d06cd7.jpg?s=72&d=https%3A%2F%2Fa.slack-edge.com%2Fdf10d%2Fimg%2Favatars%2Fava_0000-72.png",
            "first_name": "Stephen",
            "real_name": "Stephen",
            "display_name": "illfx",
            "team": "T3NRU3N8L",
            "name": "ienjoicoding",
            "is_restricted": false,
            "is_ultra_restricted": false
        },
        "blocks": [
            {
                "type": "rich_text",
                "block_id": "qBctg",
                "elements": [
                    {
                        "type": "rich_text_section",
                        "elements": [
                            {
                                "type": "text",
                                "text": "yeah, the sports titles on sega were a huge success... nba jams and ken griffy jr baseball"
                            }
                        ]
                    }
                ]
            }
        ]
    },
    {
        "user": "U9AAJMYGZ",
        "type": "message",
        "ts": "1519266598.000187",
        "text": "getting down to 16 colors for a paintable your brain is best at. ~3 millions years? of dev right there lol :wink:",
        "team": "T3NRU3N8L",
        "user_team": "T3NRU3N8L",
        "source_team": "T3NRU3N8L",
        "user_profile": {
            "avatar_hash": "gaf4a8d338df",
            "image_72": "https:\/\/secure.gravatar.com\/avatar\/5af4a8d338df27a0e4237fc8b4d06cd7.jpg?s=72&d=https%3A%2F%2Fa.slack-edge.com%2Fdf10d%2Fimg%2Favatars%2Fava_0000-72.png",
            "first_name": "Stephen",
            "real_name": "Stephen",
            "display_name": "illfx",
            "team": "T3NRU3N8L",
            "name": "ienjoicoding",
            "is_restricted": false,
            "is_ultra_restricted": false
        },
        "blocks": [
            {
                "type": "rich_text",
                "block_id": "j+ld",
                "elements": [
                    {
                        "type": "rich_text_section",
                        "elements": [
                            {
                                "type": "text",
                                "text": "getting down to 16 colors for a paintable your brain is best at. ~3 millions years? of dev right there lol "
                            },
                            {
                                "type": "emoji",
                                "name": "wink",
                                "unicode": "1f609"
                            }
                        ]
                    }
                ]
            }
        ]
    },
    {
        "user": "U9AAJMYGZ",
        "type": "message",
        "ts": "1519266698.000195",
        "text": "no, in my case it would be ev because i don't believe in god",
        "team": "T3NRU3N8L",
        "user_team": "T3NRU3N8L",
        "source_team": "T3NRU3N8L",
        "user_profile": {
            "avatar_hash": "gaf4a8d338df",
            "image_72": "https:\/\/secure.gravatar.com\/avatar\/5af4a8d338df27a0e4237fc8b4d06cd7.jpg?s=72&d=https%3A%2F%2Fa.slack-edge.com%2Fdf10d%2Fimg%2Favatars%2Fava_0000-72.png",
            "first_name": "Stephen",
            "real_name": "Stephen",
            "display_name": "illfx",
            "team": "T3NRU3N8L",
            "name": "ienjoicoding",
            "is_restricted": false,
            "is_ultra_restricted": false
        },
        "blocks": [
            {
                "type": "rich_text",
                "block_id": "M1QvY",
                "elements": [
                    {
                        "type": "rich_text_section",
                        "elements": [
                            {
                                "type": "text",
                                "text": "no, in my case it would be ev because i don't believe in god"
                            }
                        ]
                    }
                ]
            }
        ]
    },
    {
        "user": "U9AAJMYGZ",
        "type": "message",
        "ts": "1519266774.000232",
        "text": "would you call that semantics?",
        "team": "T3NRU3N8L",
        "user_team": "T3NRU3N8L",
        "source_team": "T3NRU3N8L",
        "user_profile": {
            "avatar_hash": "gaf4a8d338df",
            "image_72": "https:\/\/secure.gravatar.com\/avatar\/5af4a8d338df27a0e4237fc8b4d06cd7.jpg?s=72&d=https%3A%2F%2Fa.slack-edge.com%2Fdf10d%2Fimg%2Favatars%2Fava_0000-72.png",
            "first_name": "Stephen",
            "real_name": "Stephen",
            "display_name": "illfx",
            "team": "T3NRU3N8L",
            "name": "ienjoicoding",
            "is_restricted": false,
            "is_ultra_restricted": false
        },
        "blocks": [
            {
                "type": "rich_text",
                "block_id": "EKY",
                "elements": [
                    {
                        "type": "rich_text_section",
                        "elements": [
                            {
                                "type": "text",
                                "text": "would you call that semantics?"
                            }
                        ]
                    }
                ]
            }
        ]
    }
]