[
    {
        "user": "U3N3P0V89",
        "type": "message",
        "ts": "1535335486.000100",
        "client_msg_id": "21d90d30-7ab2-4338-bb0d-e9b39c66dbb7",
        "text": "If anyone's interested, I've started a Club Caribe restoration project on GitHub. We've got a lot of video footage, screenshots and maps thanks to <@U3NSHCBNH> and <@U8LSBU337>. There should be enough there to restore a large amount of the world based on that. More info here: <https:\/\/github.com\/StuBlad\/clubcaribe>",
        "team": "T3NRU3N8L",
        "user_team": "T3NRU3N8L",
        "source_team": "T3NRU3N8L",
        "user_profile": {
            "avatar_hash": "6dcfc9e0d4c7",
            "image_72": "https:\/\/avatars.slack-edge.com\/2017-06-07\/195047001686_6dcfc9e0d4c71e750732_72.png",
            "first_name": "Stu",
            "real_name": "Stu",
            "display_name": "stu",
            "team": "T3NRU3N8L",
            "name": "stu",
            "is_restricted": false,
            "is_ultra_restricted": false
        },
        "attachments": [
            {
                "fallback": "StuBlad\/clubcaribe",
                "text": "A remake of the original Club Caribe world for the NeoHabitat server",
                "title": "StuBlad\/clubcaribe",
                "footer": "<https:\/\/github.com\/StuBlad\/clubcaribe|StuBlad\/clubcaribe>",
                "id": 1,
                "footer_icon": "https:\/\/assets-cdn.github.com\/favicon.ico",
                "ts": 1535324447,
                "color": "24292f",
                "fields": [
                    {
                        "title": "Last updated",
                        "value": "2 minutes ago",
                        "short": true
                    }
                ],
                "mrkdwn_in": [
                    "text",
                    "fields"
                ],
                "bot_id": "B9N4Q36L9",
                "app_unfurl_url": "https:\/\/github.com\/StuBlad\/clubcaribe",
                "is_app_unfurl": true
            }
        ],
        "blocks": [
            {
                "type": "rich_text",
                "block_id": "ZC6",
                "elements": [
                    {
                        "type": "rich_text_section",
                        "elements": [
                            {
                                "type": "text",
                                "text": "If anyone's interested, I've started a Club Caribe restoration project on GitHub. We've got a lot of video footage, screenshots and maps thanks to "
                            },
                            {
                                "type": "user",
                                "user_id": "U3NSHCBNH"
                            },
                            {
                                "type": "text",
                                "text": " and "
                            },
                            {
                                "type": "user",
                                "user_id": "U8LSBU337"
                            },
                            {
                                "type": "text",
                                "text": ". There should be enough there to restore a large amount of the world based on that. More info here: "
                            },
                            {
                                "type": "link",
                                "url": "https:\/\/github.com\/StuBlad\/clubcaribe"
                            }
                        ]
                    }
                ]
            }
        ],
        "reactions": [
            {
                "name": "open_mouth",
                "users": [
                    "U41BJADGU"
                ],
                "count": 1
            }
        ]
    },
    {
        "text": "",
        "files": [
            {
                "id": "FCF07PCE5",
                "created": 1535335504,
                "timestamp": 1535335504,
                "name": "CaribeWelcome.gif",
                "title": "CaribeWelcome.gif",
                "mimetype": "image\/gif",
                "filetype": "gif",
                "pretty_type": "GIF",
                "user": "U3N3P0V89",
                "user_team": "T3NRU3N8L",
                "editable": false,
                "size": 243162,
                "mode": "hosted",
                "is_external": false,
                "external_type": "",
                "is_public": true,
                "public_url_shared": false,
                "display_as_bot": false,
                "username": "",
                "url_private": "https:\/\/files.slack.com\/files-pri\/T3NRU3N8L-FCF07PCE5\/caribewelcome.gif?t=xoxe-124878124292-7467719047090-7480385333457-4296bbd25a5710071a4df099b64b6f19",
                "url_private_download": "https:\/\/files.slack.com\/files-pri\/T3NRU3N8L-FCF07PCE5\/download\/caribewelcome.gif?t=xoxe-124878124292-7467719047090-7480385333457-4296bbd25a5710071a4df099b64b6f19",
                "media_display_type": "unknown",
                "thumb_64": "https:\/\/files.slack.com\/files-tmb\/T3NRU3N8L-FCF07PCE5-500a0f42c8\/caribewelcome_64.png?t=xoxe-124878124292-7467719047090-7480385333457-4296bbd25a5710071a4df099b64b6f19",
                "thumb_80": "https:\/\/files.slack.com\/files-tmb\/T3NRU3N8L-FCF07PCE5-500a0f42c8\/caribewelcome_80.png?t=xoxe-124878124292-7467719047090-7480385333457-4296bbd25a5710071a4df099b64b6f19",
                "thumb_360": "https:\/\/files.slack.com\/files-tmb\/T3NRU3N8L-FCF07PCE5-500a0f42c8\/caribewelcome_360.png?t=xoxe-124878124292-7467719047090-7480385333457-4296bbd25a5710071a4df099b64b6f19",
                "thumb_360_w": 360,
                "thumb_360_h": 196,
                "thumb_480": "https:\/\/files.slack.com\/files-tmb\/T3NRU3N8L-FCF07PCE5-500a0f42c8\/caribewelcome_480.png?t=xoxe-124878124292-7467719047090-7480385333457-4296bbd25a5710071a4df099b64b6f19",
                "thumb_480_w": 480,
                "thumb_480_h": 261,
                "thumb_160": "https:\/\/files.slack.com\/files-tmb\/T3NRU3N8L-FCF07PCE5-500a0f42c8\/caribewelcome_160.png?t=xoxe-124878124292-7467719047090-7480385333457-4296bbd25a5710071a4df099b64b6f19",
                "thumb_360_gif": "https:\/\/files.slack.com\/files-tmb\/T3NRU3N8L-FCF07PCE5-500a0f42c8\/caribewelcome_360.gif?t=xoxe-124878124292-7467719047090-7480385333457-4296bbd25a5710071a4df099b64b6f19",
                "thumb_480_gif": "https:\/\/files.slack.com\/files-tmb\/T3NRU3N8L-FCF07PCE5-500a0f42c8\/caribewelcome_480.gif?t=xoxe-124878124292-7467719047090-7480385333457-4296bbd25a5710071a4df099b64b6f19",
                "image_exif_rotation": 1,
                "original_w": 511,
                "original_h": 278,
                "deanimate": "https:\/\/files.slack.com\/files-tmb\/T3NRU3N8L-FCF07PCE5-500a0f42c8\/caribewelcome_deanimate_gif.png?t=xoxe-124878124292-7467719047090-7480385333457-4296bbd25a5710071a4df099b64b6f19",
                "deanimate_gif": "https:\/\/files.slack.com\/files-tmb\/T3NRU3N8L-FCF07PCE5-500a0f42c8\/caribewelcome_deanimate_gif.png?t=xoxe-124878124292-7467719047090-7480385333457-4296bbd25a5710071a4df099b64b6f19",
                "permalink": "https:\/\/neohabitat.slack.com\/files\/U3N3P0V89\/FCF07PCE5\/caribewelcome.gif",
                "permalink_public": "https:\/\/slack-files.com\/T3NRU3N8L-FCF07PCE5-3676caa09a",
                "is_starred": false,
                "has_rich_preview": false,
                "file_access": "visible"
            }
        ],
        "upload": true,
        "user": "U3N3P0V89",
        "display_as_bot": false,
        "type": "message",
        "ts": "1535335508.000100"
    },
    {
        "user": "U3N3P0V89",
        "type": "message",
        "ts": "1535337453.000100",
        "client_msg_id": "3E95C714-E0CB-43D9-A0B5-705EB9576350",
        "text": "Wondering if I should’ve used the decrement text width code on that sign there. It was hard to line both pictures up and I thought perhaps the blurriness making it seem like it’s shifting but it does seem to be moving a little ",
        "team": "T3NRU3N8L",
        "user_team": "T3NRU3N8L",
        "source_team": "T3NRU3N8L",
        "user_profile": {
            "avatar_hash": "6dcfc9e0d4c7",
            "image_72": "https:\/\/avatars.slack-edge.com\/2017-06-07\/195047001686_6dcfc9e0d4c71e750732_72.png",
            "first_name": "Stu",
            "real_name": "Stu",
            "display_name": "stu",
            "team": "T3NRU3N8L",
            "name": "stu",
            "is_restricted": false,
            "is_ultra_restricted": false
        },
        "blocks": [
            {
                "type": "rich_text",
                "block_id": "TZ0to",
                "elements": [
                    {
                        "type": "rich_text_section",
                        "elements": [
                            {
                                "type": "text",
                                "text": "Wondering if I should’ve used the decrement text width code on that sign there. It was hard to line both pictures up and I thought perhaps the blurriness making it seem like it’s shifting but it does seem to be moving a little"
                            }
                        ]
                    }
                ]
            }
        ]
    },
    {
        "user": "U3NS4Q413",
        "type": "message",
        "ts": "1535347278.000100",
        "client_msg_id": "928a3c01-245d-4f63-97be-7f0f097baf6b",
        "text": "You've got the wrong setting - it's the lowres version (notice the b and the e)",
        "team": "T3NRU3N8L",
        "user_team": "T3NRU3N8L",
        "source_team": "T3NRU3N8L",
        "user_profile": {
            "avatar_hash": "9a824257f5f9",
            "image_72": "https:\/\/avatars.slack-edge.com\/2017-06-19\/200099674645_9a824257f5f9fea53c25_72.png",
            "first_name": "Randy",
            "real_name": "Randy Farmer",
            "display_name": "randy",
            "team": "T3NRU3N8L",
            "name": "randy",
            "is_restricted": false,
            "is_ultra_restricted": false
        },
        "blocks": [
            {
                "type": "rich_text",
                "block_id": "h\/Ym",
                "elements": [
                    {
                        "type": "rich_text_section",
                        "elements": [
                            {
                                "type": "text",
                                "text": "You've got the wrong setting - it's the lowres version (notice the b and the e)"
                            }
                        ]
                    }
                ]
            }
        ]
    }
]