[
    {
        "user": "U41BJADGU",
        "type": "message",
        "ts": "1538849775.000100",
        "client_msg_id": "4d435b5b-364d-4359-82e8-5747fbef9cb3",
        "text": "<https:\/\/www.youtube.com\/watch?v=jn-LNxU6HI4>",
        "team": "T3NRU3N8L",
        "user_team": "T3NRU3N8L",
        "source_team": "T3NRU3N8L",
        "user_profile": {
            "avatar_hash": "f3bfb536f4e1",
            "image_72": "https:\/\/avatars.slack-edge.com\/2017-03-06\/151260998854_f3bfb536f4e1f6383a63_48.png",
            "first_name": "Ricky",
            "real_name": "Ricky Derocher",
            "display_name": "ricky_derocher",
            "team": "T3NRU3N8L",
            "name": "ricky_derocher",
            "is_restricted": false,
            "is_ultra_restricted": false
        },
        "attachments": [
            {
                "service_name": "YouTube",
                "service_url": "https:\/\/www.youtube.com\/",
                "title": "Modem Wars gameplay (PC Game, 1988)",
                "title_link": "https:\/\/www.youtube.com\/watch?v=jn-LNxU6HI4",
                "author_name": "Squakenet",
                "author_link": "https:\/\/www.youtube.com\/user\/squakenetcom",
                "thumb_url": "https:\/\/i.ytimg.com\/vi\/jn-LNxU6HI4\/hqdefault.jpg",
                "thumb_width": 480,
                "thumb_height": 360,
                "fallback": "YouTube Video: Modem Wars gameplay (PC Game, 1988)",
                "video_html": "<iframe width=\"400\" height=\"225\" src=\"https:\/\/www.youtube.com\/embed\/jn-LNxU6HI4?feature=oembed&autoplay=1&iv_load_policy=3\" frameborder=\"0\" allow=\"autoplay; encrypted-media\" allowfullscreen><\/iframe>",
                "video_html_width": 400,
                "video_html_height": 225,
                "from_url": "https:\/\/www.youtube.com\/watch?v=jn-LNxU6HI4",
                "service_icon": "https:\/\/a.slack-edge.com\/2089\/img\/unfurl_icons\/youtube.png",
                "id": 1,
                "original_url": "https:\/\/www.youtube.com\/watch?v=jn-LNxU6HI4"
            }
        ],
        "blocks": [
            {
                "type": "rich_text",
                "block_id": "TyK",
                "elements": [
                    {
                        "type": "rich_text_section",
                        "elements": [
                            {
                                "type": "link",
                                "url": "https:\/\/www.youtube.com\/watch?v=jn-LNxU6HI4"
                            }
                        ]
                    }
                ]
            }
        ]
    },
    {
        "user": "U41BJADGU",
        "type": "message",
        "ts": "1538849799.000100",
        "client_msg_id": "49fbbbd3-0d2b-49d5-8e1c-57d51a3f0941",
        "text": "(DOS version is shown in the video but the C64 version is pretty much the same)",
        "team": "T3NRU3N8L",
        "user_team": "T3NRU3N8L",
        "source_team": "T3NRU3N8L",
        "user_profile": {
            "avatar_hash": "f3bfb536f4e1",
            "image_72": "https:\/\/avatars.slack-edge.com\/2017-03-06\/151260998854_f3bfb536f4e1f6383a63_48.png",
            "first_name": "Ricky",
            "real_name": "Ricky Derocher",
            "display_name": "ricky_derocher",
            "team": "T3NRU3N8L",
            "name": "ricky_derocher",
            "is_restricted": false,
            "is_ultra_restricted": false
        },
        "blocks": [
            {
                "type": "rich_text",
                "block_id": "tJ54X",
                "elements": [
                    {
                        "type": "rich_text_section",
                        "elements": [
                            {
                                "type": "text",
                                "text": "(DOS version is shown in the video but the C64 version is pretty much the same)"
                            }
                        ]
                    }
                ]
            }
        ]
    },
    {
        "user": "U41BJADGU",
        "type": "message",
        "ts": "1538849872.000100",
        "client_msg_id": "ed9929c9-0a13-4022-8a25-94f6f178e4f6",
        "text": "Modem Wars was a 1988 C64 \/ DOS game that featured the ability for two players to connect via dial up modems (direct two computer connection - not over a network) and play head to head.",
        "team": "T3NRU3N8L",
        "user_team": "T3NRU3N8L",
        "source_team": "T3NRU3N8L",
        "user_profile": {
            "avatar_hash": "f3bfb536f4e1",
            "image_72": "https:\/\/avatars.slack-edge.com\/2017-03-06\/151260998854_f3bfb536f4e1f6383a63_48.png",
            "first_name": "Ricky",
            "real_name": "Ricky Derocher",
            "display_name": "ricky_derocher",
            "team": "T3NRU3N8L",
            "name": "ricky_derocher",
            "is_restricted": false,
            "is_ultra_restricted": false
        },
        "blocks": [
            {
                "type": "rich_text",
                "block_id": "vYdIy",
                "elements": [
                    {
                        "type": "rich_text_section",
                        "elements": [
                            {
                                "type": "text",
                                "text": "Modem Wars was a 1988 C64 \/ DOS game that featured the ability for two players to connect via dial up modems (direct two computer connection - not over a network) and play head to head."
                            }
                        ]
                    }
                ]
            }
        ]
    },
    {
        "user": "U41BJADGU",
        "type": "message",
        "ts": "1538849920.000100",
        "client_msg_id": "97016570-6a8b-497c-89b7-6cf68b853a49",
        "text": "Me and my uncle managed to get this working on real C64 hardware (with 1200 baud modems) in the 1990's - early 2000's.",
        "team": "T3NRU3N8L",
        "user_team": "T3NRU3N8L",
        "source_team": "T3NRU3N8L",
        "user_profile": {
            "avatar_hash": "f3bfb536f4e1",
            "image_72": "https:\/\/avatars.slack-edge.com\/2017-03-06\/151260998854_f3bfb536f4e1f6383a63_48.png",
            "first_name": "Ricky",
            "real_name": "Ricky Derocher",
            "display_name": "ricky_derocher",
            "team": "T3NRU3N8L",
            "name": "ricky_derocher",
            "is_restricted": false,
            "is_ultra_restricted": false
        },
        "blocks": [
            {
                "type": "rich_text",
                "block_id": "0y\/",
                "elements": [
                    {
                        "type": "rich_text_section",
                        "elements": [
                            {
                                "type": "text",
                                "text": "Me and my uncle managed to get this working on real C64 hardware (with 1200 baud modems) in the 1990's - early 2000's."
                            }
                        ]
                    }
                ]
            }
        ]
    },
    {
        "user": "U3NS476S0",
        "type": "message",
        "ts": "1538854625.000100",
        "client_msg_id": "2116EF8D-6937-4945-9259-4D4748A2FD00",
        "text": "Yeah I played it regularly in the late 80’s with friends. Lived in a rural area so it helped us connect, along with BBS’s ",
        "team": "T3NRU3N8L",
        "user_team": "T3NRU3N8L",
        "source_team": "T3NRU3N8L",
        "user_profile": {
            "avatar_hash": "7d8938fafcab",
            "image_72": "https:\/\/avatars.slack-edge.com\/2018-02-10\/313231218068_7d8938fafcabedc7aa5e_72.png",
            "first_name": "Kate",
            "real_name": "Kate Lawson",
            "display_name": "k8z",
            "team": "T3NRU3N8L",
            "name": "n8",
            "is_restricted": false,
            "is_ultra_restricted": false
        },
        "blocks": [
            {
                "type": "rich_text",
                "block_id": "HbdW",
                "elements": [
                    {
                        "type": "rich_text_section",
                        "elements": [
                            {
                                "type": "text",
                                "text": "Yeah I played it regularly in the late 80’s with friends. Lived in a rural area so it helped us connect, along with BBS’s"
                            }
                        ]
                    }
                ]
            }
        ]
    },
    {
        "user": "U3NS476S0",
        "type": "message",
        "ts": "1538854654.000100",
        "client_msg_id": "C794D618-507C-4086-9C2C-37F42DB8483E",
        "text": "Dan Bunten wrote it ",
        "team": "T3NRU3N8L",
        "user_team": "T3NRU3N8L",
        "source_team": "T3NRU3N8L",
        "user_profile": {
            "avatar_hash": "7d8938fafcab",
            "image_72": "https:\/\/avatars.slack-edge.com\/2018-02-10\/313231218068_7d8938fafcabedc7aa5e_72.png",
            "first_name": "Kate",
            "real_name": "Kate Lawson",
            "display_name": "k8z",
            "team": "T3NRU3N8L",
            "name": "n8",
            "is_restricted": false,
            "is_ultra_restricted": false
        },
        "blocks": [
            {
                "type": "rich_text",
                "block_id": "+JK2",
                "elements": [
                    {
                        "type": "rich_text_section",
                        "elements": [
                            {
                                "type": "text",
                                "text": "Dan Bunten wrote it"
                            }
                        ]
                    }
                ]
            }
        ]
    }
]