[
    {
        "text": "<@U3N3P0V89> uploaded a file: <https:\/\/neohabitat.slack.com\/files\/U3N3P0V89\/F8R4F4XPX\/clubcaribeoverviewwip.png|ClubCaribeOverviewWIP.png>",
        "files": [
            {
                "id": "F8R4F4XPX",
                "created": 1515617379,
                "timestamp": 1515617379,
                "name": "ClubCaribeOverviewWIP.png",
                "title": "ClubCaribeOverviewWIP.png",
                "mimetype": "image\/png",
                "filetype": "png",
                "pretty_type": "PNG",
                "user": "U3N3P0V89",
                "user_team": "T3NRU3N8L",
                "editable": false,
                "size": 1659384,
                "mode": "hosted",
                "is_external": false,
                "external_type": "",
                "is_public": true,
                "public_url_shared": false,
                "display_as_bot": false,
                "username": "",
                "url_private": "https:\/\/files.slack.com\/files-pri\/T3NRU3N8L-F8R4F4XPX\/clubcaribeoverviewwip.png?t=xoxe-124878124292-7467719047090-7480385333457-4296bbd25a5710071a4df099b64b6f19",
                "url_private_download": "https:\/\/files.slack.com\/files-pri\/T3NRU3N8L-F8R4F4XPX\/download\/clubcaribeoverviewwip.png?t=xoxe-124878124292-7467719047090-7480385333457-4296bbd25a5710071a4df099b64b6f19",
                "media_display_type": "unknown",
                "thumb_64": "https:\/\/files.slack.com\/files-tmb\/T3NRU3N8L-F8R4F4XPX-7859b3f3d6\/clubcaribeoverviewwip_64.png?t=xoxe-124878124292-7467719047090-7480385333457-4296bbd25a5710071a4df099b64b6f19",
                "thumb_80": "https:\/\/files.slack.com\/files-tmb\/T3NRU3N8L-F8R4F4XPX-7859b3f3d6\/clubcaribeoverviewwip_80.png?t=xoxe-124878124292-7467719047090-7480385333457-4296bbd25a5710071a4df099b64b6f19",
                "thumb_360": "https:\/\/files.slack.com\/files-tmb\/T3NRU3N8L-F8R4F4XPX-7859b3f3d6\/clubcaribeoverviewwip_360.png?t=xoxe-124878124292-7467719047090-7480385333457-4296bbd25a5710071a4df099b64b6f19",
                "thumb_360_w": 360,
                "thumb_360_h": 210,
                "thumb_480": "https:\/\/files.slack.com\/files-tmb\/T3NRU3N8L-F8R4F4XPX-7859b3f3d6\/clubcaribeoverviewwip_480.png?t=xoxe-124878124292-7467719047090-7480385333457-4296bbd25a5710071a4df099b64b6f19",
                "thumb_480_w": 480,
                "thumb_480_h": 280,
                "thumb_160": "https:\/\/files.slack.com\/files-tmb\/T3NRU3N8L-F8R4F4XPX-7859b3f3d6\/clubcaribeoverviewwip_160.png?t=xoxe-124878124292-7467719047090-7480385333457-4296bbd25a5710071a4df099b64b6f19",
                "thumb_720": "https:\/\/files.slack.com\/files-tmb\/T3NRU3N8L-F8R4F4XPX-7859b3f3d6\/clubcaribeoverviewwip_720.png?t=xoxe-124878124292-7467719047090-7480385333457-4296bbd25a5710071a4df099b64b6f19",
                "thumb_720_w": 720,
                "thumb_720_h": 419,
                "thumb_800": "https:\/\/files.slack.com\/files-tmb\/T3NRU3N8L-F8R4F4XPX-7859b3f3d6\/clubcaribeoverviewwip_800.png?t=xoxe-124878124292-7467719047090-7480385333457-4296bbd25a5710071a4df099b64b6f19",
                "thumb_800_w": 800,
                "thumb_800_h": 466,
                "thumb_960": "https:\/\/files.slack.com\/files-tmb\/T3NRU3N8L-F8R4F4XPX-7859b3f3d6\/clubcaribeoverviewwip_960.png?t=xoxe-124878124292-7467719047090-7480385333457-4296bbd25a5710071a4df099b64b6f19",
                "thumb_960_w": 960,
                "thumb_960_h": 559,
                "thumb_1024": "https:\/\/files.slack.com\/files-tmb\/T3NRU3N8L-F8R4F4XPX-7859b3f3d6\/clubcaribeoverviewwip_1024.png?t=xoxe-124878124292-7467719047090-7480385333457-4296bbd25a5710071a4df099b64b6f19",
                "thumb_1024_w": 1024,
                "thumb_1024_h": 597,
                "image_exif_rotation": 1,
                "original_w": 1854,
                "original_h": 1080,
                "permalink": "https:\/\/neohabitat.slack.com\/files\/U3N3P0V89\/F8R4F4XPX\/clubcaribeoverviewwip.png",
                "permalink_public": "https:\/\/slack-files.com\/T3NRU3N8L-F8R4F4XPX-db0bfb30d7",
                "is_starred": false,
                "has_rich_preview": false,
                "file_access": "visible"
            }
        ],
        "upload": true,
        "user": "U3N3P0V89",
        "display_as_bot": false,
        "blocks": [
            {
                "type": "rich_text",
                "block_id": "d6A",
                "elements": [
                    {
                        "type": "rich_text_section",
                        "elements": [
                            {
                                "type": "user",
                                "user_id": "U3N3P0V89"
                            },
                            {
                                "type": "text",
                                "text": " uploaded a file: "
                            },
                            {
                                "type": "link",
                                "url": "https:\/\/neohabitat.slack.com\/files\/U3N3P0V89\/F8R4F4XPX\/clubcaribeoverviewwip.png",
                                "text": "ClubCaribeOverviewWIP.png",
                                "unsafe": true
                            }
                        ]
                    }
                ]
            }
        ],
        "type": "message",
        "ts": "1515617384.000044"
    },
    {
        "user": "U3N3P0V89",
        "type": "message",
        "ts": "1515617407.000432",
        "text": "been using <@U3NSHCBNH>’s club caribe videos in conjunction with scott's map in order to see what regions we have footage of for a potential caribe restoration someday, it's looking pretty decent so far",
        "team": "T3NRU3N8L",
        "user_team": "T3NRU3N8L",
        "source_team": "T3NRU3N8L",
        "user_profile": {
            "avatar_hash": "6dcfc9e0d4c7",
            "image_72": "https:\/\/avatars.slack-edge.com\/2017-06-07\/195047001686_6dcfc9e0d4c71e750732_72.png",
            "first_name": "Stu",
            "real_name": "Stu",
            "display_name": "stu",
            "team": "T3NRU3N8L",
            "name": "stu",
            "is_restricted": false,
            "is_ultra_restricted": false
        },
        "blocks": [
            {
                "type": "rich_text",
                "block_id": "G8fn",
                "elements": [
                    {
                        "type": "rich_text_section",
                        "elements": [
                            {
                                "type": "text",
                                "text": "been using "
                            },
                            {
                                "type": "user",
                                "user_id": "U3NSHCBNH"
                            },
                            {
                                "type": "text",
                                "text": "’s club caribe videos in conjunction with scott's map in order to see what regions we have footage of for a potential caribe restoration someday, it's looking pretty decent so far"
                            }
                        ]
                    }
                ]
            }
        ]
    },
    {
        "user": "U3N3P0V89",
        "type": "message",
        "ts": "1515617441.000392",
        "text": "missing a few more that are on the tape here because they are off the map or i'm not 100% sure about the linking, also have screenshots of a bunch of areas too but because they're still, it's much harder to know how they would've linked up",
        "team": "T3NRU3N8L",
        "user_team": "T3NRU3N8L",
        "source_team": "T3NRU3N8L",
        "user_profile": {
            "avatar_hash": "6dcfc9e0d4c7",
            "image_72": "https:\/\/avatars.slack-edge.com\/2017-06-07\/195047001686_6dcfc9e0d4c71e750732_72.png",
            "first_name": "Stu",
            "real_name": "Stu",
            "display_name": "stu",
            "team": "T3NRU3N8L",
            "name": "stu",
            "is_restricted": false,
            "is_ultra_restricted": false
        },
        "blocks": [
            {
                "type": "rich_text",
                "block_id": "WLy2",
                "elements": [
                    {
                        "type": "rich_text_section",
                        "elements": [
                            {
                                "type": "text",
                                "text": "missing a few more that are on the tape here because they are off the map or i'm not 100% sure about the linking, also have screenshots of a bunch of areas too but because they're still, it's much harder to know how they would've linked up"
                            }
                        ]
                    }
                ]
            }
        ]
    },
    {
        "user": "U3NSHCBNH",
        "type": "message",
        "ts": "1515621187.000091",
        "text": "Very nice! Would be interesting to see Caribe again some day too. Just being able to stroll around Habitat again is amazing.. I never thought I'd see that day again.",
        "team": "T3NRU3N8L",
        "user_team": "T3NRU3N8L",
        "source_team": "T3NRU3N8L",
        "user_profile": {
            "avatar_hash": "f99a50cbd973",
            "image_72": "https:\/\/avatars.slack-edge.com\/2017-02-02\/136493625749_f99a50cbd973bb658f83_72.jpg",
            "first_name": "Keith",
            "real_name": "Keith Elkin",
            "display_name": "kelkin",
            "team": "T3NRU3N8L",
            "name": "kelkin",
            "is_restricted": false,
            "is_ultra_restricted": false
        },
        "blocks": [
            {
                "type": "rich_text",
                "block_id": "V7H8",
                "elements": [
                    {
                        "type": "rich_text_section",
                        "elements": [
                            {
                                "type": "text",
                                "text": "Very nice! Would be interesting to see Caribe again some day too. Just being able to stroll around Habitat again is amazing.. I never thought I'd see that day again."
                            }
                        ]
                    }
                ]
            }
        ]
    }
]