[
    {
        "user": "UCETBJ078",
        "type": "message",
        "ts": "1538785183.000100",
        "client_msg_id": "2818286d-d1c9-4182-8044-99486bb99d61",
        "text": "What's Modem Wars?",
        "team": "T3NRU3N8L",
        "user_team": "T3NRU3N8L",
        "source_team": "T3NRU3N8L",
        "user_profile": {
            "avatar_hash": "gf4e0e4e4f0b",
            "image_72": "https:\/\/secure.gravatar.com\/avatar\/bf4e0e4e4f0b1f703b1372a8dd7b0735.jpg?s=72&d=https%3A%2F%2Fa.slack-edge.com%2Fdf10d%2Fimg%2Favatars%2Fava_0021-72.png",
            "first_name": "",
            "real_name": "Seth Gold",
            "display_name": "Sgeo",
            "team": "T3NRU3N8L",
            "name": "sgeoster",
            "is_restricted": false,
            "is_ultra_restricted": false
        },
        "blocks": [
            {
                "type": "rich_text",
                "block_id": "aeZQ8",
                "elements": [
                    {
                        "type": "rich_text_section",
                        "elements": [
                            {
                                "type": "text",
                                "text": "What's Modem Wars?"
                            }
                        ]
                    }
                ]
            }
        ]
    }
]