[
    {
        "user": "U3N3P0V89",
        "type": "message",
        "ts": "1534447702.000100",
        "client_msg_id": "abd16726-b6d7-4517-8b5b-ccc9fa6f89d1",
        "text": "<https:\/\/www.twitch.tv\/twitchdefrags>",
        "team": "T3NRU3N8L",
        "user_team": "T3NRU3N8L",
        "source_team": "T3NRU3N8L",
        "user_profile": {
            "avatar_hash": "6dcfc9e0d4c7",
            "image_72": "https:\/\/avatars.slack-edge.com\/2017-06-07\/195047001686_6dcfc9e0d4c71e750732_72.png",
            "first_name": "Stu",
            "real_name": "Stu",
            "display_name": "stu",
            "team": "T3NRU3N8L",
            "name": "stu",
            "is_restricted": false,
            "is_ultra_restricted": false
        },
        "attachments": [
            {
                "service_name": "Twitch",
                "title": "TwitchDefrags - Twitch",
                "title_link": "https:\/\/www.twitch.tv\/twitchdefrags",
                "text": "[24\/7] ┻━┻︵ \\(°□°)\/ ︵ ┻━┻ Defragment all the things!",
                "fallback": "Twitch: TwitchDefrags - Twitch",
                "thumb_url": "https:\/\/static-cdn.jtvnw.net\/jtv_user_pictures\/787c3ac3-5451-4450-902c-433ee9c179f2-profile_image-300x300.jpg",
                "from_url": "https:\/\/www.twitch.tv\/twitchdefrags",
                "thumb_width": 300,
                "thumb_height": 300,
                "service_icon": "https:\/\/static.twitchcdn.net\/assets\/favicon-75270f9df2b07174c23c.ico",
                "id": 1,
                "original_url": "https:\/\/www.twitch.tv\/twitchdefrags"
            }
        ],
        "blocks": [
            {
                "type": "rich_text",
                "block_id": "tbm+V",
                "elements": [
                    {
                        "type": "rich_text_section",
                        "elements": [
                            {
                                "type": "link",
                                "url": "https:\/\/www.twitch.tv\/twitchdefrags"
                            }
                        ]
                    }
                ]
            }
        ]
    },
    {
        "user": "U3NS4Q413",
        "type": "message",
        "ts": "1534447760.000100",
        "client_msg_id": "b0e16ad2-d2f5-4d2e-b3f5-ecce6a6a4eef",
        "text": "You must be bored.",
        "team": "T3NRU3N8L",
        "user_team": "T3NRU3N8L",
        "source_team": "T3NRU3N8L",
        "user_profile": {
            "avatar_hash": "9a824257f5f9",
            "image_72": "https:\/\/avatars.slack-edge.com\/2017-06-19\/200099674645_9a824257f5f9fea53c25_72.png",
            "first_name": "Randy",
            "real_name": "Randy Farmer",
            "display_name": "randy",
            "team": "T3NRU3N8L",
            "name": "randy",
            "is_restricted": false,
            "is_ultra_restricted": false
        },
        "blocks": [
            {
                "type": "rich_text",
                "block_id": "nsR",
                "elements": [
                    {
                        "type": "rich_text_section",
                        "elements": [
                            {
                                "type": "text",
                                "text": "You must be bored."
                            }
                        ]
                    }
                ]
            }
        ]
    },
    {
        "user": "U3N3P0V89",
        "type": "message",
        "ts": "1534447848.000100",
        "client_msg_id": "499b471c-171e-4730-8067-9d90e831c627",
        "text": "Just found it. It's kind of soothing :laughing:",
        "team": "T3NRU3N8L",
        "user_team": "T3NRU3N8L",
        "source_team": "T3NRU3N8L",
        "user_profile": {
            "avatar_hash": "6dcfc9e0d4c7",
            "image_72": "https:\/\/avatars.slack-edge.com\/2017-06-07\/195047001686_6dcfc9e0d4c71e750732_72.png",
            "first_name": "Stu",
            "real_name": "Stu",
            "display_name": "stu",
            "team": "T3NRU3N8L",
            "name": "stu",
            "is_restricted": false,
            "is_ultra_restricted": false
        },
        "blocks": [
            {
                "type": "rich_text",
                "block_id": "Beh",
                "elements": [
                    {
                        "type": "rich_text_section",
                        "elements": [
                            {
                                "type": "text",
                                "text": "Just found it. It's kind of soothing "
                            },
                            {
                                "type": "emoji",
                                "name": "laughing",
                                "unicode": "1f606"
                            }
                        ]
                    }
                ]
            }
        ]
    }
]