[
    {
        "user": "U9JQ2M11P",
        "type": "message",
        "ts": "1527452569.000001",
        "text": "I'm back, I have a working server for INN. But I'm missing structs to make things happen.",
        "team": "T3NRU3N8L",
        "user_team": "T3NRU3N8L",
        "source_team": "T3NRU3N8L",
        "user_profile": {
            "avatar_hash": "g5463e3ddb1e",
            "image_72": "https:\/\/secure.gravatar.com\/avatar\/a5463e3ddb1e2380182eea11a6ae4d4e.jpg?s=72&d=https%3A%2F%2Fa.slack-edge.com%2Fdf10d%2Fimg%2Favatars%2Fava_0016-72.png",
            "first_name": "",
            "real_name": "Christopher Smith",
            "display_name": "CTxCB",
            "team": "T3NRU3N8L",
            "name": "chrisxcoolxboy",
            "is_restricted": false,
            "is_ultra_restricted": false
        },
        "blocks": [
            {
                "type": "rich_text",
                "block_id": "ocG",
                "elements": [
                    {
                        "type": "rich_text_section",
                        "elements": [
                            {
                                "type": "text",
                                "text": "I'm back, I have a working server for INN. But I'm missing structs to make things happen."
                            }
                        ]
                    }
                ]
            }
        ]
    },
    {
        "user": "U9JQ2M11P",
        "type": "message",
        "ts": "1527452607.000098",
        "text": "LSCI, their coding language is ugly, hard to understand and condensed; A mismash of C++, Lisp and SmallTalk.",
        "team": "T3NRU3N8L",
        "user_team": "T3NRU3N8L",
        "source_team": "T3NRU3N8L",
        "user_profile": {
            "avatar_hash": "g5463e3ddb1e",
            "image_72": "https:\/\/secure.gravatar.com\/avatar\/a5463e3ddb1e2380182eea11a6ae4d4e.jpg?s=72&d=https%3A%2F%2Fa.slack-edge.com%2Fdf10d%2Fimg%2Favatars%2Fava_0016-72.png",
            "first_name": "",
            "real_name": "Christopher Smith",
            "display_name": "CTxCB",
            "team": "T3NRU3N8L",
            "name": "chrisxcoolxboy",
            "is_restricted": false,
            "is_ultra_restricted": false
        },
        "blocks": [
            {
                "type": "rich_text",
                "block_id": "yEIh",
                "elements": [
                    {
                        "type": "rich_text_section",
                        "elements": [
                            {
                                "type": "text",
                                "text": "LSCI, their coding language is ugly, hard to understand and condensed; A mismash of C++, Lisp and SmallTalk."
                            }
                        ]
                    }
                ]
            }
        ]
    },
    {
        "user": "U9JQ2M11P",
        "type": "message",
        "ts": "1527452647.000083",
        "text": "I don't know where to go with this project, I don't see what else I can try... I tried Assembly and got nowhere.",
        "team": "T3NRU3N8L",
        "user_team": "T3NRU3N8L",
        "source_team": "T3NRU3N8L",
        "user_profile": {
            "avatar_hash": "g5463e3ddb1e",
            "image_72": "https:\/\/secure.gravatar.com\/avatar\/a5463e3ddb1e2380182eea11a6ae4d4e.jpg?s=72&d=https%3A%2F%2Fa.slack-edge.com%2Fdf10d%2Fimg%2Favatars%2Fava_0016-72.png",
            "first_name": "",
            "real_name": "Christopher Smith",
            "display_name": "CTxCB",
            "team": "T3NRU3N8L",
            "name": "chrisxcoolxboy",
            "is_restricted": false,
            "is_ultra_restricted": false
        },
        "blocks": [
            {
                "type": "rich_text",
                "block_id": "ENL",
                "elements": [
                    {
                        "type": "rich_text_section",
                        "elements": [
                            {
                                "type": "text",
                                "text": "I don't know where to go with this project, I don't see what else I can try... I tried Assembly and got nowhere."
                            }
                        ]
                    }
                ]
            }
        ]
    }
]