[
    {
        "user": "U3N3TBZPT",
        "type": "message",
        "ts": "1521141317.000588",
        "text": "hey y'all, just wanted to give a heads up about <@U3PF5D3GF> and I's new podcast, Five Nines of Downtime, where we talk about systems, old computers, and p much anything else we feel like. we've got the first episode up right on over here: <https:\/\/soundcloud.com\/fiveninesofdowntime>",
        "team": "T3NRU3N8L",
        "user_team": "T3NRU3N8L",
        "source_team": "T3NRU3N8L",
        "user_profile": {
            "avatar_hash": "g96f16513098",
            "image_72": "https:\/\/secure.gravatar.com\/avatar\/296f1651309839191e53ca51b0cca0cc.jpg?s=72&d=https%3A%2F%2Fa.slack-edge.com%2Fdf10d%2Fimg%2Favatars%2Fava_0001-72.png",
            "first_name": "Steve",
            "real_name": "Steve Salevan",
            "display_name": "steve",
            "team": "T3NRU3N8L",
            "name": "steve",
            "is_restricted": false,
            "is_ultra_restricted": false
        },
        "attachments": [
            {
                "service_name": "SoundCloud",
                "service_url": "http:\/\/soundcloud.com",
                "title": "Five Nines of Downtime",
                "title_link": "https:\/\/soundcloud.com\/fiveninesofdowntime",
                "author_name": "Five Nines of Downtime",
                "author_link": "https:\/\/soundcloud.com\/fiveninesofdowntime",
                "thumb_url": "http:\/\/i1.sndcdn.com\/avatars-000416026296-udw31w-t500x500.jpg",
                "text": "Five Nines of Downtime focuses on enterprise software development and IT, but with a decidedly unserious viewpoint. Focusing on the serious business of computing, but also computer history and whatever our guests find interesting.",
                "fallback": "SoundCloud Audio: Five Nines of Downtime",
                "audio_html": "<iframe width=\"100%\" height=\"150\" scrolling=\"no\" frameborder=\"no\" src=\"https:\/\/w.soundcloud.com\/player\/?visual=true&url=https%3A%2F%2Fapi.soundcloud.com%2Fusers%2F415689771&show_artwork=true&maxheight=150\"><\/iframe>",
                "audio_html_width": 100,
                "audio_html_height": 150,
                "from_url": "https:\/\/soundcloud.com\/fiveninesofdowntime",
                "thumb_width": 500,
                "thumb_height": 500,
                "service_icon": "https:\/\/soundcloud.com\/favicon.ico",
                "id": 1
            }
        ],
        "blocks": [
            {
                "type": "rich_text",
                "block_id": "NnTG2",
                "elements": [
                    {
                        "type": "rich_text_section",
                        "elements": [
                            {
                                "type": "text",
                                "text": "hey y'all, just wanted to give a heads up about "
                            },
                            {
                                "type": "user",
                                "user_id": "U3PF5D3GF"
                            },
                            {
                                "type": "text",
                                "text": " and I's new podcast, Five Nines of Downtime, where we talk about systems, old computers, and p much anything else we feel like. we've got the first episode up right on over here: "
                            },
                            {
                                "type": "link",
                                "url": "https:\/\/soundcloud.com\/fiveninesofdowntime"
                            }
                        ]
                    }
                ]
            }
        ],
        "reactions": [
            {
                "name": "ok_hand",
                "users": [
                    "U42TSUYKS",
                    "U3NS4Q413",
                    "U3N3P0V89"
                ],
                "count": 3
            }
        ]
    },
    {
        "user": "U3NS4Q413",
        "type": "message",
        "ts": "1521141863.000644",
        "edited": {
            "user": "U3NS4Q413",
            "ts": "1521141875.000000"
        },
        "text": "LIst this thing on the itunes so podcatchers will see it. :slightly_smiling_face:",
        "team": "T3NRU3N8L",
        "user_team": "T3NRU3N8L",
        "source_team": "T3NRU3N8L",
        "user_profile": {
            "avatar_hash": "9a824257f5f9",
            "image_72": "https:\/\/avatars.slack-edge.com\/2017-06-19\/200099674645_9a824257f5f9fea53c25_72.png",
            "first_name": "Randy",
            "real_name": "Randy Farmer",
            "display_name": "randy",
            "team": "T3NRU3N8L",
            "name": "randy",
            "is_restricted": false,
            "is_ultra_restricted": false
        },
        "blocks": [
            {
                "type": "rich_text",
                "block_id": "9mr3A",
                "elements": [
                    {
                        "type": "rich_text_section",
                        "elements": [
                            {
                                "type": "text",
                                "text": "LIst this thing on the itunes so podcatchers will see it. "
                            },
                            {
                                "type": "emoji",
                                "name": "slightly_smiling_face",
                                "unicode": "1f642"
                            }
                        ]
                    }
                ]
            }
        ]
    },
    {
        "user": "U3NS4Q413",
        "type": "message",
        "ts": "1521142008.000262",
        "text": "For those that don't know already, I have a podcast too! If you do, please go ahead and add it to this list!",
        "team": "T3NRU3N8L",
        "user_team": "T3NRU3N8L",
        "source_team": "T3NRU3N8L",
        "user_profile": {
            "avatar_hash": "9a824257f5f9",
            "image_72": "https:\/\/avatars.slack-edge.com\/2017-06-19\/200099674645_9a824257f5f9fea53c25_72.png",
            "first_name": "Randy",
            "real_name": "Randy Farmer",
            "display_name": "randy",
            "team": "T3NRU3N8L",
            "name": "randy",
            "is_restricted": false,
            "is_ultra_restricted": false
        },
        "blocks": [
            {
                "type": "rich_text",
                "block_id": "pM49x",
                "elements": [
                    {
                        "type": "rich_text_section",
                        "elements": [
                            {
                                "type": "text",
                                "text": "For those that don't know already, I have a podcast too! If you do, please go ahead and add it to this list!"
                            }
                        ]
                    }
                ]
            }
        ]
    },
    {
        "user": "U3NS4Q413",
        "type": "message",
        "ts": "1521142035.000468",
        "text": "<http:\/\/feeds.feedburner.com\/SocialMediaClarity>",
        "team": "T3NRU3N8L",
        "user_team": "T3NRU3N8L",
        "source_team": "T3NRU3N8L",
        "user_profile": {
            "avatar_hash": "9a824257f5f9",
            "image_72": "https:\/\/avatars.slack-edge.com\/2017-06-19\/200099674645_9a824257f5f9fea53c25_72.png",
            "first_name": "Randy",
            "real_name": "Randy Farmer",
            "display_name": "randy",
            "team": "T3NRU3N8L",
            "name": "randy",
            "is_restricted": false,
            "is_ultra_restricted": false
        },
        "blocks": [
            {
                "type": "rich_text",
                "block_id": "C2QO",
                "elements": [
                    {
                        "type": "rich_text_section",
                        "elements": [
                            {
                                "type": "link",
                                "url": "http:\/\/feeds.feedburner.com\/SocialMediaClarity"
                            }
                        ]
                    }
                ]
            }
        ]
    }
]