[
    {
        "user": "U3N3TBZPT",
        "type": "message",
        "ts": "1516773501.000096",
        "text": "listening to one of the great NC albums, if anyone’s ever listened to Bon Iver, this was more or less the album that created them",
        "team": "T3NRU3N8L",
        "user_team": "T3NRU3N8L",
        "source_team": "T3NRU3N8L",
        "user_profile": {
            "avatar_hash": "g96f16513098",
            "image_72": "https:\/\/secure.gravatar.com\/avatar\/296f1651309839191e53ca51b0cca0cc.jpg?s=72&d=https%3A%2F%2Fa.slack-edge.com%2Fdf10d%2Fimg%2Favatars%2Fava_0001-72.png",
            "first_name": "Steve",
            "real_name": "Steve Salevan",
            "display_name": "steve",
            "team": "T3NRU3N8L",
            "name": "steve",
            "is_restricted": false,
            "is_ultra_restricted": false
        },
        "blocks": [
            {
                "type": "rich_text",
                "block_id": "eWVYo",
                "elements": [
                    {
                        "type": "rich_text_section",
                        "elements": [
                            {
                                "type": "text",
                                "text": "listening to one of the great NC albums, if anyone’s ever listened to Bon Iver, this was more or less the album that created them"
                            }
                        ]
                    }
                ]
            }
        ],
        "reactions": [
            {
                "name": "+1::skin-tone-3",
                "users": [
                    "U3N3P0V89"
                ],
                "count": 1
            }
        ]
    },
    {
        "user": "U3N3TBZPT",
        "type": "message",
        "ts": "1516773504.000128",
        "text": "<https:\/\/nola.bandcamp.com\/>",
        "team": "T3NRU3N8L",
        "user_team": "T3NRU3N8L",
        "source_team": "T3NRU3N8L",
        "user_profile": {
            "avatar_hash": "g96f16513098",
            "image_72": "https:\/\/secure.gravatar.com\/avatar\/296f1651309839191e53ca51b0cca0cc.jpg?s=72&d=https%3A%2F%2Fa.slack-edge.com%2Fdf10d%2Fimg%2Favatars%2Fava_0001-72.png",
            "first_name": "Steve",
            "real_name": "Steve Salevan",
            "display_name": "steve",
            "team": "T3NRU3N8L",
            "name": "steve",
            "is_restricted": false,
            "is_ultra_restricted": false
        },
        "attachments": [
            {
                "service_name": "Nola",
                "title": "Nola, by Nola",
                "title_link": "https:\/\/nola.bandcamp.com\/",
                "text": "10 track album",
                "fallback": "Nola: Audio: Nola, by Nola",
                "thumb_url": "https:\/\/f4.bcbits.com\/img\/a0840425488_5.jpg",
                "audio_html": "<iframe width=\"350\" height=\"467\" src=\"https:\/\/bandcamp.com\/EmbeddedPlayer\/v=2\/album=1689415396\/size=large\/linkcol=0084B4\/notracklist=true\/twittercard=true\/\" allowtransparency=\"true\" frameborder=\"0\"><\/iframe>",
                "audio_html_width": 350,
                "audio_html_height": 467,
                "from_url": "https:\/\/nola.bandcamp.com\/",
                "thumb_width": 700,
                "thumb_height": 700,
                "service_icon": "https:\/\/f4.bcbits.com\/img\/a0840425488_3.jpg",
                "id": 1
            }
        ],
        "blocks": [
            {
                "type": "rich_text",
                "block_id": "kXzSh",
                "elements": [
                    {
                        "type": "rich_text_section",
                        "elements": [
                            {
                                "type": "link",
                                "url": "https:\/\/nola.bandcamp.com\/"
                            }
                        ]
                    }
                ]
            }
        ]
    }
]