[
    {
        "user": "U5PR5RZPF",
        "type": "message",
        "ts": "1533990693.000040",
        "client_msg_id": "7286cca8-6516-4349-9052-2d43c89feb40",
        "text": "i wonder if that will be possible since the video and the sound will be connected to the Hz",
        "team": "T3NRU3N8L",
        "user_team": "T3NRU3N8L",
        "source_team": "T3NRU3N8L",
        "user_profile": {
            "avatar_hash": "27b63c4e9a61",
            "image_72": "https:\/\/avatars.slack-edge.com\/2017-06-15\/198025981394_27b63c4e9a614ff8c0fc_72.gif",
            "first_name": "Martin",
            "real_name": "Martin B.",
            "display_name": "flexman",
            "team": "T3NRU3N8L",
            "name": "flexman",
            "is_restricted": false,
            "is_ultra_restricted": false
        },
        "blocks": [
            {
                "type": "rich_text",
                "block_id": "csGl",
                "elements": [
                    {
                        "type": "rich_text_section",
                        "elements": [
                            {
                                "type": "text",
                                "text": "i wonder if that will be possible since the video and the sound will be connected to the Hz"
                            }
                        ]
                    }
                ]
            }
        ]
    },
    {
        "user": "U3N3P0V89",
        "type": "message",
        "ts": "1533995515.000057",
        "client_msg_id": "bbd7b94b-aedf-4f74-ab45-87f75961200a",
        "text": "true",
        "team": "T3NRU3N8L",
        "user_team": "T3NRU3N8L",
        "source_team": "T3NRU3N8L",
        "user_profile": {
            "avatar_hash": "6dcfc9e0d4c7",
            "image_72": "https:\/\/avatars.slack-edge.com\/2017-06-07\/195047001686_6dcfc9e0d4c71e750732_72.png",
            "first_name": "Stu",
            "real_name": "Stu",
            "display_name": "stu",
            "team": "T3NRU3N8L",
            "name": "stu",
            "is_restricted": false,
            "is_ultra_restricted": false
        },
        "blocks": [
            {
                "type": "rich_text",
                "block_id": "6=8",
                "elements": [
                    {
                        "type": "rich_text_section",
                        "elements": [
                            {
                                "type": "text",
                                "text": "true"
                            }
                        ]
                    }
                ]
            }
        ]
    }
]