[
    {
        "user": "U3NS4Q413",
        "type": "message",
        "ts": "1525201335.000127",
        "text": "9,953,302 \"Social network with field level control of data exposure\" 04\/24\/2018 with a priority date of 1\/29\/2004\n\n14 years later, another patent I'm an inventor on is granted. Does anyone else see how silly this all is?\n<http:\/\/patft.uspto.gov\/netacgi\/nph-Parser?Sect1=PTO2&amp;Sect2=HITOFF&amp;p=1&amp;u=%2Fnetahtml%2FPTO%2Fsearch-bool.html&amp;r=1&amp;f=G&amp;l=50&amp;co1=AND&amp;d=PTXT&amp;s1=9953302.PN.&amp;OS=PN\/9953302&amp;RS=PN\/9953302>",
        "team": "T3NRU3N8L",
        "user_team": "T3NRU3N8L",
        "source_team": "T3NRU3N8L",
        "user_profile": {
            "avatar_hash": "9a824257f5f9",
            "image_72": "https:\/\/avatars.slack-edge.com\/2017-06-19\/200099674645_9a824257f5f9fea53c25_72.png",
            "first_name": "Randy",
            "real_name": "Randy Farmer",
            "display_name": "randy",
            "team": "T3NRU3N8L",
            "name": "randy",
            "is_restricted": false,
            "is_ultra_restricted": false
        },
        "blocks": [
            {
                "type": "rich_text",
                "block_id": "H468u",
                "elements": [
                    {
                        "type": "rich_text_section",
                        "elements": [
                            {
                                "type": "text",
                                "text": "9,953,302 \"Social network with field level control of data exposure\" 04\/24\/2018 with a priority date of 1\/29\/2004\n\n14 years later, another patent I'm an inventor on is granted. Does anyone else see how silly this all is?\n"
                            },
                            {
                                "type": "link",
                                "url": "http:\/\/patft.uspto.gov\/netacgi\/nph-Parser?Sect1=PTO2&amp;Sect2=HITOFF&amp;p=1&amp;u=%2Fnetahtml%2FPTO%2Fsearch-bool.html&amp;r=1&amp;f=G&amp;l=50&amp;co1=AND&amp;d=PTXT&amp;s1=9953302.PN.&amp;OS=PN\/9953302&amp;RS=PN\/9953302",
                                "text": "http:\/\/patft.uspto.gov\/netacgi\/nph-Parser?Sect1=PTO2&Sect2=HITOFF&p=1&u=%2Fnetahtml%2FPTO%2Fsearch-bool.html&r=1&f=G&l=50&co1=AND&d=PTXT&s1=9953302.PN.&OS=PN\/9953302&RS=PN\/9953302"
                            }
                        ]
                    }
                ]
            }
        ]
    },
    {
        "user": "U3N3P0V89",
        "type": "message",
        "ts": "1525201365.000005",
        "text": "i'd say it's getting ridiculous but i think we're well past that point already",
        "team": "T3NRU3N8L",
        "user_team": "T3NRU3N8L",
        "source_team": "T3NRU3N8L",
        "user_profile": {
            "avatar_hash": "6dcfc9e0d4c7",
            "image_72": "https:\/\/avatars.slack-edge.com\/2017-06-07\/195047001686_6dcfc9e0d4c71e750732_72.png",
            "first_name": "Stu",
            "real_name": "Stu",
            "display_name": "stu",
            "team": "T3NRU3N8L",
            "name": "stu",
            "is_restricted": false,
            "is_ultra_restricted": false
        },
        "blocks": [
            {
                "type": "rich_text",
                "block_id": "B66",
                "elements": [
                    {
                        "type": "rich_text_section",
                        "elements": [
                            {
                                "type": "text",
                                "text": "i'd say it's getting ridiculous but i think we're well past that point already"
                            }
                        ]
                    }
                ]
            }
        ]
    },
    {
        "user": "U40A3G4QM",
        "type": "message",
        "ts": "1525201384.000359",
        "text": "Congrats. A patent is a patent. :slightly_smiling_face:",
        "team": "T3NRU3N8L",
        "user_team": "T3NRU3N8L",
        "source_team": "T3NRU3N8L",
        "user_profile": {
            "avatar_hash": "g21c91d033ec",
            "image_72": "https:\/\/secure.gravatar.com\/avatar\/a21c91d033ec956f06feb12bdbb6a5a1.jpg?s=72&d=https%3A%2F%2Fa.slack-edge.com%2Fdf10d%2Fimg%2Favatars%2Fava_0008-72.png",
            "first_name": "David",
            "real_name": "David McIntyre",
            "display_name": "davidm",
            "team": "T3NRU3N8L",
            "name": "davidm",
            "is_restricted": false,
            "is_ultra_restricted": false
        },
        "blocks": [
            {
                "type": "rich_text",
                "block_id": "4PFa",
                "elements": [
                    {
                        "type": "rich_text_section",
                        "elements": [
                            {
                                "type": "text",
                                "text": "Congrats. A patent is a patent. "
                            },
                            {
                                "type": "emoji",
                                "name": "slightly_smiling_face",
                                "unicode": "1f642"
                            }
                        ]
                    }
                ]
            }
        ]
    },
    {
        "user": "U3NS4Q413",
        "type": "message",
        "ts": "1525201394.000026",
        "text": "Truth.",
        "team": "T3NRU3N8L",
        "user_team": "T3NRU3N8L",
        "source_team": "T3NRU3N8L",
        "user_profile": {
            "avatar_hash": "9a824257f5f9",
            "image_72": "https:\/\/avatars.slack-edge.com\/2017-06-19\/200099674645_9a824257f5f9fea53c25_72.png",
            "first_name": "Randy",
            "real_name": "Randy Farmer",
            "display_name": "randy",
            "team": "T3NRU3N8L",
            "name": "randy",
            "is_restricted": false,
            "is_ultra_restricted": false
        },
        "blocks": [
            {
                "type": "rich_text",
                "block_id": "gXl1",
                "elements": [
                    {
                        "type": "rich_text_section",
                        "elements": [
                            {
                                "type": "text",
                                "text": "Truth."
                            }
                        ]
                    }
                ]
            }
        ]
    },
    {
        "user": "U40A3G4QM",
        "type": "message",
        "ts": "1525201510.000329",
        "text": "Maybe you can go after Facebook for it",
        "team": "T3NRU3N8L",
        "user_team": "T3NRU3N8L",
        "source_team": "T3NRU3N8L",
        "user_profile": {
            "avatar_hash": "g21c91d033ec",
            "image_72": "https:\/\/secure.gravatar.com\/avatar\/a21c91d033ec956f06feb12bdbb6a5a1.jpg?s=72&d=https%3A%2F%2Fa.slack-edge.com%2Fdf10d%2Fimg%2Favatars%2Fava_0008-72.png",
            "first_name": "David",
            "real_name": "David McIntyre",
            "display_name": "davidm",
            "team": "T3NRU3N8L",
            "name": "davidm",
            "is_restricted": false,
            "is_ultra_restricted": false
        },
        "thread_ts": "1525201510.000329",
        "reply_count": 1,
        "reply_users_count": 1,
        "latest_reply": "1526516948.000211",
        "reply_users": [
            "U4Q8J6WLF"
        ],
        "replies": [
            {
                "user": "U4Q8J6WLF",
                "ts": "1526516948.000211"
            }
        ],
        "is_locked": false,
        "subscribed": false,
        "blocks": [
            {
                "type": "rich_text",
                "block_id": "Df7",
                "elements": [
                    {
                        "type": "rich_text_section",
                        "elements": [
                            {
                                "type": "text",
                                "text": "Maybe you can go after Facebook for it"
                            }
                        ]
                    }
                ]
            }
        ]
    },
    {
        "user": "U3NS4Q413",
        "type": "message",
        "ts": "1525203560.000053",
        "text": "They tried.",
        "team": "T3NRU3N8L",
        "user_team": "T3NRU3N8L",
        "source_team": "T3NRU3N8L",
        "user_profile": {
            "avatar_hash": "9a824257f5f9",
            "image_72": "https:\/\/avatars.slack-edge.com\/2017-06-19\/200099674645_9a824257f5f9fea53c25_72.png",
            "first_name": "Randy",
            "real_name": "Randy Farmer",
            "display_name": "randy",
            "team": "T3NRU3N8L",
            "name": "randy",
            "is_restricted": false,
            "is_ultra_restricted": false
        },
        "blocks": [
            {
                "type": "rich_text",
                "block_id": "3jixG",
                "elements": [
                    {
                        "type": "rich_text_section",
                        "elements": [
                            {
                                "type": "text",
                                "text": "They tried."
                            }
                        ]
                    }
                ]
            }
        ]
    }
]