[
    {
        "user": "U40A3G4QM",
        "type": "message",
        "ts": "1521820828.000148",
        "text": "Allow me to refine your rule down to its essence: Rule of Karaoke - 1. Never.",
        "team": "T3NRU3N8L",
        "user_team": "T3NRU3N8L",
        "source_team": "T3NRU3N8L",
        "user_profile": {
            "avatar_hash": "g21c91d033ec",
            "image_72": "https:\/\/secure.gravatar.com\/avatar\/a21c91d033ec956f06feb12bdbb6a5a1.jpg?s=72&d=https%3A%2F%2Fa.slack-edge.com%2Fdf10d%2Fimg%2Favatars%2Fava_0008-72.png",
            "first_name": "David",
            "real_name": "David McIntyre",
            "display_name": "davidm",
            "team": "T3NRU3N8L",
            "name": "davidm",
            "is_restricted": false,
            "is_ultra_restricted": false
        },
        "blocks": [
            {
                "type": "rich_text",
                "block_id": "uvn",
                "elements": [
                    {
                        "type": "rich_text_section",
                        "elements": [
                            {
                                "type": "text",
                                "text": "Allow me to refine your rule down to its essence: Rule of Karaoke - 1. Never."
                            }
                        ]
                    }
                ]
            }
        ]
    },
    {
        "subtype": "channel_join",
        "user": "U9W3U3HJS",
        "text": "<@U9W3U3HJS> has joined the channel",
        "type": "message",
        "ts": "1521830718.000630"
    }
]