[
    {
        "user": "U4DSY1R37",
        "type": "message",
        "ts": "1573181613.001000",
        "client_msg_id": "940e4b27-a406-487e-b3c2-86d6339c1bdd",
        "text": "<@U3N3TBZPT> Woohoo! Just ordered my wifi modem. As much as I would love to try it out with an emulator I'm waiting to boot it up on the real deal",
        "team": "T3NRU3N8L",
        "user_team": "T3NRU3N8L",
        "source_team": "T3NRU3N8L",
        "user_profile": {
            "avatar_hash": "g2740a87f10e",
            "image_72": "https:\/\/secure.gravatar.com\/avatar\/d2740a87f10eead375035f0dcb3012ae.jpg?s=72&d=https%3A%2F%2Fa.slack-edge.com%2Fdf10d%2Fimg%2Favatars%2Fava_0006-72.png",
            "first_name": "Justin",
            "real_name": "Justin May",
            "display_name": "dankreek",
            "team": "T3NRU3N8L",
            "name": "dankreek",
            "is_restricted": false,
            "is_ultra_restricted": false
        },
        "blocks": [
            {
                "type": "rich_text",
                "block_id": "UuI",
                "elements": [
                    {
                        "type": "rich_text_section",
                        "elements": [
                            {
                                "type": "user",
                                "user_id": "U3N3TBZPT"
                            },
                            {
                                "type": "text",
                                "text": " Woohoo! Just ordered my wifi modem. As much as I would love to try it out with an emulator I'm waiting to boot it up on the real deal"
                            }
                        ]
                    }
                ]
            }
        ]
    },
    {
        "user": "U3N3P0V89",
        "type": "message",
        "ts": "1573183253.001300",
        "client_msg_id": "1c88b62b-f561-485a-a904-e3e44513a407",
        "text": "can't wait to hear about your progress <@U4DSY1R37>",
        "team": "T3NRU3N8L",
        "user_team": "T3NRU3N8L",
        "source_team": "T3NRU3N8L",
        "user_profile": {
            "avatar_hash": "6dcfc9e0d4c7",
            "image_72": "https:\/\/avatars.slack-edge.com\/2017-06-07\/195047001686_6dcfc9e0d4c71e750732_72.png",
            "first_name": "Stu",
            "real_name": "Stu",
            "display_name": "stu",
            "team": "T3NRU3N8L",
            "name": "stu",
            "is_restricted": false,
            "is_ultra_restricted": false
        },
        "blocks": [
            {
                "type": "rich_text",
                "block_id": "LoCYz",
                "elements": [
                    {
                        "type": "rich_text_section",
                        "elements": [
                            {
                                "type": "text",
                                "text": "can't wait to hear about your progress "
                            },
                            {
                                "type": "user",
                                "user_id": "U4DSY1R37"
                            }
                        ]
                    }
                ]
            }
        ]
    },
    {
        "user": "U3N3P0V89",
        "type": "message",
        "ts": "1573183260.001500",
        "client_msg_id": "45a8d99c-b408-4d86-a50d-8636738c0075",
        "text": "running it on real hardware is the best",
        "team": "T3NRU3N8L",
        "user_team": "T3NRU3N8L",
        "source_team": "T3NRU3N8L",
        "user_profile": {
            "avatar_hash": "6dcfc9e0d4c7",
            "image_72": "https:\/\/avatars.slack-edge.com\/2017-06-07\/195047001686_6dcfc9e0d4c71e750732_72.png",
            "first_name": "Stu",
            "real_name": "Stu",
            "display_name": "stu",
            "team": "T3NRU3N8L",
            "name": "stu",
            "is_restricted": false,
            "is_ultra_restricted": false
        },
        "blocks": [
            {
                "type": "rich_text",
                "block_id": "g4mo",
                "elements": [
                    {
                        "type": "rich_text_section",
                        "elements": [
                            {
                                "type": "text",
                                "text": "running it on real hardware is the best"
                            }
                        ]
                    }
                ]
            }
        ]
    }
]