[
    {
        "user": "U3U46C90X",
        "type": "message",
        "ts": "1555794052.003800",
        "client_msg_id": "667128E7-771D-4065-AAB5-96047D252FD0",
        "text": "<@U3NS4Q413> Is this of any use you you? <https:\/\/www.humblebundle.com\/books\/3d-printable-dungeons?hmb_source=humble_home&amp;hmb_medium=product_tile&amp;hmb_campaign=mosaic_section_1_layout_index_2_layout_type_threes_tile_index_1_c_3dprintabledungeons_bookbundle>",
        "team": "T3NRU3N8L",
        "user_team": "T3NRU3N8L",
        "source_team": "T3NRU3N8L",
        "user_profile": {
            "avatar_hash": "g0aaf027158d",
            "image_72": "https:\/\/secure.gravatar.com\/avatar\/e0aaf027158d4139cd01983f497f3849.jpg?s=72&d=https%3A%2F%2Fa.slack-edge.com%2Fdf10d%2Fimg%2Favatars%2Fava_0016-72.png",
            "first_name": "Matt",
            "real_name": "Matt Post",
            "display_name": "neoedo1819",
            "team": "T3NRU3N8L",
            "name": "neoedo1819",
            "is_restricted": false,
            "is_ultra_restricted": false
        },
        "attachments": [
            {
                "service_name": "Humble Bundle",
                "title": "Humble 3D Printable Dungeons &amp; Cities Bundle for 5E Fantasy",
                "title_link": "https:\/\/www.humblebundle.com\/books\/3d-printable-dungeons?hmb_source=humble_home&hmb_medium=product_tile&hmb_campaign=mosaic_section_1_layout_index_2_layout_type_threes_tile_index_1_c_3dprintabledungeons_bookbundle",
                "text": "Pay what you want for awesome 3D models and support charity!",
                "fallback": "Humble Bundle: Humble 3D Printable Dungeons &amp; Cities Bundle for 5E Fantasy",
                "image_url": "https:\/\/hb.imgix.net\/bc39468c7adcff82b8138731dc1883058e38f8d8.png?auto=compress,format&h=630&w=1200&s=8ba7483cb0641bda2d27c3968bc3ffa7",
                "image_width": 476,
                "image_height": 250,
                "from_url": "https:\/\/www.humblebundle.com\/books\/3d-printable-dungeons?hmb_source=humble_home&hmb_medium=product_tile&hmb_campaign=mosaic_section_1_layout_index_2_layout_type_threes_tile_index_1_c_3dprintabledungeons_bookbundle",
                "image_bytes": 422764,
                "service_icon": "https:\/\/humblebundle-a.akamaihd.net\/static\/hashed\/03df0490a53d595fd930f9fff52038366d60a05d.png",
                "id": 1,
                "original_url": "https:\/\/www.humblebundle.com\/books\/3d-printable-dungeons?hmb_source=humble_home&amp;hmb_medium=product_tile&amp;hmb_campaign=mosaic_section_1_layout_index_2_layout_type_threes_tile_index_1_c_3dprintabledungeons_bookbundle"
            }
        ],
        "blocks": [
            {
                "type": "rich_text",
                "block_id": "DV8d",
                "elements": [
                    {
                        "type": "rich_text_section",
                        "elements": [
                            {
                                "type": "user",
                                "user_id": "U3NS4Q413"
                            },
                            {
                                "type": "text",
                                "text": " Is this of any use you you? "
                            },
                            {
                                "type": "link",
                                "url": "https:\/\/www.humblebundle.com\/books\/3d-printable-dungeons?hmb_source=humble_home&amp;hmb_medium=product_tile&amp;hmb_campaign=mosaic_section_1_layout_index_2_layout_type_threes_tile_index_1_c_3dprintabledungeons_bookbundle",
                                "text": "https:\/\/www.humblebundle.com\/books\/3d-printable-dungeons?hmb_source=humble_home&hmb_medium=product_tile&hmb_campaign=mosaic_section_1_layout_index_2_layout_type_threes_tile_index_1_c_3dprintabledungeons_bookbundle"
                            }
                        ]
                    }
                ]
            }
        ]
    },
    {
        "user": "U3NS4Q413",
        "type": "message",
        "ts": "1555803037.004400",
        "client_msg_id": "ed1986ba-cb2e-4506-b001-9c6ddd797f58",
        "text": "Nope. I don't have a 3D printer. Thanks for thinking of me tho!",
        "team": "T3NRU3N8L",
        "user_team": "T3NRU3N8L",
        "source_team": "T3NRU3N8L",
        "user_profile": {
            "avatar_hash": "9a824257f5f9",
            "image_72": "https:\/\/avatars.slack-edge.com\/2017-06-19\/200099674645_9a824257f5f9fea53c25_72.png",
            "first_name": "Randy",
            "real_name": "Randy Farmer",
            "display_name": "randy",
            "team": "T3NRU3N8L",
            "name": "randy",
            "is_restricted": false,
            "is_ultra_restricted": false
        },
        "blocks": [
            {
                "type": "rich_text",
                "block_id": "PFuK",
                "elements": [
                    {
                        "type": "rich_text_section",
                        "elements": [
                            {
                                "type": "text",
                                "text": "Nope. I don't have a 3D printer. Thanks for thinking of me tho!"
                            }
                        ]
                    }
                ]
            }
        ],
        "reactions": [
            {
                "name": "+1",
                "users": [
                    "U3U46C90X"
                ],
                "count": 1
            }
        ]
    }
]