[
    {
        "text": "",
        "files": [
            {
                "id": "FM3SRQZ54",
                "created": 1564950008,
                "timestamp": 1564950008,
                "name": "IMG_20190804_131930.jpg",
                "title": "IMG_20190804_131930.jpg",
                "mimetype": "image\/jpeg",
                "filetype": "jpg",
                "pretty_type": "JPEG",
                "user": "U3PF5D3GF",
                "user_team": "T3NRU3N8L",
                "editable": false,
                "size": 555471,
                "mode": "hosted",
                "is_external": false,
                "external_type": "",
                "is_public": true,
                "public_url_shared": false,
                "display_as_bot": false,
                "username": "",
                "url_private": "https:\/\/files.slack.com\/files-pri\/T3NRU3N8L-FM3SRQZ54\/img_20190804_131930.jpg?t=xoxe-124878124292-7467719047090-7480385333457-4296bbd25a5710071a4df099b64b6f19",
                "url_private_download": "https:\/\/files.slack.com\/files-pri\/T3NRU3N8L-FM3SRQZ54\/download\/img_20190804_131930.jpg?t=xoxe-124878124292-7467719047090-7480385333457-4296bbd25a5710071a4df099b64b6f19",
                "media_display_type": "unknown",
                "thumb_64": "https:\/\/files.slack.com\/files-tmb\/T3NRU3N8L-FM3SRQZ54-f757a0ca8a\/img_20190804_131930_64.jpg?t=xoxe-124878124292-7467719047090-7480385333457-4296bbd25a5710071a4df099b64b6f19",
                "thumb_80": "https:\/\/files.slack.com\/files-tmb\/T3NRU3N8L-FM3SRQZ54-f757a0ca8a\/img_20190804_131930_80.jpg?t=xoxe-124878124292-7467719047090-7480385333457-4296bbd25a5710071a4df099b64b6f19",
                "thumb_360": "https:\/\/files.slack.com\/files-tmb\/T3NRU3N8L-FM3SRQZ54-f757a0ca8a\/img_20190804_131930_360.jpg?t=xoxe-124878124292-7467719047090-7480385333457-4296bbd25a5710071a4df099b64b6f19",
                "thumb_360_w": 360,
                "thumb_360_h": 270,
                "thumb_480": "https:\/\/files.slack.com\/files-tmb\/T3NRU3N8L-FM3SRQZ54-f757a0ca8a\/img_20190804_131930_480.jpg?t=xoxe-124878124292-7467719047090-7480385333457-4296bbd25a5710071a4df099b64b6f19",
                "thumb_480_w": 480,
                "thumb_480_h": 360,
                "thumb_160": "https:\/\/files.slack.com\/files-tmb\/T3NRU3N8L-FM3SRQZ54-f757a0ca8a\/img_20190804_131930_160.jpg?t=xoxe-124878124292-7467719047090-7480385333457-4296bbd25a5710071a4df099b64b6f19",
                "thumb_720": "https:\/\/files.slack.com\/files-tmb\/T3NRU3N8L-FM3SRQZ54-f757a0ca8a\/img_20190804_131930_720.jpg?t=xoxe-124878124292-7467719047090-7480385333457-4296bbd25a5710071a4df099b64b6f19",
                "thumb_720_w": 720,
                "thumb_720_h": 540,
                "thumb_800": "https:\/\/files.slack.com\/files-tmb\/T3NRU3N8L-FM3SRQZ54-f757a0ca8a\/img_20190804_131930_800.jpg?t=xoxe-124878124292-7467719047090-7480385333457-4296bbd25a5710071a4df099b64b6f19",
                "thumb_800_w": 800,
                "thumb_800_h": 600,
                "thumb_960": "https:\/\/files.slack.com\/files-tmb\/T3NRU3N8L-FM3SRQZ54-f757a0ca8a\/img_20190804_131930_960.jpg?t=xoxe-124878124292-7467719047090-7480385333457-4296bbd25a5710071a4df099b64b6f19",
                "thumb_960_w": 960,
                "thumb_960_h": 720,
                "thumb_1024": "https:\/\/files.slack.com\/files-tmb\/T3NRU3N8L-FM3SRQZ54-f757a0ca8a\/img_20190804_131930_1024.jpg?t=xoxe-124878124292-7467719047090-7480385333457-4296bbd25a5710071a4df099b64b6f19",
                "thumb_1024_w": 1024,
                "thumb_1024_h": 768,
                "image_exif_rotation": 1,
                "original_w": 3264,
                "original_h": 2448,
                "permalink": "https:\/\/neohabitat.slack.com\/files\/U3PF5D3GF\/FM3SRQZ54\/img_20190804_131930.jpg",
                "permalink_public": "https:\/\/slack-files.com\/T3NRU3N8L-FM3SRQZ54-1be3eceb52",
                "is_starred": false,
                "has_rich_preview": false,
                "file_access": "visible"
            }
        ],
        "upload": true,
        "user": "U3PF5D3GF",
        "display_as_bot": false,
        "type": "message",
        "ts": "1564950012.000500",
        "client_msg_id": "5527883a-dce3-48bb-ab86-cc0641abd715",
        "reactions": [
            {
                "name": "heart",
                "users": [
                    "U3N3P0V89",
                    "U3N3TBZPT"
                ],
                "count": 2
            },
            {
                "name": "open_mouth",
                "users": [
                    "U41BJADGU"
                ],
                "count": 1
            }
        ]
    },
    {
        "user": "U3NS4Q413",
        "type": "message",
        "ts": "1564953479.001000",
        "client_msg_id": "c5a14088-c465-4e93-8c9e-f620e83f9172",
        "text": "Oh!",
        "team": "T3NRU3N8L",
        "user_team": "T3NRU3N8L",
        "source_team": "T3NRU3N8L",
        "user_profile": {
            "avatar_hash": "9a824257f5f9",
            "image_72": "https:\/\/avatars.slack-edge.com\/2017-06-19\/200099674645_9a824257f5f9fea53c25_72.png",
            "first_name": "Randy",
            "real_name": "Randy Farmer",
            "display_name": "randy",
            "team": "T3NRU3N8L",
            "name": "randy",
            "is_restricted": false,
            "is_ultra_restricted": false
        },
        "blocks": [
            {
                "type": "rich_text",
                "block_id": "YmrQ",
                "elements": [
                    {
                        "type": "rich_text_section",
                        "elements": [
                            {
                                "type": "text",
                                "text": "Oh!"
                            }
                        ]
                    }
                ]
            }
        ]
    },
    {
        "user": "U3N3TBZPT",
        "type": "message",
        "ts": "1564954043.001200",
        "client_msg_id": "748FE0D1-C78F-4311-A0BF-AF1E4563136A",
        "text": "whoaaaaa",
        "team": "T3NRU3N8L",
        "user_team": "T3NRU3N8L",
        "source_team": "T3NRU3N8L",
        "user_profile": {
            "avatar_hash": "g96f16513098",
            "image_72": "https:\/\/secure.gravatar.com\/avatar\/296f1651309839191e53ca51b0cca0cc.jpg?s=72&d=https%3A%2F%2Fa.slack-edge.com%2Fdf10d%2Fimg%2Favatars%2Fava_0001-72.png",
            "first_name": "Steve",
            "real_name": "Steve Salevan",
            "display_name": "steve",
            "team": "T3NRU3N8L",
            "name": "steve",
            "is_restricted": false,
            "is_ultra_restricted": false
        },
        "blocks": [
            {
                "type": "rich_text",
                "block_id": "6lGdn",
                "elements": [
                    {
                        "type": "rich_text_section",
                        "elements": [
                            {
                                "type": "text",
                                "text": "whoaaaaa"
                            }
                        ]
                    }
                ]
            }
        ]
    },
    {
        "user": "U3N3P0V89",
        "type": "message",
        "ts": "1564954154.001600",
        "client_msg_id": "59f5b873-1eab-4ceb-9961-82313e00da99",
        "text": "wish we could see video footage of this thing in action!",
        "team": "T3NRU3N8L",
        "user_team": "T3NRU3N8L",
        "source_team": "T3NRU3N8L",
        "user_profile": {
            "avatar_hash": "6dcfc9e0d4c7",
            "image_72": "https:\/\/avatars.slack-edge.com\/2017-06-07\/195047001686_6dcfc9e0d4c71e750732_72.png",
            "first_name": "Stu",
            "real_name": "Stu",
            "display_name": "stu",
            "team": "T3NRU3N8L",
            "name": "stu",
            "is_restricted": false,
            "is_ultra_restricted": false
        },
        "blocks": [
            {
                "type": "rich_text",
                "block_id": "i2uIG",
                "elements": [
                    {
                        "type": "rich_text_section",
                        "elements": [
                            {
                                "type": "text",
                                "text": "wish we could see video footage of this thing in action!"
                            }
                        ]
                    }
                ]
            }
        ]
    },
    {
        "user": "UFK3V82DS",
        "type": "message",
        "ts": "1564986591.002300",
        "client_msg_id": "cece5143-2699-476b-bdf9-42deac087e7c",
        "text": "It’s just the intro, somebody still has to hack the game to remove direct disk access, but it doesn’t need to swap disks anymore",
        "team": "T3NRU3N8L",
        "user_team": "T3NRU3N8L",
        "source_team": "T3NRU3N8L",
        "user_profile": {
            "avatar_hash": "cb5b0922c574",
            "image_72": "https:\/\/avatars.slack-edge.com\/2019-01-21\/528562768272_cb5b0922c574399b1919_72.jpg",
            "first_name": "Evie",
            "real_name": "Evie Salomon",
            "display_name": "Evie",
            "team": "T3NRU3N8L",
            "name": "evie",
            "is_restricted": false,
            "is_ultra_restricted": false
        },
        "blocks": [
            {
                "type": "rich_text",
                "block_id": "jrcZX",
                "elements": [
                    {
                        "type": "rich_text_section",
                        "elements": [
                            {
                                "type": "text",
                                "text": "It’s just the intro, somebody still has to hack the game to remove direct disk access, but it doesn’t need to swap disks anymore"
                            }
                        ]
                    }
                ]
            }
        ]
    }
]