[
    {
        "user": "U4Q8J6WLF",
        "type": "message",
        "ts": "1555032425.003500",
        "client_msg_id": "b6794563-560e-491c-9c76-0ef35680aa92",
        "text": "Hi all, It's been a while since I've been here.  A new article showed up today with a former editor of RUN magazine, Margaret Morabito, who wrote a book on the C128.  She mentions that she was a big fan of Habitat from the 1986 CES show.  Check it out: <https:\/\/amigalove.com\/viewtopic.php?f=5&amp;t=1018>",
        "team": "T3NRU3N8L",
        "user_team": "T3NRU3N8L",
        "source_team": "T3NRU3N8L",
        "user_profile": {
            "avatar_hash": "9ca82e45a5f5",
            "image_72": "https:\/\/avatars.slack-edge.com\/2017-04-12\/167955862913_9ca82e45a5f5be9239e9_72.jpg",
            "first_name": "Gary",
            "real_name": "Gary Lake-Schaal",
            "display_name": "glake1",
            "team": "T3NRU3N8L",
            "name": "glake1",
            "is_restricted": false,
            "is_ultra_restricted": false
        },
        "blocks": [
            {
                "type": "rich_text",
                "block_id": "Y7nR4",
                "elements": [
                    {
                        "type": "rich_text_section",
                        "elements": [
                            {
                                "type": "text",
                                "text": "Hi all, It's been a while since I've been here.  A new article showed up today with a former editor of RUN magazine, Margaret Morabito, who wrote a book on the C128.  She mentions that she was a big fan of Habitat from the 1986 CES show.  Check it out: "
                            },
                            {
                                "type": "link",
                                "url": "https:\/\/amigalove.com\/viewtopic.php?f=5&amp;t=1018",
                                "text": "https:\/\/amigalove.com\/viewtopic.php?f=5&t=1018"
                            }
                        ]
                    }
                ]
            }
        ],
        "reactions": [
            {
                "name": "sunglasses",
                "users": [
                    "UFK3V82DS"
                ],
                "count": 1
            }
        ]
    },
    {
        "user": "U4Q8J6WLF",
        "type": "message",
        "ts": "1555032558.003800",
        "client_msg_id": "8c3f7ce5-33a9-4ff1-a8b0-bd60140fa790",
        "text": "Morabito wrote: &gt;&gt;&gt;In 1986, I attended the Consumer Electronics Show in Chicago. The big excitement at that show for Commodore people was Q-Link and its newest addition, Habitat, which was developed by Lucasfilms. At the show, Lucasfilm's developers demonstrated Habitat to me and other media people. For the August 1986 issue of RUN, I wrote an article, entitled \"Enter the On-Line World of Lucasfilm\", in which I discussed the online world of Habitat and its residents, Avatars. Later in 2008, prior to the release of the science fiction movie, “Avatar”, my article was cited in the New York Times Magazine as being the first print article that used the term Avatar in its newest meaning. I don't know if it was the first, but it was a noteworthy article in terms of online interactive gaming history.",
        "team": "T3NRU3N8L",
        "user_team": "T3NRU3N8L",
        "source_team": "T3NRU3N8L",
        "user_profile": {
            "avatar_hash": "9ca82e45a5f5",
            "image_72": "https:\/\/avatars.slack-edge.com\/2017-04-12\/167955862913_9ca82e45a5f5be9239e9_72.jpg",
            "first_name": "Gary",
            "real_name": "Gary Lake-Schaal",
            "display_name": "glake1",
            "team": "T3NRU3N8L",
            "name": "glake1",
            "is_restricted": false,
            "is_ultra_restricted": false
        },
        "blocks": [
            {
                "type": "rich_text",
                "block_id": "OX+4V",
                "elements": [
                    {
                        "type": "rich_text_section",
                        "elements": [
                            {
                                "type": "text",
                                "text": "Morabito wrote: >>>In 1986, I attended the Consumer Electronics Show in Chicago. The big excitement at that show for Commodore people was Q-Link and its newest addition, Habitat, which was developed by Lucasfilms. At the show, Lucasfilm's developers demonstrated Habitat to me and other media people. For the August 1986 issue of RUN, I wrote an article, entitled \"Enter the On-Line World of Lucasfilm\", in which I discussed the online world of Habitat and its residents, Avatars. Later in 2008, prior to the release of the science fiction movie, “Avatar”, my article was cited in the New York Times Magazine as being the first print article that used the term Avatar in its newest meaning. I don't know if it was the first, but it was a noteworthy article in terms of online interactive gaming history."
                            }
                        ]
                    }
                ]
            }
        ]
    },
    {
        "user": "U3N3P0V89",
        "type": "message",
        "ts": "1555032938.000800",
        "edited": {
            "user": "U3N3P0V89",
            "ts": "1555033161.000000"
        },
        "client_msg_id": "33fa9653-2ce8-4929-93d7-f6772d45f752",
        "text": "(Here's the August 1986 copy of RUN with just the pertinent Habitat stuff: <http:\/\/www.renoproject.org\/imagearchive\/index.php?\/category\/123> . Click the little picture in picture icon up the top right to toggle image sizes.)",
        "team": "T3NRU3N8L",
        "user_team": "T3NRU3N8L",
        "source_team": "T3NRU3N8L",
        "user_profile": {
            "avatar_hash": "6dcfc9e0d4c7",
            "image_72": "https:\/\/avatars.slack-edge.com\/2017-06-07\/195047001686_6dcfc9e0d4c71e750732_72.png",
            "first_name": "Stu",
            "real_name": "Stu",
            "display_name": "stu",
            "team": "T3NRU3N8L",
            "name": "stu",
            "is_restricted": false,
            "is_ultra_restricted": false
        },
        "thread_ts": "1555032938.000800",
        "reply_count": 3,
        "reply_users_count": 3,
        "latest_reply": "1555062823.003100",
        "reply_users": [
            "UFK3V82DS",
            "U3N3P0V89",
            "U3NS476S0"
        ],
        "replies": [
            {
                "user": "UFK3V82DS",
                "ts": "1555033916.001200"
            },
            {
                "user": "U3N3P0V89",
                "ts": "1555040426.001500"
            },
            {
                "user": "U3NS476S0",
                "ts": "1555062823.003100"
            }
        ],
        "is_locked": false,
        "subscribed": false,
        "attachments": [
            {
                "title": "Habitat \/ Press Coverage \/ Run Magazine - August 1986 | Reno Project Image Archives",
                "title_link": "http:\/\/www.renoproject.org\/imagearchive\/index.php?\/category\/123",
                "text": "Habitat \/ Press Coverage \/ Run Magazine - August 1986",
                "fallback": "Habitat \/ Press Coverage \/ Run Magazine - August 1986 | Reno Project Image Archives",
                "from_url": "http:\/\/www.renoproject.org\/imagearchive\/index.php?\/category\/123",
                "service_icon": "http:\/\/www.renoproject.org\/favicon.ico",
                "service_name": "renoproject.org",
                "id": 1,
                "original_url": "http:\/\/www.renoproject.org\/imagearchive\/index.php?\/category\/123"
            }
        ],
        "blocks": [
            {
                "type": "rich_text",
                "block_id": "\/FHj",
                "elements": [
                    {
                        "type": "rich_text_section",
                        "elements": [
                            {
                                "type": "text",
                                "text": "(Here's the August 1986 copy of RUN with just the pertinent Habitat stuff: "
                            },
                            {
                                "type": "link",
                                "url": "http:\/\/www.renoproject.org\/imagearchive\/index.php?\/category\/123"
                            },
                            {
                                "type": "text",
                                "text": " . Click the little picture in picture icon up the top right to toggle image sizes.)"
                            }
                        ]
                    }
                ]
            }
        ],
        "reactions": [
            {
                "name": "slightly_smiling_face",
                "users": [
                    "U41BJADGU"
                ],
                "count": 1
            }
        ]
    },
    {
        "user": "UFK3V82DS",
        "type": "message",
        "ts": "1555033916.001200",
        "client_msg_id": "f9827fc3-bfe0-4de1-9817-1668884f59ba",
        "text": "We have this mag in the museum!",
        "team": "T3NRU3N8L",
        "user_team": "T3NRU3N8L",
        "source_team": "T3NRU3N8L",
        "user_profile": {
            "avatar_hash": "cb5b0922c574",
            "image_72": "https:\/\/avatars.slack-edge.com\/2019-01-21\/528562768272_cb5b0922c574399b1919_72.jpg",
            "first_name": "Evie",
            "real_name": "Evie Salomon",
            "display_name": "Evie",
            "team": "T3NRU3N8L",
            "name": "evie",
            "is_restricted": false,
            "is_ultra_restricted": false
        },
        "thread_ts": "1555032938.000800",
        "parent_user_id": "U3N3P0V89",
        "blocks": [
            {
                "type": "rich_text",
                "block_id": "j172",
                "elements": [
                    {
                        "type": "rich_text_section",
                        "elements": [
                            {
                                "type": "text",
                                "text": "We have this mag in the museum!"
                            }
                        ]
                    }
                ]
            }
        ],
        "reactions": [
            {
                "name": "smile",
                "users": [
                    "U3N3P0V89"
                ],
                "count": 1
            }
        ]
    },
    {
        "user": "U3N3P0V89",
        "type": "message",
        "ts": "1555040426.001500",
        "client_msg_id": "a0990f69-b804-4031-b6a2-c339e7c68282",
        "text": "We have region data for most if not all of the regions pictured in the article. The majority of them are pretty different to what was actually released.\n\nMaybe I should polish the alpha regions up, stitch them together and you could link the two together somehow at the made one day.",
        "team": "T3NRU3N8L",
        "user_team": "T3NRU3N8L",
        "source_team": "T3NRU3N8L",
        "user_profile": {
            "avatar_hash": "6dcfc9e0d4c7",
            "image_72": "https:\/\/avatars.slack-edge.com\/2017-06-07\/195047001686_6dcfc9e0d4c71e750732_72.png",
            "first_name": "Stu",
            "real_name": "Stu",
            "display_name": "stu",
            "team": "T3NRU3N8L",
            "name": "stu",
            "is_restricted": false,
            "is_ultra_restricted": false
        },
        "thread_ts": "1555032938.000800",
        "parent_user_id": "U3N3P0V89",
        "blocks": [
            {
                "type": "rich_text",
                "block_id": "rvb",
                "elements": [
                    {
                        "type": "rich_text_section",
                        "elements": [
                            {
                                "type": "text",
                                "text": "We have region data for most if not all of the regions pictured in the article. The majority of them are pretty different to what was actually released.\n\nMaybe I should polish the alpha regions up, stitch them together and you could link the two together somehow at the made one day."
                            }
                        ]
                    }
                ]
            }
        ]
    }
]