[
    {
        "text": "I saw this while taking a walk earlier today.",
        "files": [
            {
                "id": "FGMU2JQBU",
                "created": 1551659468,
                "timestamp": 1551659468,
                "name": "1138 Elm Street.jpg",
                "title": "1138 Elm Street.jpg",
                "mimetype": "image\/jpeg",
                "filetype": "jpg",
                "pretty_type": "JPEG",
                "user": "U41BJADGU",
                "user_team": "T3NRU3N8L",
                "editable": false,
                "size": 5183648,
                "mode": "hosted",
                "is_external": false,
                "external_type": "",
                "is_public": true,
                "public_url_shared": false,
                "display_as_bot": false,
                "username": "",
                "url_private": "https:\/\/files.slack.com\/files-pri\/T3NRU3N8L-FGMU2JQBU\/1138_elm_street.jpg?t=xoxe-124878124292-7467719047090-7480385333457-4296bbd25a5710071a4df099b64b6f19",
                "url_private_download": "https:\/\/files.slack.com\/files-pri\/T3NRU3N8L-FGMU2JQBU\/download\/1138_elm_street.jpg?t=xoxe-124878124292-7467719047090-7480385333457-4296bbd25a5710071a4df099b64b6f19",
                "media_display_type": "unknown",
                "thumb_64": "https:\/\/files.slack.com\/files-tmb\/T3NRU3N8L-FGMU2JQBU-3ab8abd62e\/1138_elm_street_64.jpg?t=xoxe-124878124292-7467719047090-7480385333457-4296bbd25a5710071a4df099b64b6f19",
                "thumb_80": "https:\/\/files.slack.com\/files-tmb\/T3NRU3N8L-FGMU2JQBU-3ab8abd62e\/1138_elm_street_80.jpg?t=xoxe-124878124292-7467719047090-7480385333457-4296bbd25a5710071a4df099b64b6f19",
                "thumb_360": "https:\/\/files.slack.com\/files-tmb\/T3NRU3N8L-FGMU2JQBU-3ab8abd62e\/1138_elm_street_360.jpg?t=xoxe-124878124292-7467719047090-7480385333457-4296bbd25a5710071a4df099b64b6f19",
                "thumb_360_w": 360,
                "thumb_360_h": 298,
                "thumb_480": "https:\/\/files.slack.com\/files-tmb\/T3NRU3N8L-FGMU2JQBU-3ab8abd62e\/1138_elm_street_480.jpg?t=xoxe-124878124292-7467719047090-7480385333457-4296bbd25a5710071a4df099b64b6f19",
                "thumb_480_w": 480,
                "thumb_480_h": 397,
                "thumb_160": "https:\/\/files.slack.com\/files-tmb\/T3NRU3N8L-FGMU2JQBU-3ab8abd62e\/1138_elm_street_160.jpg?t=xoxe-124878124292-7467719047090-7480385333457-4296bbd25a5710071a4df099b64b6f19",
                "thumb_720": "https:\/\/files.slack.com\/files-tmb\/T3NRU3N8L-FGMU2JQBU-3ab8abd62e\/1138_elm_street_720.jpg?t=xoxe-124878124292-7467719047090-7480385333457-4296bbd25a5710071a4df099b64b6f19",
                "thumb_720_w": 720,
                "thumb_720_h": 596,
                "thumb_800": "https:\/\/files.slack.com\/files-tmb\/T3NRU3N8L-FGMU2JQBU-3ab8abd62e\/1138_elm_street_800.jpg?t=xoxe-124878124292-7467719047090-7480385333457-4296bbd25a5710071a4df099b64b6f19",
                "thumb_800_w": 800,
                "thumb_800_h": 662,
                "thumb_960": "https:\/\/files.slack.com\/files-tmb\/T3NRU3N8L-FGMU2JQBU-3ab8abd62e\/1138_elm_street_960.jpg?t=xoxe-124878124292-7467719047090-7480385333457-4296bbd25a5710071a4df099b64b6f19",
                "thumb_960_w": 960,
                "thumb_960_h": 794,
                "thumb_1024": "https:\/\/files.slack.com\/files-tmb\/T3NRU3N8L-FGMU2JQBU-3ab8abd62e\/1138_elm_street_1024.jpg?t=xoxe-124878124292-7467719047090-7480385333457-4296bbd25a5710071a4df099b64b6f19",
                "thumb_1024_w": 1024,
                "thumb_1024_h": 847,
                "image_exif_rotation": 1,
                "original_w": 3771,
                "original_h": 3120,
                "permalink": "https:\/\/neohabitat.slack.com\/files\/U41BJADGU\/FGMU2JQBU\/1138_elm_street.jpg",
                "permalink_public": "https:\/\/slack-files.com\/T3NRU3N8L-FGMU2JQBU-34e8f34c80",
                "is_starred": false,
                "has_rich_preview": false,
                "file_access": "visible"
            }
        ],
        "upload": true,
        "user": "U41BJADGU",
        "display_as_bot": false,
        "blocks": [
            {
                "type": "rich_text",
                "block_id": "NjIsi",
                "elements": [
                    {
                        "type": "rich_text_section",
                        "elements": [
                            {
                                "type": "text",
                                "text": "I saw this while taking a walk earlier today."
                            }
                        ]
                    }
                ]
            }
        ],
        "type": "message",
        "ts": "1551659474.000100",
        "reactions": [
            {
                "name": "+1::skin-tone-3",
                "users": [
                    "U3NS4Q413",
                    "U3N3P0V89"
                ],
                "count": 2
            }
        ]
    }
]