[
    {
        "user": "U3U46C90X",
        "type": "message",
        "ts": "1546935937.008000",
        "client_msg_id": "53D67B51-94AE-45C1-ACD5-741326B8209B",
        "text": "No problem, one of these days I want to have a proper go myself - I play magic the gathering every week in my local game store but I’ve never done d&amp;d properly (I played it briefly and badly as a kid)",
        "team": "T3NRU3N8L",
        "user_team": "T3NRU3N8L",
        "source_team": "T3NRU3N8L",
        "user_profile": {
            "avatar_hash": "g0aaf027158d",
            "image_72": "https:\/\/secure.gravatar.com\/avatar\/e0aaf027158d4139cd01983f497f3849.jpg?s=72&d=https%3A%2F%2Fa.slack-edge.com%2Fdf10d%2Fimg%2Favatars%2Fava_0016-72.png",
            "first_name": "Matt",
            "real_name": "Matt Post",
            "display_name": "neoedo1819",
            "team": "T3NRU3N8L",
            "name": "neoedo1819",
            "is_restricted": false,
            "is_ultra_restricted": false
        },
        "blocks": [
            {
                "type": "rich_text",
                "block_id": "p5L",
                "elements": [
                    {
                        "type": "rich_text_section",
                        "elements": [
                            {
                                "type": "text",
                                "text": "No problem, one of these days I want to have a proper go myself - I play magic the gathering every week in my local game store but I’ve never done d&d properly (I played it briefly and badly as a kid)"
                            }
                        ]
                    }
                ]
            }
        ]
    }
]