[
    {
        "subtype": "channel_join",
        "user": "UGZB996GL",
        "text": "<@UGZB996GL> has joined the channel",
        "type": "message",
        "ts": "1552594083.000200"
    },
    {
        "user": "U6J1PK448",
        "type": "message",
        "ts": "1552611949.000400",
        "client_msg_id": "6e71719d-99c0-4ce2-a451-a98c3974eee6",
        "text": "I am alive!",
        "team": "T3NRU3N8L",
        "user_team": "T3NRU3N8L",
        "source_team": "T3NRU3N8L",
        "user_profile": {
            "avatar_hash": "g5085dce638e",
            "image_72": "https:\/\/secure.gravatar.com\/avatar\/85085dce638ec1a0862ed3a8d7dca7fa.jpg?s=72&d=https%3A%2F%2Fa.slack-edge.com%2Fdf10d%2Fimg%2Favatars%2Fava_0011-72.png",
            "first_name": "Alex",
            "real_name": "Alex S",
            "display_name": "meowcat285",
            "team": "T3NRU3N8L",
            "name": "meowcat285",
            "is_restricted": false,
            "is_ultra_restricted": false
        },
        "blocks": [
            {
                "type": "rich_text",
                "block_id": "VvKv",
                "elements": [
                    {
                        "type": "rich_text_section",
                        "elements": [
                            {
                                "type": "text",
                                "text": "I am alive!"
                            }
                        ]
                    }
                ]
            }
        ]
    }
]