[
    {
        "subtype": "channel_join",
        "user": "UF80CMSG2",
        "text": "<@UF80CMSG2> has joined the channel",
        "type": "message",
        "ts": "1546862372.001400"
    },
    {
        "user": "U3U46C90X",
        "type": "message",
        "ts": "1546915238.002300",
        "client_msg_id": "424cbba8-0635-4881-be66-f4e9c5f895f5",
        "text": "<@U3NS4Q413> would this be of any interest to you",
        "team": "T3NRU3N8L",
        "user_team": "T3NRU3N8L",
        "source_team": "T3NRU3N8L",
        "user_profile": {
            "avatar_hash": "g0aaf027158d",
            "image_72": "https:\/\/secure.gravatar.com\/avatar\/e0aaf027158d4139cd01983f497f3849.jpg?s=72&d=https%3A%2F%2Fa.slack-edge.com%2Fdf10d%2Fimg%2Favatars%2Fava_0016-72.png",
            "first_name": "Matt",
            "real_name": "Matt Post",
            "display_name": "neoedo1819",
            "team": "T3NRU3N8L",
            "name": "neoedo1819",
            "is_restricted": false,
            "is_ultra_restricted": false
        },
        "blocks": [
            {
                "type": "rich_text",
                "block_id": "ECNsp",
                "elements": [
                    {
                        "type": "rich_text_section",
                        "elements": [
                            {
                                "type": "user",
                                "user_id": "U3NS4Q413"
                            },
                            {
                                "type": "text",
                                "text": " would this be of any interest to you"
                            }
                        ]
                    }
                ]
            }
        ]
    },
    {
        "user": "U3U46C90X",
        "type": "message",
        "ts": "1546915241.002500",
        "client_msg_id": "8272fb1a-2fa5-4fb8-97ca-477b648b7d5d",
        "text": "<https:\/\/www.humblebundle.com\/books\/5e-fantasy-dragons-dungeons-maps?hmb_source=navbar&amp;hmb_medium=product_tile&amp;hmb_campaign=tile_index_4>",
        "team": "T3NRU3N8L",
        "user_team": "T3NRU3N8L",
        "source_team": "T3NRU3N8L",
        "user_profile": {
            "avatar_hash": "g0aaf027158d",
            "image_72": "https:\/\/secure.gravatar.com\/avatar\/e0aaf027158d4139cd01983f497f3849.jpg?s=72&d=https%3A%2F%2Fa.slack-edge.com%2Fdf10d%2Fimg%2Favatars%2Fava_0016-72.png",
            "first_name": "Matt",
            "real_name": "Matt Post",
            "display_name": "neoedo1819",
            "team": "T3NRU3N8L",
            "name": "neoedo1819",
            "is_restricted": false,
            "is_ultra_restricted": false
        },
        "attachments": [
            {
                "service_name": "Humble Bundle",
                "title": "Humble RPG Book Bundle: 5th Edition Fantasy – Dragons, Dungeons, Maps and more",
                "title_link": "https:\/\/www.humblebundle.com\/books\/5e-fantasy-dragons-dungeons-maps?hmb_source=navbar&hmb_medium=product_tile&hmb_campaign=tile_index_4",
                "text": "Pay what you want for awesome ebooks and support charity!",
                "fallback": "Humble Bundle: Humble RPG Book Bundle: 5th Edition Fantasy – Dragons, Dungeons, Maps and more",
                "image_url": "https:\/\/hb.imgix.net\/72404eda64a023f47069224647cbc6f0b592e833.png?auto=compress,format&h=630&w=1200&s=9c1a2767e7304d72d093c43aa14523a3",
                "image_width": 476,
                "image_height": 250,
                "from_url": "https:\/\/www.humblebundle.com\/books\/5e-fantasy-dragons-dungeons-maps?hmb_source=navbar&hmb_medium=product_tile&hmb_campaign=tile_index_4",
                "image_bytes": 87745,
                "service_icon": "https:\/\/humblebundle-a.akamaihd.net\/static\/hashed\/03df0490a53d595fd930f9fff52038366d60a05d.png",
                "id": 1,
                "original_url": "https:\/\/www.humblebundle.com\/books\/5e-fantasy-dragons-dungeons-maps?hmb_source=navbar&amp;hmb_medium=product_tile&amp;hmb_campaign=tile_index_4"
            }
        ],
        "blocks": [
            {
                "type": "rich_text",
                "block_id": "x7peE",
                "elements": [
                    {
                        "type": "rich_text_section",
                        "elements": [
                            {
                                "type": "link",
                                "url": "https:\/\/www.humblebundle.com\/books\/5e-fantasy-dragons-dungeons-maps?hmb_source=navbar&amp;hmb_medium=product_tile&amp;hmb_campaign=tile_index_4",
                                "text": "https:\/\/www.humblebundle.com\/books\/5e-fantasy-dragons-dungeons-maps?hmb_source=navbar&hmb_medium=product_tile&hmb_campaign=tile_index_4"
                            }
                        ]
                    }
                ]
            }
        ]
    },
    {
        "user": "U3U46C90X",
        "type": "message",
        "ts": "1546915276.003000",
        "client_msg_id": "9cfc61ac-3e00-44b2-8aea-30d391dae3c6",
        "text": "I know you mentioned playing d&amp;d before",
        "team": "T3NRU3N8L",
        "user_team": "T3NRU3N8L",
        "source_team": "T3NRU3N8L",
        "user_profile": {
            "avatar_hash": "g0aaf027158d",
            "image_72": "https:\/\/secure.gravatar.com\/avatar\/e0aaf027158d4139cd01983f497f3849.jpg?s=72&d=https%3A%2F%2Fa.slack-edge.com%2Fdf10d%2Fimg%2Favatars%2Fava_0016-72.png",
            "first_name": "Matt",
            "real_name": "Matt Post",
            "display_name": "neoedo1819",
            "team": "T3NRU3N8L",
            "name": "neoedo1819",
            "is_restricted": false,
            "is_ultra_restricted": false
        },
        "blocks": [
            {
                "type": "rich_text",
                "block_id": "uYPkg",
                "elements": [
                    {
                        "type": "rich_text_section",
                        "elements": [
                            {
                                "type": "text",
                                "text": "I know you mentioned playing d&d before"
                            }
                        ]
                    }
                ]
            }
        ]
    },
    {
        "user": "U3U46C90X",
        "type": "message",
        "ts": "1546915294.003500",
        "client_msg_id": "174eea91-2694-4b1c-8f80-c6387f976b7f",
        "text": "only about a 1 1\/2 days left though",
        "team": "T3NRU3N8L",
        "user_team": "T3NRU3N8L",
        "source_team": "T3NRU3N8L",
        "user_profile": {
            "avatar_hash": "g0aaf027158d",
            "image_72": "https:\/\/secure.gravatar.com\/avatar\/e0aaf027158d4139cd01983f497f3849.jpg?s=72&d=https%3A%2F%2Fa.slack-edge.com%2Fdf10d%2Fimg%2Favatars%2Fava_0016-72.png",
            "first_name": "Matt",
            "real_name": "Matt Post",
            "display_name": "neoedo1819",
            "team": "T3NRU3N8L",
            "name": "neoedo1819",
            "is_restricted": false,
            "is_ultra_restricted": false
        },
        "blocks": [
            {
                "type": "rich_text",
                "block_id": "ljcMP",
                "elements": [
                    {
                        "type": "rich_text_section",
                        "elements": [
                            {
                                "type": "text",
                                "text": "only about a 1 1\/2 days left though"
                            }
                        ]
                    }
                ]
            }
        ]
    },
    {
        "user": "U3NS4Q413",
        "type": "message",
        "ts": "1546929627.004600",
        "client_msg_id": "ea8e4799-2408-413d-858f-3a7f09c573e3",
        "text": "Thanks for thinking of me!  I have the stuff from that bundle that I would want already.",
        "team": "T3NRU3N8L",
        "user_team": "T3NRU3N8L",
        "source_team": "T3NRU3N8L",
        "user_profile": {
            "avatar_hash": "9a824257f5f9",
            "image_72": "https:\/\/avatars.slack-edge.com\/2017-06-19\/200099674645_9a824257f5f9fea53c25_72.png",
            "first_name": "Randy",
            "real_name": "Randy Farmer",
            "display_name": "randy",
            "team": "T3NRU3N8L",
            "name": "randy",
            "is_restricted": false,
            "is_ultra_restricted": false
        },
        "blocks": [
            {
                "type": "rich_text",
                "block_id": "eLHw",
                "elements": [
                    {
                        "type": "rich_text_section",
                        "elements": [
                            {
                                "type": "text",
                                "text": "Thanks for thinking of me!  I have the stuff from that bundle that I would want already."
                            }
                        ]
                    }
                ]
            }
        ],
        "reactions": [
            {
                "name": "heavy_check_mark",
                "users": [
                    "U3U46C90X"
                ],
                "count": 1
            }
        ]
    }
]