[
    {
        "user": "UJLK3K4DS",
        "type": "message",
        "ts": "1588876462.004100",
        "client_msg_id": "f77540ab-26a3-4b58-b0b9-50bf472c8804",
        "text": "Hello, does anyone know if Quantumlink reloaded is online? , I am trying to connect via VICE following the instructions in this web <http:\/\/orrtech.us\/qlink\/index.html> , but i can't get connectrion.",
        "team": "T3NRU3N8L",
        "user_team": "T3NRU3N8L",
        "source_team": "T3NRU3N8L",
        "user_profile": {
            "avatar_hash": "639e026641d3",
            "image_72": "https:\/\/avatars.slack-edge.com\/2022-03-25\/3296810688003_639e026641d3dc2c2ae2_72.jpg",
            "first_name": "Naibor",
            "real_name": "Naibor",
            "display_name": "Naibor",
            "team": "T3NRU3N8L",
            "name": "pedrouran",
            "is_restricted": false,
            "is_ultra_restricted": false
        },
        "blocks": [
            {
                "type": "rich_text",
                "block_id": "lLr",
                "elements": [
                    {
                        "type": "rich_text_section",
                        "elements": [
                            {
                                "type": "text",
                                "text": "Hello, does anyone know if Quantumlink reloaded is online? , I am trying to connect via VICE following the instructions in this web "
                            },
                            {
                                "type": "link",
                                "url": "http:\/\/orrtech.us\/qlink\/index.html"
                            },
                            {
                                "type": "text",
                                "text": " , but i can't get connectrion."
                            }
                        ]
                    }
                ]
            }
        ]
    },
    {
        "user": "UJLK3K4DS",
        "type": "message",
        "ts": "1588876632.006200",
        "client_msg_id": "602950e0-8a6a-4bdb-9026-3a807078d4a4",
        "text": "I have tested telnet on <http:\/\/qlink.lyonlabs.org|qlink.lyonlabs.org> 5190 and I have no response, however I have tested telnet on <http:\/\/q-link.net|q-link.net> 5190 and i got prompt, but trying to connect with vice I can't connect",
        "team": "T3NRU3N8L",
        "user_team": "T3NRU3N8L",
        "source_team": "T3NRU3N8L",
        "user_profile": {
            "avatar_hash": "639e026641d3",
            "image_72": "https:\/\/avatars.slack-edge.com\/2022-03-25\/3296810688003_639e026641d3dc2c2ae2_72.jpg",
            "first_name": "Naibor",
            "real_name": "Naibor",
            "display_name": "Naibor",
            "team": "T3NRU3N8L",
            "name": "pedrouran",
            "is_restricted": false,
            "is_ultra_restricted": false
        },
        "blocks": [
            {
                "type": "rich_text",
                "block_id": "RqB",
                "elements": [
                    {
                        "type": "rich_text_section",
                        "elements": [
                            {
                                "type": "text",
                                "text": "I have tested telnet on "
                            },
                            {
                                "type": "link",
                                "url": "http:\/\/qlink.lyonlabs.org",
                                "text": "qlink.lyonlabs.org"
                            },
                            {
                                "type": "text",
                                "text": " 5190 and I have no response, however I have tested telnet on "
                            },
                            {
                                "type": "link",
                                "url": "http:\/\/q-link.net",
                                "text": "q-link.net"
                            },
                            {
                                "type": "text",
                                "text": " 5190 and i got prompt, but trying to connect with vice I can't connect"
                            }
                        ]
                    }
                ]
            }
        ]
    },
    {
        "text": "",
        "files": [
            {
                "id": "F01379NRFT7",
                "created": 1588876656,
                "timestamp": 1588876656,
                "name": "image.png",
                "title": "image.png",
                "mimetype": "image\/png",
                "filetype": "png",
                "pretty_type": "PNG",
                "user": "UJLK3K4DS",
                "user_team": "T3NRU3N8L",
                "editable": false,
                "size": 75921,
                "mode": "hosted",
                "is_external": false,
                "external_type": "",
                "is_public": true,
                "public_url_shared": false,
                "display_as_bot": false,
                "username": "",
                "url_private": "https:\/\/files.slack.com\/files-pri\/T3NRU3N8L-F01379NRFT7\/image.png?t=xoxe-124878124292-7467719047090-7480385333457-4296bbd25a5710071a4df099b64b6f19",
                "url_private_download": "https:\/\/files.slack.com\/files-pri\/T3NRU3N8L-F01379NRFT7\/download\/image.png?t=xoxe-124878124292-7467719047090-7480385333457-4296bbd25a5710071a4df099b64b6f19",
                "media_display_type": "unknown",
                "thumb_64": "https:\/\/files.slack.com\/files-tmb\/T3NRU3N8L-F01379NRFT7-79248ed988\/image_64.png?t=xoxe-124878124292-7467719047090-7480385333457-4296bbd25a5710071a4df099b64b6f19",
                "thumb_80": "https:\/\/files.slack.com\/files-tmb\/T3NRU3N8L-F01379NRFT7-79248ed988\/image_80.png?t=xoxe-124878124292-7467719047090-7480385333457-4296bbd25a5710071a4df099b64b6f19",
                "thumb_360": "https:\/\/files.slack.com\/files-tmb\/T3NRU3N8L-F01379NRFT7-79248ed988\/image_360.png?t=xoxe-124878124292-7467719047090-7480385333457-4296bbd25a5710071a4df099b64b6f19",
                "thumb_360_w": 360,
                "thumb_360_h": 297,
                "thumb_480": "https:\/\/files.slack.com\/files-tmb\/T3NRU3N8L-F01379NRFT7-79248ed988\/image_480.png?t=xoxe-124878124292-7467719047090-7480385333457-4296bbd25a5710071a4df099b64b6f19",
                "thumb_480_w": 480,
                "thumb_480_h": 396,
                "thumb_160": "https:\/\/files.slack.com\/files-tmb\/T3NRU3N8L-F01379NRFT7-79248ed988\/image_160.png?t=xoxe-124878124292-7467719047090-7480385333457-4296bbd25a5710071a4df099b64b6f19",
                "thumb_720": "https:\/\/files.slack.com\/files-tmb\/T3NRU3N8L-F01379NRFT7-79248ed988\/image_720.png?t=xoxe-124878124292-7467719047090-7480385333457-4296bbd25a5710071a4df099b64b6f19",
                "thumb_720_w": 720,
                "thumb_720_h": 594,
                "thumb_800": "https:\/\/files.slack.com\/files-tmb\/T3NRU3N8L-F01379NRFT7-79248ed988\/image_800.png?t=xoxe-124878124292-7467719047090-7480385333457-4296bbd25a5710071a4df099b64b6f19",
                "thumb_800_w": 800,
                "thumb_800_h": 660,
                "thumb_960": "https:\/\/files.slack.com\/files-tmb\/T3NRU3N8L-F01379NRFT7-79248ed988\/image_960.png?t=xoxe-124878124292-7467719047090-7480385333457-4296bbd25a5710071a4df099b64b6f19",
                "thumb_960_w": 960,
                "thumb_960_h": 792,
                "thumb_1024": "https:\/\/files.slack.com\/files-tmb\/T3NRU3N8L-F01379NRFT7-79248ed988\/image_1024.png?t=xoxe-124878124292-7467719047090-7480385333457-4296bbd25a5710071a4df099b64b6f19",
                "thumb_1024_w": 1024,
                "thumb_1024_h": 845,
                "original_w": 1295,
                "original_h": 1069,
                "thumb_tiny": "AwAnADC1JMkWN7hc9M0z7bD\/AM9VqrqfPlD6\/wBKo7Oev6GoS0ISujZ+2xf89lo+2xf89lrGKEHH9DRsPr+hp28x8ps\/bYv+ey06O4WXOxw2OuKxNhwfb2q7pf8Ay1\/D+tJrQTVkLqZwYvx\/pVLI9R\/n8Ku6p\/yy\/H+lZ9OOxUdh24en8qNw9P5U2iqGO3D0\/lV7TDnzfw\/rWfV\/S\/8Alr+H9amWxMtjQaMNjcqn6ik8hP8Anmn5CpaKOVByoi8hP+eafkKPIT\/nmn5CpaKOVByoi8hP+eafkKAipnaoHrgVLUZ\/io5UHKj\/2Q==",
                "permalink": "https:\/\/neohabitat.slack.com\/files\/UJLK3K4DS\/F01379NRFT7\/image.png",
                "permalink_public": "https:\/\/slack-files.com\/T3NRU3N8L-F01379NRFT7-07eee9d254",
                "is_starred": false,
                "has_rich_preview": false,
                "file_access": "visible"
            }
        ],
        "upload": true,
        "user": "UJLK3K4DS",
        "display_as_bot": false,
        "type": "message",
        "ts": "1588876660.006300",
        "client_msg_id": "277fd95f-3815-493d-b87d-ec19ace74d01"
    },
    {
        "user": "UJLK3K4DS",
        "type": "message",
        "ts": "1588876714.006700",
        "client_msg_id": "7b8ac028-69e7-4746-bcca-31f517da5d75",
        "text": "This is my configuration",
        "team": "T3NRU3N8L",
        "user_team": "T3NRU3N8L",
        "source_team": "T3NRU3N8L",
        "user_profile": {
            "avatar_hash": "639e026641d3",
            "image_72": "https:\/\/avatars.slack-edge.com\/2022-03-25\/3296810688003_639e026641d3dc2c2ae2_72.jpg",
            "first_name": "Naibor",
            "real_name": "Naibor",
            "display_name": "Naibor",
            "team": "T3NRU3N8L",
            "name": "pedrouran",
            "is_restricted": false,
            "is_ultra_restricted": false
        },
        "blocks": [
            {
                "type": "rich_text",
                "block_id": "QNvD",
                "elements": [
                    {
                        "type": "rich_text_section",
                        "elements": [
                            {
                                "type": "text",
                                "text": "This is my configuration"
                            }
                        ]
                    }
                ]
            }
        ]
    },
    {
        "text": "",
        "files": [
            {
                "id": "F0138T21WKD",
                "created": 1588876718,
                "timestamp": 1588876718,
                "name": "image.png",
                "title": "image.png",
                "mimetype": "image\/png",
                "filetype": "png",
                "pretty_type": "PNG",
                "user": "UJLK3K4DS",
                "user_team": "T3NRU3N8L",
                "editable": false,
                "size": 6523,
                "mode": "hosted",
                "is_external": false,
                "external_type": "",
                "is_public": true,
                "public_url_shared": false,
                "display_as_bot": false,
                "username": "",
                "url_private": "https:\/\/files.slack.com\/files-pri\/T3NRU3N8L-F0138T21WKD\/image.png?t=xoxe-124878124292-7467719047090-7480385333457-4296bbd25a5710071a4df099b64b6f19",
                "url_private_download": "https:\/\/files.slack.com\/files-pri\/T3NRU3N8L-F0138T21WKD\/download\/image.png?t=xoxe-124878124292-7467719047090-7480385333457-4296bbd25a5710071a4df099b64b6f19",
                "media_display_type": "unknown",
                "thumb_64": "https:\/\/files.slack.com\/files-tmb\/T3NRU3N8L-F0138T21WKD-93cb41438f\/image_64.png?t=xoxe-124878124292-7467719047090-7480385333457-4296bbd25a5710071a4df099b64b6f19",
                "thumb_80": "https:\/\/files.slack.com\/files-tmb\/T3NRU3N8L-F0138T21WKD-93cb41438f\/image_80.png?t=xoxe-124878124292-7467719047090-7480385333457-4296bbd25a5710071a4df099b64b6f19",
                "thumb_360": "https:\/\/files.slack.com\/files-tmb\/T3NRU3N8L-F0138T21WKD-93cb41438f\/image_360.png?t=xoxe-124878124292-7467719047090-7480385333457-4296bbd25a5710071a4df099b64b6f19",
                "thumb_360_w": 269,
                "thumb_360_h": 238,
                "thumb_160": "https:\/\/files.slack.com\/files-tmb\/T3NRU3N8L-F0138T21WKD-93cb41438f\/image_160.png?t=xoxe-124878124292-7467719047090-7480385333457-4296bbd25a5710071a4df099b64b6f19",
                "original_w": 269,
                "original_h": 238,
                "thumb_tiny": "AwAqADC\/wP4iDQCoP38j3xSEZx8oPvQF9UAoAdvT2o3p7UzB\/wCeYoAJ6xgUAP3p7UHBGRTdozyo\/KnYAXA4oAT0+bHtQAc\/fz7cUhxkZUn3xQoUnhMY9sUAIF5++T7U78aYCoPCEE+1PoAB160p6GkHXpSnoaADOFz6CmmTGOBz70gJwOaWgBQ2c9PzpC4B6GjNGT60AOBzQehpuT60hJweTQB\/\/9k=",
                "permalink": "https:\/\/neohabitat.slack.com\/files\/UJLK3K4DS\/F0138T21WKD\/image.png",
                "permalink_public": "https:\/\/slack-files.com\/T3NRU3N8L-F0138T21WKD-e790cacc44",
                "is_starred": false,
                "has_rich_preview": false,
                "file_access": "visible"
            }
        ],
        "upload": true,
        "user": "UJLK3K4DS",
        "display_as_bot": false,
        "type": "message",
        "ts": "1588876720.006800",
        "client_msg_id": "a78ff53a-7845-4853-ae79-7955753f8d5b"
    },
    {
        "text": "",
        "files": [
            {
                "id": "F013M9U8PCH",
                "created": 1588876737,
                "timestamp": 1588876737,
                "name": "image.png",
                "title": "image.png",
                "mimetype": "image\/png",
                "filetype": "png",
                "pretty_type": "PNG",
                "user": "UJLK3K4DS",
                "user_team": "T3NRU3N8L",
                "editable": false,
                "size": 4678,
                "mode": "hosted",
                "is_external": false,
                "external_type": "",
                "is_public": true,
                "public_url_shared": false,
                "display_as_bot": false,
                "username": "",
                "url_private": "https:\/\/files.slack.com\/files-pri\/T3NRU3N8L-F013M9U8PCH\/image.png?t=xoxe-124878124292-7467719047090-7480385333457-4296bbd25a5710071a4df099b64b6f19",
                "url_private_download": "https:\/\/files.slack.com\/files-pri\/T3NRU3N8L-F013M9U8PCH\/download\/image.png?t=xoxe-124878124292-7467719047090-7480385333457-4296bbd25a5710071a4df099b64b6f19",
                "media_display_type": "unknown",
                "thumb_64": "https:\/\/files.slack.com\/files-tmb\/T3NRU3N8L-F013M9U8PCH-fc1d6f772c\/image_64.png?t=xoxe-124878124292-7467719047090-7480385333457-4296bbd25a5710071a4df099b64b6f19",
                "thumb_80": "https:\/\/files.slack.com\/files-tmb\/T3NRU3N8L-F013M9U8PCH-fc1d6f772c\/image_80.png?t=xoxe-124878124292-7467719047090-7480385333457-4296bbd25a5710071a4df099b64b6f19",
                "thumb_360": "https:\/\/files.slack.com\/files-tmb\/T3NRU3N8L-F013M9U8PCH-fc1d6f772c\/image_360.png?t=xoxe-124878124292-7467719047090-7480385333457-4296bbd25a5710071a4df099b64b6f19",
                "thumb_360_w": 244,
                "thumb_360_h": 173,
                "thumb_160": "https:\/\/files.slack.com\/files-tmb\/T3NRU3N8L-F013M9U8PCH-fc1d6f772c\/image_160.png?t=xoxe-124878124292-7467719047090-7480385333457-4296bbd25a5710071a4df099b64b6f19",
                "original_w": 244,
                "original_h": 173,
                "thumb_tiny": "AwAiADC+ABj5vwox\/t\/oKawXjIb8KTCD+FvyNAD8Zzh\/0FOytM2KV6GmfJ\/dagCbK+lBA\/8ArVEhQH5VP60\/PUe1ABlgBhc8etGX\/uj86X+H8KYZCBn5T7CgB4Lc5GPxpoL55AxQH5H3efSlLY7ZoAOf8ijn9KQPnsR9acehoAYCcDk0ZPrSDoKWgAyfWjJ9TRRQAZPqaCTg8mikPQ0Af\/\/Z",
                "permalink": "https:\/\/neohabitat.slack.com\/files\/UJLK3K4DS\/F013M9U8PCH\/image.png",
                "permalink_public": "https:\/\/slack-files.com\/T3NRU3N8L-F013M9U8PCH-0b75ba1480",
                "is_starred": false,
                "has_rich_preview": false,
                "file_access": "visible"
            }
        ],
        "upload": true,
        "user": "UJLK3K4DS",
        "display_as_bot": false,
        "type": "message",
        "ts": "1588876739.007100",
        "client_msg_id": "166745f0-6e31-4286-a28f-308239bc9fdd"
    },
    {
        "text": "",
        "files": [
            {
                "id": "F0138LY8RV0",
                "created": 1588876754,
                "timestamp": 1588876754,
                "name": "image.png",
                "title": "image.png",
                "mimetype": "image\/png",
                "filetype": "png",
                "pretty_type": "PNG",
                "user": "UJLK3K4DS",
                "user_team": "T3NRU3N8L",
                "editable": false,
                "size": 5195,
                "mode": "hosted",
                "is_external": false,
                "external_type": "",
                "is_public": true,
                "public_url_shared": false,
                "display_as_bot": false,
                "username": "",
                "url_private": "https:\/\/files.slack.com\/files-pri\/T3NRU3N8L-F0138LY8RV0\/image.png?t=xoxe-124878124292-7467719047090-7480385333457-4296bbd25a5710071a4df099b64b6f19",
                "url_private_download": "https:\/\/files.slack.com\/files-pri\/T3NRU3N8L-F0138LY8RV0\/download\/image.png?t=xoxe-124878124292-7467719047090-7480385333457-4296bbd25a5710071a4df099b64b6f19",
                "media_display_type": "unknown",
                "thumb_64": "https:\/\/files.slack.com\/files-tmb\/T3NRU3N8L-F0138LY8RV0-0fdcd0a082\/image_64.png?t=xoxe-124878124292-7467719047090-7480385333457-4296bbd25a5710071a4df099b64b6f19",
                "thumb_80": "https:\/\/files.slack.com\/files-tmb\/T3NRU3N8L-F0138LY8RV0-0fdcd0a082\/image_80.png?t=xoxe-124878124292-7467719047090-7480385333457-4296bbd25a5710071a4df099b64b6f19",
                "thumb_360": "https:\/\/files.slack.com\/files-tmb\/T3NRU3N8L-F0138LY8RV0-0fdcd0a082\/image_360.png?t=xoxe-124878124292-7467719047090-7480385333457-4296bbd25a5710071a4df099b64b6f19",
                "thumb_360_w": 239,
                "thumb_360_h": 222,
                "thumb_160": "https:\/\/files.slack.com\/files-tmb\/T3NRU3N8L-F0138LY8RV0-0fdcd0a082\/image_160.png?t=xoxe-124878124292-7467719047090-7480385333457-4296bbd25a5710071a4df099b64b6f19",
                "original_w": 239,
                "original_h": 222,
                "thumb_tiny": "AwAsADC+F6fMfyo2n++fyFIdnG7rikxH6\/rQBL8vpSZX2qN0R1APTNM8iLrk09Bak+V9qQ4PT06U2NQgIQmnHpz\/ACpDEJxj5SePSk3D+4f++aX5uMAYxRl\/7o\/OgAJGOVpMrj7tLlsdKMtj7tAAuDnHH40p6f8A16ASeoxQen\/1qADOFzSFwOoNN3ZXBFHB7frQA8MCcYNBOKYDg5\/rS7s9hQAu9fWl6g0zj+6KXdweBQB\/\/9k=",
                "permalink": "https:\/\/neohabitat.slack.com\/files\/UJLK3K4DS\/F0138LY8RV0\/image.png",
                "permalink_public": "https:\/\/slack-files.com\/T3NRU3N8L-F0138LY8RV0-146701d2f3",
                "is_starred": false,
                "has_rich_preview": false,
                "file_access": "visible"
            }
        ],
        "upload": true,
        "user": "UJLK3K4DS",
        "display_as_bot": false,
        "type": "message",
        "ts": "1588876755.007400",
        "client_msg_id": "350f26f6-b051-4770-afb0-bf5278145fd8"
    },
    {
        "text": "",
        "files": [
            {
                "id": "F013M9WMAJV",
                "created": 1588876798,
                "timestamp": 1588876798,
                "name": "image.png",
                "title": "image.png",
                "mimetype": "image\/png",
                "filetype": "png",
                "pretty_type": "PNG",
                "user": "UJLK3K4DS",
                "user_team": "T3NRU3N8L",
                "editable": false,
                "size": 126685,
                "mode": "hosted",
                "is_external": false,
                "external_type": "",
                "is_public": true,
                "public_url_shared": false,
                "display_as_bot": false,
                "username": "",
                "url_private": "https:\/\/files.slack.com\/files-pri\/T3NRU3N8L-F013M9WMAJV\/image.png?t=xoxe-124878124292-7467719047090-7480385333457-4296bbd25a5710071a4df099b64b6f19",
                "url_private_download": "https:\/\/files.slack.com\/files-pri\/T3NRU3N8L-F013M9WMAJV\/download\/image.png?t=xoxe-124878124292-7467719047090-7480385333457-4296bbd25a5710071a4df099b64b6f19",
                "media_display_type": "unknown",
                "thumb_64": "https:\/\/files.slack.com\/files-tmb\/T3NRU3N8L-F013M9WMAJV-a1357d6019\/image_64.png?t=xoxe-124878124292-7467719047090-7480385333457-4296bbd25a5710071a4df099b64b6f19",
                "thumb_80": "https:\/\/files.slack.com\/files-tmb\/T3NRU3N8L-F013M9WMAJV-a1357d6019\/image_80.png?t=xoxe-124878124292-7467719047090-7480385333457-4296bbd25a5710071a4df099b64b6f19",
                "thumb_360": "https:\/\/files.slack.com\/files-tmb\/T3NRU3N8L-F013M9WMAJV-a1357d6019\/image_360.png?t=xoxe-124878124292-7467719047090-7480385333457-4296bbd25a5710071a4df099b64b6f19",
                "thumb_360_w": 360,
                "thumb_360_h": 297,
                "thumb_480": "https:\/\/files.slack.com\/files-tmb\/T3NRU3N8L-F013M9WMAJV-a1357d6019\/image_480.png?t=xoxe-124878124292-7467719047090-7480385333457-4296bbd25a5710071a4df099b64b6f19",
                "thumb_480_w": 480,
                "thumb_480_h": 395,
                "thumb_160": "https:\/\/files.slack.com\/files-tmb\/T3NRU3N8L-F013M9WMAJV-a1357d6019\/image_160.png?t=xoxe-124878124292-7467719047090-7480385333457-4296bbd25a5710071a4df099b64b6f19",
                "thumb_720": "https:\/\/files.slack.com\/files-tmb\/T3NRU3N8L-F013M9WMAJV-a1357d6019\/image_720.png?t=xoxe-124878124292-7467719047090-7480385333457-4296bbd25a5710071a4df099b64b6f19",
                "thumb_720_w": 720,
                "thumb_720_h": 593,
                "thumb_800": "https:\/\/files.slack.com\/files-tmb\/T3NRU3N8L-F013M9WMAJV-a1357d6019\/image_800.png?t=xoxe-124878124292-7467719047090-7480385333457-4296bbd25a5710071a4df099b64b6f19",
                "thumb_800_w": 800,
                "thumb_800_h": 659,
                "thumb_960": "https:\/\/files.slack.com\/files-tmb\/T3NRU3N8L-F013M9WMAJV-a1357d6019\/image_960.png?t=xoxe-124878124292-7467719047090-7480385333457-4296bbd25a5710071a4df099b64b6f19",
                "thumb_960_w": 960,
                "thumb_960_h": 791,
                "thumb_1024": "https:\/\/files.slack.com\/files-tmb\/T3NRU3N8L-F013M9WMAJV-a1357d6019\/image_1024.png?t=xoxe-124878124292-7467719047090-7480385333457-4296bbd25a5710071a4df099b64b6f19",
                "thumb_1024_w": 1024,
                "thumb_1024_h": 844,
                "original_w": 1295,
                "original_h": 1067,
                "thumb_tiny": "AwAnADCp9uuf+ep\/IUv266\/56n8hVdacuC4BPH1oAm+33X\/PU\/kKPt91\/wA9T+QqM+WCcMT7Uwkeh\/OgCf7fdf8APU\/kKPt91\/z1P5CoMr6H86aaAFGe1L81IhwwPvUxlXjHagYzawG7cAf1pG3Y5cH2qUSAtnjp61E23nH50CG8+1IaeQD0wPxph60AW\/7NuP7q\/wDfVH9m3P8AdX\/vqtqigDF\/s25\/ur\/31R\/Ztz\/dX\/vqtqigDF\/s25\/ur\/31SHT7gZ+Uce9bdRt\/FQB\/\/9k=",
                "permalink": "https:\/\/neohabitat.slack.com\/files\/UJLK3K4DS\/F013M9WMAJV\/image.png",
                "permalink_public": "https:\/\/slack-files.com\/T3NRU3N8L-F013M9WMAJV-3e2dd62319",
                "is_starred": false,
                "has_rich_preview": false,
                "file_access": "visible"
            }
        ],
        "upload": true,
        "user": "UJLK3K4DS",
        "display_as_bot": false,
        "type": "message",
        "ts": "1588876806.007700",
        "client_msg_id": "cdd00c06-7a2c-464f-8aa4-d76d26285610"
    },
    {
        "user": "UJLK3K4DS",
        "type": "message",
        "ts": "1588883710.009600",
        "client_msg_id": "506ee160-ab79-4f31-a6c6-82ae3a49a869",
        "text": "Ok finally I have got connection downloading the package Vice built in the web, and repacing the URL <http:\/\/qlink.lyonlabs.org|qlink.lyonlabs.org> with <http:\/\/q-link.net|q-link.net>",
        "team": "T3NRU3N8L",
        "user_team": "T3NRU3N8L",
        "source_team": "T3NRU3N8L",
        "user_profile": {
            "avatar_hash": "639e026641d3",
            "image_72": "https:\/\/avatars.slack-edge.com\/2022-03-25\/3296810688003_639e026641d3dc2c2ae2_72.jpg",
            "first_name": "Naibor",
            "real_name": "Naibor",
            "display_name": "Naibor",
            "team": "T3NRU3N8L",
            "name": "pedrouran",
            "is_restricted": false,
            "is_ultra_restricted": false
        },
        "blocks": [
            {
                "type": "rich_text",
                "block_id": "6Ka",
                "elements": [
                    {
                        "type": "rich_text_section",
                        "elements": [
                            {
                                "type": "text",
                                "text": "Ok finally I have got connection downloading the package Vice built in the web, and repacing the URL "
                            },
                            {
                                "type": "link",
                                "url": "http:\/\/qlink.lyonlabs.org",
                                "text": "qlink.lyonlabs.org"
                            },
                            {
                                "type": "text",
                                "text": " with "
                            },
                            {
                                "type": "link",
                                "url": "http:\/\/q-link.net",
                                "text": "q-link.net"
                            }
                        ]
                    }
                ]
            }
        ]
    },
    {
        "user": "UJLK3K4DS",
        "type": "message",
        "ts": "1588883731.010100",
        "client_msg_id": "934892e1-504a-4e22-96fa-4ca1775e5c2c",
        "text": "I'm  going to have a look inside this software",
        "team": "T3NRU3N8L",
        "user_team": "T3NRU3N8L",
        "source_team": "T3NRU3N8L",
        "user_profile": {
            "avatar_hash": "639e026641d3",
            "image_72": "https:\/\/avatars.slack-edge.com\/2022-03-25\/3296810688003_639e026641d3dc2c2ae2_72.jpg",
            "first_name": "Naibor",
            "real_name": "Naibor",
            "display_name": "Naibor",
            "team": "T3NRU3N8L",
            "name": "pedrouran",
            "is_restricted": false,
            "is_ultra_restricted": false
        },
        "blocks": [
            {
                "type": "rich_text",
                "block_id": "=D16",
                "elements": [
                    {
                        "type": "rich_text_section",
                        "elements": [
                            {
                                "type": "text",
                                "text": "I'm  going to have a look inside this software"
                            }
                        ]
                    }
                ]
            }
        ]
    },
    {
        "user": "U3NS4Q413",
        "type": "message",
        "ts": "1588890796.010400",
        "client_msg_id": "b0cdd906-7a9d-4462-acca-1548ce81c803",
        "text": "Guess who's been coding again? :stuck_out_tongue:",
        "team": "T3NRU3N8L",
        "user_team": "T3NRU3N8L",
        "source_team": "T3NRU3N8L",
        "user_profile": {
            "avatar_hash": "9a824257f5f9",
            "image_72": "https:\/\/avatars.slack-edge.com\/2017-06-19\/200099674645_9a824257f5f9fea53c25_72.png",
            "first_name": "Randy",
            "real_name": "Randy Farmer",
            "display_name": "randy",
            "team": "T3NRU3N8L",
            "name": "randy",
            "is_restricted": false,
            "is_ultra_restricted": false
        },
        "blocks": [
            {
                "type": "rich_text",
                "block_id": "qQetm",
                "elements": [
                    {
                        "type": "rich_text_section",
                        "elements": [
                            {
                                "type": "text",
                                "text": "Guess who's been coding again? "
                            },
                            {
                                "type": "emoji",
                                "name": "stuck_out_tongue",
                                "unicode": "1f61b"
                            }
                        ]
                    }
                ]
            }
        ]
    },
    {
        "text": "My 8 and 11 year old granddaughters love One Night Ultimate Werewolf. On weekends when they came over, we played it often around our large dining room table with up to 8 players at once! When we weren't playing a boardgame, we often played <http:\/\/Jackbox.tv|Jackbox.tv> with our mobile devices and the game-screen cast on to our large flatscreen tv.\n\nThen Covid came, and we stopped meeting in person. We could still video conference our weekend family get togethers, and even play <http:\/\/Jackbox.tv|Jackbox.tv> - but not many of our favorite games had online versions that worked well with the idea of conferencing... We found a simple web version of Codewords... But no \"One Night Ultimate Werewolf\" that worked like Jackbox.\n\nSo, my son and I made one in a single week, building on a chatbot called Hubot and it's Slack adapter.  The design is a bit unique compared to others we found: It only simulates the table\/cards and voting rules. 100% of the social game (the fun part)  is still done in conferencing . You can't play it without that separate live connection (well, you could play it all physically together, just like Jackbox.)\n\n<https:\/\/docs.google.com\/document\/d\/1HY7kiXpel7_wo5dqekmOCPPqAQ1SkQxRvjqsw1iy2FA>\n\nThe simple design doc is here - we ended up implementing most of the nice-to-haves.",
        "files": [
            {
                "id": "F013Z1JTS3A",
                "created": 1588890822,
                "timestamp": 1588890822,
                "name": "One Night Werewolf Minimum Discord Bot ",
                "title": "One Night Werewolf Minimum Discord Bot",
                "mimetype": "application\/vnd.google-apps.document",
                "filetype": "gdoc",
                "pretty_type": "Google Docs",
                "user": "U3NS4Q413",
                "user_team": "T3NRU3N8L",
                "editable": false,
                "size": 5380,
                "mode": "external",
                "is_external": true,
                "external_type": "gdrive",
                "is_public": true,
                "public_url_shared": false,
                "display_as_bot": false,
                "username": "",
                "url_private": "https:\/\/docs.google.com\/document\/d\/1HY7kiXpel7_wo5dqekmOCPPqAQ1SkQxRvjqsw1iy2FA",
                "media_display_type": "unknown",
                "thumb_64": "https:\/\/files.slack.com\/files-tmb\/T3NRU3N8L-F013Z1JTS3A-339a316a1f\/one_night_werewolf_minimum_discord_bot__64.png?t=xoxe-124878124292-7467719047090-7480385333457-4296bbd25a5710071a4df099b64b6f19",
                "thumb_80": "https:\/\/files.slack.com\/files-tmb\/T3NRU3N8L-F013Z1JTS3A-339a316a1f\/one_night_werewolf_minimum_discord_bot__80.png?t=xoxe-124878124292-7467719047090-7480385333457-4296bbd25a5710071a4df099b64b6f19",
                "thumb_360": "https:\/\/files.slack.com\/files-tmb\/T3NRU3N8L-F013Z1JTS3A-339a316a1f\/one_night_werewolf_minimum_discord_bot__360.png?t=xoxe-124878124292-7467719047090-7480385333457-4296bbd25a5710071a4df099b64b6f19",
                "thumb_360_w": 278,
                "thumb_360_h": 360,
                "thumb_480": "https:\/\/files.slack.com\/files-tmb\/T3NRU3N8L-F013Z1JTS3A-339a316a1f\/one_night_werewolf_minimum_discord_bot__480.png?t=xoxe-124878124292-7467719047090-7480385333457-4296bbd25a5710071a4df099b64b6f19",
                "thumb_480_w": 371,
                "thumb_480_h": 480,
                "thumb_160": "https:\/\/files.slack.com\/files-tmb\/T3NRU3N8L-F013Z1JTS3A-339a316a1f\/one_night_werewolf_minimum_discord_bot__160.png?t=xoxe-124878124292-7467719047090-7480385333457-4296bbd25a5710071a4df099b64b6f19",
                "thumb_720": "https:\/\/files.slack.com\/files-tmb\/T3NRU3N8L-F013Z1JTS3A-339a316a1f\/one_night_werewolf_minimum_discord_bot__720.png?t=xoxe-124878124292-7467719047090-7480385333457-4296bbd25a5710071a4df099b64b6f19",
                "thumb_720_w": 557,
                "thumb_720_h": 720,
                "thumb_800": "https:\/\/files.slack.com\/files-tmb\/T3NRU3N8L-F013Z1JTS3A-339a316a1f\/one_night_werewolf_minimum_discord_bot__800.png?t=xoxe-124878124292-7467719047090-7480385333457-4296bbd25a5710071a4df099b64b6f19",
                "thumb_800_w": 800,
                "thumb_800_h": 1035,
                "thumb_960": "https:\/\/files.slack.com\/files-tmb\/T3NRU3N8L-F013Z1JTS3A-339a316a1f\/one_night_werewolf_minimum_discord_bot__960.png?t=xoxe-124878124292-7467719047090-7480385333457-4296bbd25a5710071a4df099b64b6f19",
                "thumb_960_w": 742,
                "thumb_960_h": 960,
                "thumb_1024": "https:\/\/files.slack.com\/files-tmb\/T3NRU3N8L-F013Z1JTS3A-339a316a1f\/one_night_werewolf_minimum_discord_bot__1024.png?t=xoxe-124878124292-7467719047090-7480385333457-4296bbd25a5710071a4df099b64b6f19",
                "thumb_1024_w": 791,
                "thumb_1024_h": 1024,
                "image_exif_rotation": 1,
                "original_w": 800,
                "original_h": 1035,
                "thumb_tiny": "AwAwACXTpu4\/3TSt9cUn\/AqADcf7p\/MUoJPYijPuKOfUUALRRRQAHpUeDnpTm7f4Ug68H9KADDUoDA0Yb1pQDnk0ALRRRQAjdKZx71JSbRQAzj3oGM0\/aKNo9KAFooooA\/\/Z",
                "permalink": "https:\/\/neohabitat.slack.com\/files\/U3NS4Q413\/F013Z1JTS3A\/one_night_werewolf_minimum_discord_bot_",
                "is_starred": false,
                "external_id": "1HY7kiXpel7_wo5dqekmOCPPqAQ1SkQxRvjqsw1iy2FA",
                "external_url": "https:\/\/docs.google.com\/document\/d\/1HY7kiXpel7_wo5dqekmOCPPqAQ1SkQxRvjqsw1iy2FA",
                "has_rich_preview": true,
                "file_access": "visible"
            }
        ],
        "upload": false,
        "user": "U3NS4Q413",
        "display_as_bot": false,
        "x_files": [
            "F013Z1JTS3A"
        ],
        "blocks": [
            {
                "type": "rich_text",
                "block_id": "UQ8+f",
                "elements": [
                    {
                        "type": "rich_text_section",
                        "elements": [
                            {
                                "type": "text",
                                "text": "My 8 and 11 year old granddaughters love One Night Ultimate Werewolf. On weekends when they came over, we played it often around our large dining room table with up to 8 players at once! When we weren't playing a boardgame, we often played "
                            },
                            {
                                "type": "link",
                                "url": "http:\/\/Jackbox.tv",
                                "text": "Jackbox.tv"
                            },
                            {
                                "type": "text",
                                "text": " with our mobile devices and the game-screen cast on to our large flatscreen tv.\n\nThen Covid came, and we stopped meeting in person. We could still video conference our weekend family get togethers, and even play "
                            },
                            {
                                "type": "link",
                                "url": "http:\/\/Jackbox.tv",
                                "text": "Jackbox.tv"
                            },
                            {
                                "type": "text",
                                "text": " - but not many of our favorite games had online versions that worked well with the idea of conferencing... We found a simple web version of Codewords... But no \"One Night Ultimate Werewolf\" that worked like Jackbox.\n\nSo, my son and I made one in a single week, building on a chatbot called Hubot and it's Slack adapter.  The design is a bit unique compared to others we found: It only simulates the table\/cards and voting rules. 100% of the social game (the fun part)  is still done in conferencing . You can't play it without that separate live connection (well, you could play it all physically together, just like Jackbox.)\n\n"
                            },
                            {
                                "type": "link",
                                "url": "https:\/\/docs.google.com\/document\/d\/1HY7kiXpel7_wo5dqekmOCPPqAQ1SkQxRvjqsw1iy2FA"
                            },
                            {
                                "type": "text",
                                "text": "\n\nThe simple design doc is here - we ended up implementing most of the nice-to-haves."
                            }
                        ]
                    }
                ]
            }
        ],
        "type": "message",
        "ts": "1588890820.010600",
        "edited": {
            "user": "U3NS4Q413",
            "ts": "1588890973.000000"
        },
        "client_msg_id": "2d1a0277-f46a-431c-a827-b086476b6fdc"
    },
    {
        "text": "",
        "files": [
            {
                "id": "F012UDY7WB1",
                "created": 1588890832,
                "timestamp": 1588890832,
                "name": "ONUW Sample Game.png",
                "title": "ONUW Sample Game.png",
                "mimetype": "image\/png",
                "filetype": "png",
                "pretty_type": "PNG",
                "user": "U3NS4Q413",
                "user_team": "T3NRU3N8L",
                "editable": false,
                "size": 424090,
                "mode": "hosted",
                "is_external": false,
                "external_type": "",
                "is_public": true,
                "public_url_shared": false,
                "display_as_bot": false,
                "username": "",
                "url_private": "https:\/\/files.slack.com\/files-pri\/T3NRU3N8L-F012UDY7WB1\/onuw_sample_game.png?t=xoxe-124878124292-7467719047090-7480385333457-4296bbd25a5710071a4df099b64b6f19",
                "url_private_download": "https:\/\/files.slack.com\/files-pri\/T3NRU3N8L-F012UDY7WB1\/download\/onuw_sample_game.png?t=xoxe-124878124292-7467719047090-7480385333457-4296bbd25a5710071a4df099b64b6f19",
                "media_display_type": "unknown",
                "thumb_64": "https:\/\/files.slack.com\/files-tmb\/T3NRU3N8L-F012UDY7WB1-c97d18796e\/onuw_sample_game_64.png?t=xoxe-124878124292-7467719047090-7480385333457-4296bbd25a5710071a4df099b64b6f19",
                "thumb_80": "https:\/\/files.slack.com\/files-tmb\/T3NRU3N8L-F012UDY7WB1-c97d18796e\/onuw_sample_game_80.png?t=xoxe-124878124292-7467719047090-7480385333457-4296bbd25a5710071a4df099b64b6f19",
                "thumb_360": "https:\/\/files.slack.com\/files-tmb\/T3NRU3N8L-F012UDY7WB1-c97d18796e\/onuw_sample_game_360.png?t=xoxe-124878124292-7467719047090-7480385333457-4296bbd25a5710071a4df099b64b6f19",
                "thumb_360_w": 103,
                "thumb_360_h": 360,
                "thumb_480": "https:\/\/files.slack.com\/files-tmb\/T3NRU3N8L-F012UDY7WB1-c97d18796e\/onuw_sample_game_480.png?t=xoxe-124878124292-7467719047090-7480385333457-4296bbd25a5710071a4df099b64b6f19",
                "thumb_480_w": 137,
                "thumb_480_h": 480,
                "thumb_160": "https:\/\/files.slack.com\/files-tmb\/T3NRU3N8L-F012UDY7WB1-c97d18796e\/onuw_sample_game_160.png?t=xoxe-124878124292-7467719047090-7480385333457-4296bbd25a5710071a4df099b64b6f19",
                "thumb_720": "https:\/\/files.slack.com\/files-tmb\/T3NRU3N8L-F012UDY7WB1-c97d18796e\/onuw_sample_game_720.png?t=xoxe-124878124292-7467719047090-7480385333457-4296bbd25a5710071a4df099b64b6f19",
                "thumb_720_w": 206,
                "thumb_720_h": 720,
                "thumb_800": "https:\/\/files.slack.com\/files-tmb\/T3NRU3N8L-F012UDY7WB1-c97d18796e\/onuw_sample_game_800.png?t=xoxe-124878124292-7467719047090-7480385333457-4296bbd25a5710071a4df099b64b6f19",
                "thumb_800_w": 229,
                "thumb_800_h": 800,
                "thumb_960": "https:\/\/files.slack.com\/files-tmb\/T3NRU3N8L-F012UDY7WB1-c97d18796e\/onuw_sample_game_960.png?t=xoxe-124878124292-7467719047090-7480385333457-4296bbd25a5710071a4df099b64b6f19",
                "thumb_960_w": 275,
                "thumb_960_h": 960,
                "thumb_1024": "https:\/\/files.slack.com\/files-tmb\/T3NRU3N8L-F012UDY7WB1-c97d18796e\/onuw_sample_game_1024.png?t=xoxe-124878124292-7467719047090-7480385333457-4296bbd25a5710071a4df099b64b6f19",
                "thumb_1024_w": 293,
                "thumb_1024_h": 1024,
                "original_w": 630,
                "original_h": 2203,
                "thumb_tiny": "AwAwAA2\/HIrsyqclTg1JUccSozsowXOTzUlADVp1NHNOoArweZ5su9gy5+UA5xU9MSMIzFR945OTUlAH\/9k=",
                "permalink": "https:\/\/neohabitat.slack.com\/files\/U3NS4Q413\/F012UDY7WB1\/onuw_sample_game.png",
                "permalink_public": "https:\/\/slack-files.com\/T3NRU3N8L-F012UDY7WB1-4d52e73b56",
                "is_starred": false,
                "has_rich_preview": false,
                "file_access": "visible"
            }
        ],
        "upload": true,
        "user": "U3NS4Q413",
        "display_as_bot": false,
        "type": "message",
        "ts": "1588890835.011100",
        "client_msg_id": "73c10129-d0b9-48ce-ad15-4d1e572869d1"
    },
    {
        "user": "U3NS4Q413",
        "type": "message",
        "ts": "1588890856.011500",
        "edited": {
            "user": "U3NS4Q413",
            "ts": "1588891005.000000"
        },
        "client_msg_id": "fc31b422-2527-41f9-b533-7c06be77a631",
        "text": "You can play the game using only the commands \"join\" and \"start\" and answering all the prompts.\n\nThere is only one bespoke server, but I have already shared it with Bezier Games (who saw it earlier today) - with luck it might influence their online gaming direction...\nIf they had \"ONUW for Jackbox\" today, they'd be cleaning up!\n\n[The game itself is about 800 lines of coffeescript.]\n\nNo timers. 100% request\/response. 100% fun (when the girls hear my son and I testing they run in the room and say \"are you playing without US?\" then connect to our slack and type \"join\")\n\nThere are not enough folks adapting the Jackbox pattern, IMHO. Often they focus on reproducing the physical objects instead of providing the heavy lifting of implementing [modular] rules. Believe me, I know why that happens, Habitat had game boards and pieces just laying around on the board to play with. You can login to <http:\/\/Neohabitat.org|Neohabitat.org> and fiddle with them.\n\nOK - thats what I did with my Covid cycles last week. :slightly_smiling_face:",
        "team": "T3NRU3N8L",
        "user_team": "T3NRU3N8L",
        "source_team": "T3NRU3N8L",
        "user_profile": {
            "avatar_hash": "9a824257f5f9",
            "image_72": "https:\/\/avatars.slack-edge.com\/2017-06-19\/200099674645_9a824257f5f9fea53c25_72.png",
            "first_name": "Randy",
            "real_name": "Randy Farmer",
            "display_name": "randy",
            "team": "T3NRU3N8L",
            "name": "randy",
            "is_restricted": false,
            "is_ultra_restricted": false
        },
        "blocks": [
            {
                "type": "rich_text",
                "block_id": "Jq9o",
                "elements": [
                    {
                        "type": "rich_text_section",
                        "elements": [
                            {
                                "type": "text",
                                "text": "You can play the game using only the commands \"join\" and \"start\" and answering all the prompts.\n\nThere is only one bespoke server, but I have already shared it with Bezier Games (who saw it earlier today) - with luck it might influence their online gaming direction...\nIf they had \"ONUW for Jackbox\" today, they'd be cleaning up!\n\n[The game itself is about 800 lines of coffeescript.]\n\nNo timers. 100% request\/response. 100% fun (when the girls hear my son and I testing they run in the room and say \"are you playing without US?\" then connect to our slack and type \"join\")\n\nThere are not enough folks adapting the Jackbox pattern, IMHO. Often they focus on reproducing the physical objects instead of providing the heavy lifting of implementing [modular] rules. Believe me, I know why that happens, Habitat had game boards and pieces just laying around on the board to play with. You can login to "
                            },
                            {
                                "type": "link",
                                "url": "http:\/\/Neohabitat.org",
                                "text": "Neohabitat.org"
                            },
                            {
                                "type": "text",
                                "text": " and fiddle with them.\n\nOK - thats what I did with my Covid cycles last week. "
                            },
                            {
                                "type": "emoji",
                                "name": "slightly_smiling_face",
                                "unicode": "1f642"
                            }
                        ]
                    }
                ]
            }
        ]
    }
]