[
    {
        "user": "U3NSHCBNH",
        "type": "message",
        "ts": "1595286677.005900",
        "client_msg_id": "581ebb81-f919-43d5-b409-025f92f9d922",
        "text": "I haven't in quite a long time, I saw the notes I  the recent commits so it made me want to come back in and take a look! My job consumes 150% of my life so haven't been able sneak in yet but plan on it tonight. Dying to see where popustop finally wound up :)",
        "team": "T3NRU3N8L",
        "user_team": "T3NRU3N8L",
        "source_team": "T3NRU3N8L",
        "user_profile": {
            "avatar_hash": "f99a50cbd973",
            "image_72": "https:\/\/avatars.slack-edge.com\/2017-02-02\/136493625749_f99a50cbd973bb658f83_72.jpg",
            "first_name": "Keith",
            "real_name": "Keith Elkin",
            "display_name": "kelkin",
            "team": "T3NRU3N8L",
            "name": "kelkin",
            "is_restricted": false,
            "is_ultra_restricted": false
        },
        "blocks": [
            {
                "type": "rich_text",
                "block_id": "GkPT",
                "elements": [
                    {
                        "type": "rich_text_section",
                        "elements": [
                            {
                                "type": "text",
                                "text": "I haven't in quite a long time, I saw the notes I  the recent commits so it made me want to come back in and take a look! My job consumes 150% of my life so haven't been able sneak in yet but plan on it tonight. Dying to see where popustop finally wound up :)"
                            }
                        ]
                    }
                ]
            }
        ]
    },
    {
        "user": "U3N3P0V89",
        "type": "message",
        "ts": "1595311849.006800",
        "client_msg_id": "5254861F-CAD0-4921-AA4C-E22B7D2C016F",
        "text": "Go down from the fountain till you hit the crossroads with the woods, go left like two regions and you’re there :grinning:",
        "team": "T3NRU3N8L",
        "user_team": "T3NRU3N8L",
        "source_team": "T3NRU3N8L",
        "user_profile": {
            "avatar_hash": "6dcfc9e0d4c7",
            "image_72": "https:\/\/avatars.slack-edge.com\/2017-06-07\/195047001686_6dcfc9e0d4c71e750732_72.png",
            "first_name": "Stu",
            "real_name": "Stu",
            "display_name": "stu",
            "team": "T3NRU3N8L",
            "name": "stu",
            "is_restricted": false,
            "is_ultra_restricted": false
        },
        "blocks": [
            {
                "type": "rich_text",
                "block_id": "i1S+H",
                "elements": [
                    {
                        "type": "rich_text_section",
                        "elements": [
                            {
                                "type": "text",
                                "text": "Go down from the fountain till you hit the crossroads with the woods, go left like two regions and you’re there "
                            },
                            {
                                "type": "emoji",
                                "name": "grinning",
                                "unicode": "1f600"
                            }
                        ]
                    }
                ]
            }
        ]
    },
    {
        "user": "U3N3P0V89",
        "type": "message",
        "ts": "1595311861.007200",
        "client_msg_id": "C4865B9A-986A-4580-A57A-54874FE7D40B",
        "text": "I remember you saying you thought it was out that way",
        "team": "T3NRU3N8L",
        "user_team": "T3NRU3N8L",
        "source_team": "T3NRU3N8L",
        "user_profile": {
            "avatar_hash": "6dcfc9e0d4c7",
            "image_72": "https:\/\/avatars.slack-edge.com\/2017-06-07\/195047001686_6dcfc9e0d4c71e750732_72.png",
            "first_name": "Stu",
            "real_name": "Stu",
            "display_name": "stu",
            "team": "T3NRU3N8L",
            "name": "stu",
            "is_restricted": false,
            "is_ultra_restricted": false
        },
        "blocks": [
            {
                "type": "rich_text",
                "block_id": "lWd",
                "elements": [
                    {
                        "type": "rich_text_section",
                        "elements": [
                            {
                                "type": "text",
                                "text": "I remember you saying you thought it was out that way"
                            }
                        ]
                    }
                ]
            }
        ]
    },
    {
        "user": "U3N3P0V89",
        "type": "message",
        "ts": "1595311887.008100",
        "client_msg_id": "8F56095A-48C0-4309-B8D7-430877AD50E0",
        "text": "The database dump we did confirmed it and let us add the I\/5 too",
        "team": "T3NRU3N8L",
        "user_team": "T3NRU3N8L",
        "source_team": "T3NRU3N8L",
        "user_profile": {
            "avatar_hash": "6dcfc9e0d4c7",
            "image_72": "https:\/\/avatars.slack-edge.com\/2017-06-07\/195047001686_6dcfc9e0d4c71e750732_72.png",
            "first_name": "Stu",
            "real_name": "Stu",
            "display_name": "stu",
            "team": "T3NRU3N8L",
            "name": "stu",
            "is_restricted": false,
            "is_ultra_restricted": false
        },
        "blocks": [
            {
                "type": "rich_text",
                "block_id": "Im12",
                "elements": [
                    {
                        "type": "rich_text_section",
                        "elements": [
                            {
                                "type": "text",
                                "text": "The database dump we did confirmed it and let us add the I\/5 too"
                            }
                        ]
                    }
                ]
            }
        ]
    }
]