[
    {
        "user": "U3N3TBZPT",
        "type": "message",
        "ts": "1588045281.001300",
        "edited": {
            "user": "U3N3TBZPT",
            "ts": "1588045384.000000"
        },
        "client_msg_id": "2d57699b-0739-42e4-96d8-40d879e5494b",
        "text": "hey y'all, I just wanted to post this new song that my band, Vox Cadre, just kicked out yesterday for the 2020 NPR Tiny Desk contest:",
        "team": "T3NRU3N8L",
        "user_team": "T3NRU3N8L",
        "source_team": "T3NRU3N8L",
        "user_profile": {
            "avatar_hash": "g96f16513098",
            "image_72": "https:\/\/secure.gravatar.com\/avatar\/296f1651309839191e53ca51b0cca0cc.jpg?s=72&d=https%3A%2F%2Fa.slack-edge.com%2Fdf10d%2Fimg%2Favatars%2Fava_0001-72.png",
            "first_name": "Steve",
            "real_name": "Steve Salevan",
            "display_name": "steve",
            "team": "T3NRU3N8L",
            "name": "steve",
            "is_restricted": false,
            "is_ultra_restricted": false
        },
        "blocks": [
            {
                "type": "rich_text",
                "block_id": "LF7AZ",
                "elements": [
                    {
                        "type": "rich_text_section",
                        "elements": [
                            {
                                "type": "text",
                                "text": "hey y'all, I just wanted to post this new song that my band, Vox Cadre, just kicked out yesterday for the 2020 NPR Tiny Desk contest:"
                            }
                        ]
                    }
                ]
            }
        ]
    },
    {
        "user": "U3N3TBZPT",
        "type": "message",
        "ts": "1588045284.001500",
        "client_msg_id": "646ba9c3-980a-4bcc-bb98-8f727c5cf930",
        "text": "<https:\/\/www.youtube.com\/watch?v=mSqRnUBr2j4>",
        "team": "T3NRU3N8L",
        "user_team": "T3NRU3N8L",
        "source_team": "T3NRU3N8L",
        "user_profile": {
            "avatar_hash": "g96f16513098",
            "image_72": "https:\/\/secure.gravatar.com\/avatar\/296f1651309839191e53ca51b0cca0cc.jpg?s=72&d=https%3A%2F%2Fa.slack-edge.com%2Fdf10d%2Fimg%2Favatars%2Fava_0001-72.png",
            "first_name": "Steve",
            "real_name": "Steve Salevan",
            "display_name": "steve",
            "team": "T3NRU3N8L",
            "name": "steve",
            "is_restricted": false,
            "is_ultra_restricted": false
        },
        "attachments": [
            {
                "service_name": "YouTube",
                "service_url": "https:\/\/www.youtube.com\/",
                "title": "Vox Cadre - The Spark - Tiny Desk 2020",
                "title_link": "https:\/\/www.youtube.com\/watch?v=mSqRnUBr2j4",
                "author_name": "Vox Cadre",
                "author_link": "https:\/\/www.youtube.com\/channel\/UCqBnB6WPNNBm3k92uYEQRiQ",
                "thumb_url": "https:\/\/i.ytimg.com\/vi\/mSqRnUBr2j4\/hqdefault.jpg",
                "thumb_width": 480,
                "thumb_height": 360,
                "fallback": "YouTube Video: Vox Cadre - The Spark - Tiny Desk 2020",
                "video_html": "<iframe width=\"400\" height=\"225\" src=\"https:\/\/www.youtube.com\/embed\/mSqRnUBr2j4?feature=oembed&autoplay=1&iv_load_policy=3\" frameborder=\"0\" allow=\"accelerometer; autoplay; encrypted-media; gyroscope; picture-in-picture\" allowfullscreen><\/iframe>",
                "video_html_width": 400,
                "video_html_height": 225,
                "from_url": "https:\/\/www.youtube.com\/watch?v=mSqRnUBr2j4",
                "service_icon": "https:\/\/a.slack-edge.com\/80588\/img\/unfurl_icons\/youtube.png",
                "id": 1,
                "original_url": "https:\/\/www.youtube.com\/watch?v=mSqRnUBr2j4"
            }
        ],
        "blocks": [
            {
                "type": "rich_text",
                "block_id": "QeFY",
                "elements": [
                    {
                        "type": "rich_text_section",
                        "elements": [
                            {
                                "type": "link",
                                "url": "https:\/\/www.youtube.com\/watch?v=mSqRnUBr2j4"
                            }
                        ]
                    }
                ]
            }
        ]
    }
]