[
    {
        "user": "UJLK3K4DS",
        "type": "message",
        "ts": "1589047644.013200",
        "client_msg_id": "a7f8699c-9129-4159-950b-cbf925330218",
        "text": "Hello, Has anyone tried to connect to Habitat with Modem Emulation Layer included in the latest version 1.28 of Ultimate 64?\nI have tried to connect but it doesn't work for me. I think that the reason is because I can't set speed to 1200bps. The command is not implemented.",
        "team": "T3NRU3N8L",
        "user_team": "T3NRU3N8L",
        "source_team": "T3NRU3N8L",
        "user_profile": {
            "avatar_hash": "639e026641d3",
            "image_72": "https:\/\/avatars.slack-edge.com\/2022-03-25\/3296810688003_639e026641d3dc2c2ae2_72.jpg",
            "first_name": "Naibor",
            "real_name": "Naibor",
            "display_name": "Naibor",
            "team": "T3NRU3N8L",
            "name": "pedrouran",
            "is_restricted": false,
            "is_ultra_restricted": false
        },
        "blocks": [
            {
                "type": "rich_text",
                "block_id": "uD2",
                "elements": [
                    {
                        "type": "rich_text_section",
                        "elements": [
                            {
                                "type": "text",
                                "text": "Hello, Has anyone tried to connect to Habitat with Modem Emulation Layer included in the latest version 1.28 of Ultimate 64?\nI have tried to connect but it doesn't work for me. I think that the reason is because I can't set speed to 1200bps. The command is not implemented."
                            }
                        ]
                    }
                ]
            }
        ]
    },
    {
        "subtype": "channel_join",
        "user": "U013JBS6DLL",
        "text": "<@U013JBS6DLL> has joined the channel",
        "type": "message",
        "ts": "1589052927.013500"
    },
    {
        "user": "U013JBS6DLL",
        "type": "message",
        "ts": "1589053215.014100",
        "client_msg_id": "c42f30ce-dd29-4ba8-be5e-b138caf0ea06",
        "text": "Hi people @ Neohabit Classical Server project",
        "team": "T3NRU3N8L",
        "user_team": "T3NRU3N8L",
        "source_team": "T3NRU3N8L",
        "user_profile": {
            "avatar_hash": "gf4a276a30fe",
            "image_72": "https:\/\/secure.gravatar.com\/avatar\/f4a276a30fe2842f9bd48708cdfa006f.jpg?s=72&d=https%3A%2F%2Fa.slack-edge.com%2Fdf10d%2Fimg%2Favatars%2Fava_0026-72.png",
            "first_name": "",
            "real_name": "Martin Wensley",
            "display_name": "Martin Wensley",
            "team": "T3NRU3N8L",
            "name": "wensley",
            "is_restricted": false,
            "is_ultra_restricted": false
        },
        "blocks": [
            {
                "type": "rich_text",
                "block_id": "MSPx",
                "elements": [
                    {
                        "type": "rich_text_section",
                        "elements": [
                            {
                                "type": "text",
                                "text": "Hi people @ Neohabit Classical Server project"
                            }
                        ]
                    }
                ]
            }
        ]
    },
    {
        "user": "U013JBS6DLL",
        "type": "message",
        "ts": "1589053234.014700",
        "client_msg_id": "4ffd13d6-8ced-43b9-ae48-0cc6e0c50304",
        "text": "I just dropped in to say hi, and GOOD JOB!",
        "team": "T3NRU3N8L",
        "user_team": "T3NRU3N8L",
        "source_team": "T3NRU3N8L",
        "user_profile": {
            "avatar_hash": "gf4a276a30fe",
            "image_72": "https:\/\/secure.gravatar.com\/avatar\/f4a276a30fe2842f9bd48708cdfa006f.jpg?s=72&d=https%3A%2F%2Fa.slack-edge.com%2Fdf10d%2Fimg%2Favatars%2Fava_0026-72.png",
            "first_name": "",
            "real_name": "Martin Wensley",
            "display_name": "Martin Wensley",
            "team": "T3NRU3N8L",
            "name": "wensley",
            "is_restricted": false,
            "is_ultra_restricted": false
        },
        "blocks": [
            {
                "type": "rich_text",
                "block_id": "gZWjl",
                "elements": [
                    {
                        "type": "rich_text_section",
                        "elements": [
                            {
                                "type": "text",
                                "text": "I just dropped in to say hi, and GOOD JOB!"
                            }
                        ]
                    }
                ]
            }
        ]
    },
    {
        "user": "U013JBS6DLL",
        "type": "message",
        "ts": "1589053278.015500",
        "client_msg_id": "06a24b1d-743a-45d4-a47a-c705352a1c98",
        "text": "I tried the reboot on Stu\/Steve (I think) demo server and was amazed by what I experienced.",
        "team": "T3NRU3N8L",
        "user_team": "T3NRU3N8L",
        "source_team": "T3NRU3N8L",
        "user_profile": {
            "avatar_hash": "gf4a276a30fe",
            "image_72": "https:\/\/secure.gravatar.com\/avatar\/f4a276a30fe2842f9bd48708cdfa006f.jpg?s=72&d=https%3A%2F%2Fa.slack-edge.com%2Fdf10d%2Fimg%2Favatars%2Fava_0026-72.png",
            "first_name": "",
            "real_name": "Martin Wensley",
            "display_name": "Martin Wensley",
            "team": "T3NRU3N8L",
            "name": "wensley",
            "is_restricted": false,
            "is_ultra_restricted": false
        },
        "blocks": [
            {
                "type": "rich_text",
                "block_id": "da+YJ",
                "elements": [
                    {
                        "type": "rich_text_section",
                        "elements": [
                            {
                                "type": "text",
                                "text": "I tried the reboot on Stu\/Steve (I think) demo server and was amazed by what I experienced."
                            }
                        ]
                    }
                ]
            }
        ]
    },
    {
        "user": "U013JBS6DLL",
        "type": "message",
        "ts": "1589053324.016200",
        "client_msg_id": "1bd0e356-06a8-4970-aad2-b3d69a642f0e",
        "text": "Anyone reading this or coming to this slack group any way? Please let me now. Have a nice weekend.",
        "team": "T3NRU3N8L",
        "user_team": "T3NRU3N8L",
        "source_team": "T3NRU3N8L",
        "user_profile": {
            "avatar_hash": "gf4a276a30fe",
            "image_72": "https:\/\/secure.gravatar.com\/avatar\/f4a276a30fe2842f9bd48708cdfa006f.jpg?s=72&d=https%3A%2F%2Fa.slack-edge.com%2Fdf10d%2Fimg%2Favatars%2Fava_0026-72.png",
            "first_name": "",
            "real_name": "Martin Wensley",
            "display_name": "Martin Wensley",
            "team": "T3NRU3N8L",
            "name": "wensley",
            "is_restricted": false,
            "is_ultra_restricted": false
        },
        "blocks": [
            {
                "type": "rich_text",
                "block_id": "pKR",
                "elements": [
                    {
                        "type": "rich_text_section",
                        "elements": [
                            {
                                "type": "text",
                                "text": "Anyone reading this or coming to this slack group any way? Please let me now. Have a nice weekend."
                            }
                        ]
                    }
                ]
            }
        ]
    },
    {
        "user": "U013JBS6DLL",
        "type": "message",
        "ts": "1589053391.017000",
        "client_msg_id": "6681193c-d7ab-433c-b434-beb67e37c051",
        "text": "Hey Naibor, no. Gonna check that thing out, though.",
        "team": "T3NRU3N8L",
        "user_team": "T3NRU3N8L",
        "source_team": "T3NRU3N8L",
        "user_profile": {
            "avatar_hash": "gf4a276a30fe",
            "image_72": "https:\/\/secure.gravatar.com\/avatar\/f4a276a30fe2842f9bd48708cdfa006f.jpg?s=72&d=https%3A%2F%2Fa.slack-edge.com%2Fdf10d%2Fimg%2Favatars%2Fava_0026-72.png",
            "first_name": "",
            "real_name": "Martin Wensley",
            "display_name": "Martin Wensley",
            "team": "T3NRU3N8L",
            "name": "wensley",
            "is_restricted": false,
            "is_ultra_restricted": false
        },
        "blocks": [
            {
                "type": "rich_text",
                "block_id": "+Gjq",
                "elements": [
                    {
                        "type": "rich_text_section",
                        "elements": [
                            {
                                "type": "text",
                                "text": "Hey Naibor, no. Gonna check that thing out, though."
                            }
                        ]
                    }
                ]
            }
        ]
    },
    {
        "user": "U3N3P0V89",
        "type": "message",
        "ts": "1589053436.017300",
        "client_msg_id": "5770381A-2FE9-4FE6-83F9-9D3DFCCCFB9A",
        "text": "Welcome <@U013JBS6DLL> ",
        "team": "T3NRU3N8L",
        "user_team": "T3NRU3N8L",
        "source_team": "T3NRU3N8L",
        "user_profile": {
            "avatar_hash": "6dcfc9e0d4c7",
            "image_72": "https:\/\/avatars.slack-edge.com\/2017-06-07\/195047001686_6dcfc9e0d4c71e750732_72.png",
            "first_name": "Stu",
            "real_name": "Stu",
            "display_name": "stu",
            "team": "T3NRU3N8L",
            "name": "stu",
            "is_restricted": false,
            "is_ultra_restricted": false
        },
        "blocks": [
            {
                "type": "rich_text",
                "block_id": "YGn",
                "elements": [
                    {
                        "type": "rich_text_section",
                        "elements": [
                            {
                                "type": "text",
                                "text": "Welcome "
                            },
                            {
                                "type": "user",
                                "user_id": "U013JBS6DLL"
                            },
                            {
                                "type": "text",
                                "text": " "
                            }
                        ]
                    }
                ]
            }
        ]
    },
    {
        "user": "U013JBS6DLL",
        "type": "message",
        "ts": "1589053596.019300",
        "client_msg_id": "f837e761-2bab-4fd4-a8ba-5f9a67308e51",
        "text": "I learned about Habitat like 2-3 years ago, but had no idea of the MADE and the Neoclassical Server... do you know exactly how many Neohabitat servers are currently online?",
        "team": "T3NRU3N8L",
        "user_team": "T3NRU3N8L",
        "source_team": "T3NRU3N8L",
        "user_profile": {
            "avatar_hash": "gf4a276a30fe",
            "image_72": "https:\/\/secure.gravatar.com\/avatar\/f4a276a30fe2842f9bd48708cdfa006f.jpg?s=72&d=https%3A%2F%2Fa.slack-edge.com%2Fdf10d%2Fimg%2Favatars%2Fava_0026-72.png",
            "first_name": "",
            "real_name": "Martin Wensley",
            "display_name": "Martin Wensley",
            "team": "T3NRU3N8L",
            "name": "wensley",
            "is_restricted": false,
            "is_ultra_restricted": false
        },
        "blocks": [
            {
                "type": "rich_text",
                "block_id": "+uox",
                "elements": [
                    {
                        "type": "rich_text_section",
                        "elements": [
                            {
                                "type": "text",
                                "text": "I learned about Habitat like 2-3 years ago, but had no idea of the MADE and the Neoclassical Server... do you know exactly how many Neohabitat servers are currently online?"
                            }
                        ]
                    }
                ]
            }
        ]
    },
    {
        "user": "U013JBS6DLL",
        "type": "message",
        "ts": "1589053606.019400",
        "client_msg_id": "9f8354a1-1a8d-4376-92fc-56278d962911",
        "text": "Hi Stu! I found somebody on the demo server last Thursday, an avatar called ricky, and he told me it's you who runs the demo server?",
        "team": "T3NRU3N8L",
        "user_team": "T3NRU3N8L",
        "source_team": "T3NRU3N8L",
        "user_profile": {
            "avatar_hash": "gf4a276a30fe",
            "image_72": "https:\/\/secure.gravatar.com\/avatar\/f4a276a30fe2842f9bd48708cdfa006f.jpg?s=72&d=https%3A%2F%2Fa.slack-edge.com%2Fdf10d%2Fimg%2Favatars%2Fava_0026-72.png",
            "first_name": "",
            "real_name": "Martin Wensley",
            "display_name": "Martin Wensley",
            "team": "T3NRU3N8L",
            "name": "wensley",
            "is_restricted": false,
            "is_ultra_restricted": false
        },
        "blocks": [
            {
                "type": "rich_text",
                "block_id": "03b",
                "elements": [
                    {
                        "type": "rich_text_section",
                        "elements": [
                            {
                                "type": "text",
                                "text": "Hi Stu! I found somebody on the demo server last Thursday, an avatar called ricky, and he told me it's you who runs the demo server?"
                            }
                        ]
                    }
                ]
            }
        ]
    },
    {
        "user": "U3NS4Q413",
        "type": "message",
        "ts": "1589054090.021500",
        "client_msg_id": "1c4962c9-a68e-4d7d-abf4-228a655c6b60",
        "text": "The default Neohabitat server is run on behalf of The Made and administered by <@U3N3TBZPT>.",
        "team": "T3NRU3N8L",
        "user_team": "T3NRU3N8L",
        "source_team": "T3NRU3N8L",
        "user_profile": {
            "avatar_hash": "9a824257f5f9",
            "image_72": "https:\/\/avatars.slack-edge.com\/2017-06-19\/200099674645_9a824257f5f9fea53c25_72.png",
            "first_name": "Randy",
            "real_name": "Randy Farmer",
            "display_name": "randy",
            "team": "T3NRU3N8L",
            "name": "randy",
            "is_restricted": false,
            "is_ultra_restricted": false
        },
        "blocks": [
            {
                "type": "rich_text",
                "block_id": "nb3",
                "elements": [
                    {
                        "type": "rich_text_section",
                        "elements": [
                            {
                                "type": "text",
                                "text": "The default Neohabitat server is run on behalf of The Made and administered by "
                            },
                            {
                                "type": "user",
                                "user_id": "U3N3TBZPT"
                            },
                            {
                                "type": "text",
                                "text": "."
                            }
                        ]
                    }
                ]
            }
        ]
    },
    {
        "user": "U3NS4Q413",
        "type": "message",
        "ts": "1589054133.022200",
        "client_msg_id": "e7b5d96e-b865-45b8-9892-68db3f7f47ba",
        "text": "I'm, at least nominally, the gatekeeper of the Neohabitat repository.",
        "team": "T3NRU3N8L",
        "user_team": "T3NRU3N8L",
        "source_team": "T3NRU3N8L",
        "user_profile": {
            "avatar_hash": "9a824257f5f9",
            "image_72": "https:\/\/avatars.slack-edge.com\/2017-06-19\/200099674645_9a824257f5f9fea53c25_72.png",
            "first_name": "Randy",
            "real_name": "Randy Farmer",
            "display_name": "randy",
            "team": "T3NRU3N8L",
            "name": "randy",
            "is_restricted": false,
            "is_ultra_restricted": false
        },
        "blocks": [
            {
                "type": "rich_text",
                "block_id": "w8C",
                "elements": [
                    {
                        "type": "rich_text_section",
                        "elements": [
                            {
                                "type": "text",
                                "text": "I'm, at least nominally, the gatekeeper of the Neohabitat repository."
                            }
                        ]
                    }
                ]
            }
        ]
    },
    {
        "user": "U3NS4Q413",
        "type": "message",
        "ts": "1589054148.022600",
        "client_msg_id": "ba5236cf-79be-42be-942b-ac9c9f07490e",
        "text": "Of course, it's a bit more complicated in practice. :slightly_smiling_face:",
        "team": "T3NRU3N8L",
        "user_team": "T3NRU3N8L",
        "source_team": "T3NRU3N8L",
        "user_profile": {
            "avatar_hash": "9a824257f5f9",
            "image_72": "https:\/\/avatars.slack-edge.com\/2017-06-19\/200099674645_9a824257f5f9fea53c25_72.png",
            "first_name": "Randy",
            "real_name": "Randy Farmer",
            "display_name": "randy",
            "team": "T3NRU3N8L",
            "name": "randy",
            "is_restricted": false,
            "is_ultra_restricted": false
        },
        "blocks": [
            {
                "type": "rich_text",
                "block_id": "zSz",
                "elements": [
                    {
                        "type": "rich_text_section",
                        "elements": [
                            {
                                "type": "text",
                                "text": "Of course, it's a bit more complicated in practice. "
                            },
                            {
                                "type": "emoji",
                                "name": "slightly_smiling_face",
                                "unicode": "1f642"
                            }
                        ]
                    }
                ]
            }
        ]
    },
    {
        "user": "U3N3TBZPT",
        "type": "message",
        "ts": "1589054217.022900",
        "client_msg_id": "1be24f04-734d-4095-9f44-0ccde7b81c44",
        "text": "oh hey welcome to hab!",
        "team": "T3NRU3N8L",
        "user_team": "T3NRU3N8L",
        "source_team": "T3NRU3N8L",
        "user_profile": {
            "avatar_hash": "g96f16513098",
            "image_72": "https:\/\/secure.gravatar.com\/avatar\/296f1651309839191e53ca51b0cca0cc.jpg?s=72&d=https%3A%2F%2Fa.slack-edge.com%2Fdf10d%2Fimg%2Favatars%2Fava_0001-72.png",
            "first_name": "Steve",
            "real_name": "Steve Salevan",
            "display_name": "steve",
            "team": "T3NRU3N8L",
            "name": "steve",
            "is_restricted": false,
            "is_ultra_restricted": false
        },
        "blocks": [
            {
                "type": "rich_text",
                "block_id": "MzyK",
                "elements": [
                    {
                        "type": "rich_text_section",
                        "elements": [
                            {
                                "type": "text",
                                "text": "oh hey welcome to hab!"
                            }
                        ]
                    }
                ]
            }
        ]
    },
    {
        "user": "U3N3P0V89",
        "type": "message",
        "ts": "1589054333.024000",
        "client_msg_id": "37339991-493B-4F0C-BDF9-A7973B528AA9",
        "text": "Yeah I don’t run anything. I’m just a contributor and spend a lot of time here. Hope to see you inworld sometime :grinning:",
        "team": "T3NRU3N8L",
        "user_team": "T3NRU3N8L",
        "source_team": "T3NRU3N8L",
        "user_profile": {
            "avatar_hash": "6dcfc9e0d4c7",
            "image_72": "https:\/\/avatars.slack-edge.com\/2017-06-07\/195047001686_6dcfc9e0d4c71e750732_72.png",
            "first_name": "Stu",
            "real_name": "Stu",
            "display_name": "stu",
            "team": "T3NRU3N8L",
            "name": "stu",
            "is_restricted": false,
            "is_ultra_restricted": false
        },
        "blocks": [
            {
                "type": "rich_text",
                "block_id": "fM97",
                "elements": [
                    {
                        "type": "rich_text_section",
                        "elements": [
                            {
                                "type": "text",
                                "text": "Yeah I don’t run anything. I’m just a contributor and spend a lot of time here. Hope to see you inworld sometime "
                            },
                            {
                                "type": "emoji",
                                "name": "grinning",
                                "unicode": "1f600"
                            }
                        ]
                    }
                ]
            }
        ]
    },
    {
        "user": "U3N3P0V89",
        "type": "message",
        "ts": "1589054386.025000",
        "client_msg_id": "F7267D13-7506-4827-974A-5D5D4CD99D73",
        "text": "If you watch <#C3NMK8X7D|general> you can see when people log inworld and hang out ",
        "team": "T3NRU3N8L",
        "user_team": "T3NRU3N8L",
        "source_team": "T3NRU3N8L",
        "user_profile": {
            "avatar_hash": "6dcfc9e0d4c7",
            "image_72": "https:\/\/avatars.slack-edge.com\/2017-06-07\/195047001686_6dcfc9e0d4c71e750732_72.png",
            "first_name": "Stu",
            "real_name": "Stu",
            "display_name": "stu",
            "team": "T3NRU3N8L",
            "name": "stu",
            "is_restricted": false,
            "is_ultra_restricted": false
        },
        "blocks": [
            {
                "type": "rich_text",
                "block_id": "Df20",
                "elements": [
                    {
                        "type": "rich_text_section",
                        "elements": [
                            {
                                "type": "text",
                                "text": "If you watch "
                            },
                            {
                                "type": "channel",
                                "channel_id": "C3NMK8X7D"
                            },
                            {
                                "type": "text",
                                "text": " you can see when people log inworld and hang out "
                            }
                        ]
                    }
                ]
            }
        ]
    },
    {
        "user": "U013JBS6DLL",
        "type": "message",
        "ts": "1589055814.025300",
        "client_msg_id": "4bd2ab20-db5b-4996-91c5-e3b4d6532b52",
        "text": "by the way, how many Neohabitat servers are online today? Is the one that comes with the installer on GitHub the same as the one MADE runs (the permanent exhibit)?",
        "team": "T3NRU3N8L",
        "user_team": "T3NRU3N8L",
        "source_team": "T3NRU3N8L",
        "user_profile": {
            "avatar_hash": "gf4a276a30fe",
            "image_72": "https:\/\/secure.gravatar.com\/avatar\/f4a276a30fe2842f9bd48708cdfa006f.jpg?s=72&d=https%3A%2F%2Fa.slack-edge.com%2Fdf10d%2Fimg%2Favatars%2Fava_0026-72.png",
            "first_name": "",
            "real_name": "Martin Wensley",
            "display_name": "Martin Wensley",
            "team": "T3NRU3N8L",
            "name": "wensley",
            "is_restricted": false,
            "is_ultra_restricted": false
        },
        "blocks": [
            {
                "type": "rich_text",
                "block_id": "p5a0",
                "elements": [
                    {
                        "type": "rich_text_section",
                        "elements": [
                            {
                                "type": "text",
                                "text": "by the way, how many Neohabitat servers are online today? Is the one that comes with the installer on GitHub the same as the one MADE runs (the permanent exhibit)?"
                            }
                        ]
                    }
                ]
            }
        ]
    },
    {
        "user": "U013JBS6DLL",
        "type": "message",
        "ts": "1589055818.025500",
        "client_msg_id": "55c3fbf5-fb90-4bd0-a953-456815724a90",
        "text": "I just tried last week. It's cool, even if a little laggy and unstable. Maybe the problem was my  installation of VICE after I did a reset of the settings, but it still works, kind of.\n\nGoing to try it again with the settings that come with the installer to see if freezes\/hang stop.",
        "team": "T3NRU3N8L",
        "user_team": "T3NRU3N8L",
        "source_team": "T3NRU3N8L",
        "user_profile": {
            "avatar_hash": "gf4a276a30fe",
            "image_72": "https:\/\/secure.gravatar.com\/avatar\/f4a276a30fe2842f9bd48708cdfa006f.jpg?s=72&d=https%3A%2F%2Fa.slack-edge.com%2Fdf10d%2Fimg%2Favatars%2Fava_0026-72.png",
            "first_name": "",
            "real_name": "Martin Wensley",
            "display_name": "Martin Wensley",
            "team": "T3NRU3N8L",
            "name": "wensley",
            "is_restricted": false,
            "is_ultra_restricted": false
        },
        "blocks": [
            {
                "type": "rich_text",
                "block_id": "\/IZM",
                "elements": [
                    {
                        "type": "rich_text_section",
                        "elements": [
                            {
                                "type": "text",
                                "text": "I just tried last week. It's cool, even if a little laggy and unstable. Maybe the problem was my  installation of VICE after I did a reset of the settings, but it still works, kind of.\n\nGoing to try it again with the settings that come with the installer to see if freezes\/hang stop."
                            }
                        ]
                    }
                ]
            }
        ]
    },
    {
        "user": "U013JBS6DLL",
        "type": "message",
        "ts": "1589055859.025800",
        "client_msg_id": "0e56530e-475d-4746-ab12-bb29c9d3bf11",
        "text": "nice to meet you steve, thanks for the welcoming",
        "team": "T3NRU3N8L",
        "user_team": "T3NRU3N8L",
        "source_team": "T3NRU3N8L",
        "user_profile": {
            "avatar_hash": "gf4a276a30fe",
            "image_72": "https:\/\/secure.gravatar.com\/avatar\/f4a276a30fe2842f9bd48708cdfa006f.jpg?s=72&d=https%3A%2F%2Fa.slack-edge.com%2Fdf10d%2Fimg%2Favatars%2Fava_0026-72.png",
            "first_name": "",
            "real_name": "Martin Wensley",
            "display_name": "Martin Wensley",
            "team": "T3NRU3N8L",
            "name": "wensley",
            "is_restricted": false,
            "is_ultra_restricted": false
        },
        "blocks": [
            {
                "type": "rich_text",
                "block_id": "AWD5u",
                "elements": [
                    {
                        "type": "rich_text_section",
                        "elements": [
                            {
                                "type": "text",
                                "text": "nice to meet you steve, thanks for the welcoming"
                            }
                        ]
                    }
                ]
            }
        ]
    },
    {
        "user": "U3N3P0V89",
        "type": "message",
        "ts": "1589056136.026600",
        "client_msg_id": "18FD1691-BA4B-4CF9-98AA-EAF54EFBCB57",
        "text": "There’s only one public server which is bundled into the installer like you mentioned. That’s the made\/demo one.",
        "team": "T3NRU3N8L",
        "user_team": "T3NRU3N8L",
        "source_team": "T3NRU3N8L",
        "user_profile": {
            "avatar_hash": "6dcfc9e0d4c7",
            "image_72": "https:\/\/avatars.slack-edge.com\/2017-06-07\/195047001686_6dcfc9e0d4c71e750732_72.png",
            "first_name": "Stu",
            "real_name": "Stu",
            "display_name": "stu",
            "team": "T3NRU3N8L",
            "name": "stu",
            "is_restricted": false,
            "is_ultra_restricted": false
        },
        "blocks": [
            {
                "type": "rich_text",
                "block_id": "VnFO",
                "elements": [
                    {
                        "type": "rich_text_section",
                        "elements": [
                            {
                                "type": "text",
                                "text": "There’s only one public server which is bundled into the installer like you mentioned. That’s the made\/demo one."
                            }
                        ]
                    }
                ]
            }
        ]
    },
    {
        "user": "U3N3P0V89",
        "type": "message",
        "ts": "1589056147.026900",
        "client_msg_id": "207FA9E3-3503-4975-9878-61F458FA9368",
        "text": "Anyone can stand up a server of their own though",
        "team": "T3NRU3N8L",
        "user_team": "T3NRU3N8L",
        "source_team": "T3NRU3N8L",
        "user_profile": {
            "avatar_hash": "6dcfc9e0d4c7",
            "image_72": "https:\/\/avatars.slack-edge.com\/2017-06-07\/195047001686_6dcfc9e0d4c71e750732_72.png",
            "first_name": "Stu",
            "real_name": "Stu",
            "display_name": "stu",
            "team": "T3NRU3N8L",
            "name": "stu",
            "is_restricted": false,
            "is_ultra_restricted": false
        },
        "blocks": [
            {
                "type": "rich_text",
                "block_id": "Mwg2",
                "elements": [
                    {
                        "type": "rich_text_section",
                        "elements": [
                            {
                                "type": "text",
                                "text": "Anyone can stand up a server of their own though"
                            }
                        ]
                    }
                ]
            }
        ]
    },
    {
        "user": "U3N3P0V89",
        "type": "message",
        "ts": "1589056178.027500",
        "client_msg_id": "18DCF877-0798-4A14-B5F2-6FEBD92BF358",
        "text": "You had issues with lag and instability?",
        "team": "T3NRU3N8L",
        "user_team": "T3NRU3N8L",
        "source_team": "T3NRU3N8L",
        "user_profile": {
            "avatar_hash": "6dcfc9e0d4c7",
            "image_72": "https:\/\/avatars.slack-edge.com\/2017-06-07\/195047001686_6dcfc9e0d4c71e750732_72.png",
            "first_name": "Stu",
            "real_name": "Stu",
            "display_name": "stu",
            "team": "T3NRU3N8L",
            "name": "stu",
            "is_restricted": false,
            "is_ultra_restricted": false
        },
        "blocks": [
            {
                "type": "rich_text",
                "block_id": "M3Z",
                "elements": [
                    {
                        "type": "rich_text_section",
                        "elements": [
                            {
                                "type": "text",
                                "text": "You had issues with lag and instability?"
                            }
                        ]
                    }
                ]
            }
        ]
    },
    {
        "user": "U3N3P0V89",
        "type": "message",
        "ts": "1589056220.028000",
        "client_msg_id": "B5C5252C-4106-430C-8792-EA4CA453C9F7",
        "text": "We recommend not using warp mode as that can cause some issues",
        "team": "T3NRU3N8L",
        "user_team": "T3NRU3N8L",
        "source_team": "T3NRU3N8L",
        "user_profile": {
            "avatar_hash": "6dcfc9e0d4c7",
            "image_72": "https:\/\/avatars.slack-edge.com\/2017-06-07\/195047001686_6dcfc9e0d4c71e750732_72.png",
            "first_name": "Stu",
            "real_name": "Stu",
            "display_name": "stu",
            "team": "T3NRU3N8L",
            "name": "stu",
            "is_restricted": false,
            "is_ultra_restricted": false
        },
        "blocks": [
            {
                "type": "rich_text",
                "block_id": "+pPi",
                "elements": [
                    {
                        "type": "rich_text_section",
                        "elements": [
                            {
                                "type": "text",
                                "text": "We recommend not using warp mode as that can cause some issues"
                            }
                        ]
                    }
                ]
            }
        ]
    },
    {
        "user": "U013JBS6DLL",
        "type": "message",
        "ts": "1589056462.029000",
        "client_msg_id": "53055418-9efb-4b4f-a1ca-575fa5f5a6b7",
        "text": "yes... but I'm in Argentina, so maybe that's why. Instability, like I said in the previous chat. Maybe it was because I did a rest of VICE to its stock settings. Could it have been that?",
        "team": "T3NRU3N8L",
        "user_team": "T3NRU3N8L",
        "source_team": "T3NRU3N8L",
        "user_profile": {
            "avatar_hash": "gf4a276a30fe",
            "image_72": "https:\/\/secure.gravatar.com\/avatar\/f4a276a30fe2842f9bd48708cdfa006f.jpg?s=72&d=https%3A%2F%2Fa.slack-edge.com%2Fdf10d%2Fimg%2Favatars%2Fava_0026-72.png",
            "first_name": "",
            "real_name": "Martin Wensley",
            "display_name": "Martin Wensley",
            "team": "T3NRU3N8L",
            "name": "wensley",
            "is_restricted": false,
            "is_ultra_restricted": false
        },
        "blocks": [
            {
                "type": "rich_text",
                "block_id": "lwg",
                "elements": [
                    {
                        "type": "rich_text_section",
                        "elements": [
                            {
                                "type": "text",
                                "text": "yes... but I'm in Argentina, so maybe that's why. Instability, like I said in the previous chat. Maybe it was because I did a rest of VICE to its stock settings. Could it have been that?"
                            }
                        ]
                    }
                ]
            }
        ]
    },
    {
        "user": "U013JBS6DLL",
        "type": "message",
        "ts": "1589056479.029300",
        "client_msg_id": "9191530e-4059-4da1-a075-6cf1da411b3f",
        "text": "reset* of VICE",
        "team": "T3NRU3N8L",
        "user_team": "T3NRU3N8L",
        "source_team": "T3NRU3N8L",
        "user_profile": {
            "avatar_hash": "gf4a276a30fe",
            "image_72": "https:\/\/secure.gravatar.com\/avatar\/f4a276a30fe2842f9bd48708cdfa006f.jpg?s=72&d=https%3A%2F%2Fa.slack-edge.com%2Fdf10d%2Fimg%2Favatars%2Fava_0026-72.png",
            "first_name": "",
            "real_name": "Martin Wensley",
            "display_name": "Martin Wensley",
            "team": "T3NRU3N8L",
            "name": "wensley",
            "is_restricted": false,
            "is_ultra_restricted": false
        },
        "blocks": [
            {
                "type": "rich_text",
                "block_id": "m\/1+",
                "elements": [
                    {
                        "type": "rich_text_section",
                        "elements": [
                            {
                                "type": "text",
                                "text": "reset* of VICE"
                            }
                        ]
                    }
                ]
            }
        ]
    },
    {
        "user": "U013JBS6DLL",
        "type": "message",
        "ts": "1589056597.031100",
        "client_msg_id": "f358116d-e792-49c3-8829-1088c5118307",
        "text": "Another thing I wanted to tell you, I read on GitHub that you want to know anything that could better the new users UX, I think that providing a map, even if at first it's only a web page and not an in-game feature could amp up the fun factor significantly",
        "team": "T3NRU3N8L",
        "user_team": "T3NRU3N8L",
        "source_team": "T3NRU3N8L",
        "user_profile": {
            "avatar_hash": "gf4a276a30fe",
            "image_72": "https:\/\/secure.gravatar.com\/avatar\/f4a276a30fe2842f9bd48708cdfa006f.jpg?s=72&d=https%3A%2F%2Fa.slack-edge.com%2Fdf10d%2Fimg%2Favatars%2Fava_0026-72.png",
            "first_name": "",
            "real_name": "Martin Wensley",
            "display_name": "Martin Wensley",
            "team": "T3NRU3N8L",
            "name": "wensley",
            "is_restricted": false,
            "is_ultra_restricted": false
        },
        "blocks": [
            {
                "type": "rich_text",
                "block_id": "fZma",
                "elements": [
                    {
                        "type": "rich_text_section",
                        "elements": [
                            {
                                "type": "text",
                                "text": "Another thing I wanted to tell you, I read on GitHub that you want to know anything that could better the new users UX, I think that providing a map, even if at first it's only a web page and not an in-game feature could amp up the fun factor significantly"
                            }
                        ]
                    }
                ]
            }
        ]
    },
    {
        "user": "U3N3P0V89",
        "type": "message",
        "ts": "1589059318.032100",
        "client_msg_id": "DBA1B17A-C39F-47F2-8F54-42C91540DC5C",
        "text": "We have a map of the main downtown area available which could come in handy for that. Perhaps it could be more prominent.",
        "team": "T3NRU3N8L",
        "user_team": "T3NRU3N8L",
        "source_team": "T3NRU3N8L",
        "user_profile": {
            "avatar_hash": "6dcfc9e0d4c7",
            "image_72": "https:\/\/avatars.slack-edge.com\/2017-06-07\/195047001686_6dcfc9e0d4c71e750732_72.png",
            "first_name": "Stu",
            "real_name": "Stu",
            "display_name": "stu",
            "team": "T3NRU3N8L",
            "name": "stu",
            "is_restricted": false,
            "is_ultra_restricted": false
        },
        "blocks": [
            {
                "type": "rich_text",
                "block_id": "4HFt",
                "elements": [
                    {
                        "type": "rich_text_section",
                        "elements": [
                            {
                                "type": "text",
                                "text": "We have a map of the main downtown area available which could come in handy for that. Perhaps it could be more prominent."
                            }
                        ]
                    }
                ]
            }
        ]
    },
    {
        "user": "UJLK3K4DS",
        "type": "message",
        "ts": "1589062412.033400",
        "client_msg_id": "bcfb046b-2790-4ffe-8e4a-8013809c3b44",
        "text": "this is the map that i have been making, fiting different parts that I have found over there",
        "team": "T3NRU3N8L",
        "user_team": "T3NRU3N8L",
        "source_team": "T3NRU3N8L",
        "user_profile": {
            "avatar_hash": "639e026641d3",
            "image_72": "https:\/\/avatars.slack-edge.com\/2022-03-25\/3296810688003_639e026641d3dc2c2ae2_72.jpg",
            "first_name": "Naibor",
            "real_name": "Naibor",
            "display_name": "Naibor",
            "team": "T3NRU3N8L",
            "name": "pedrouran",
            "is_restricted": false,
            "is_ultra_restricted": false
        },
        "blocks": [
            {
                "type": "rich_text",
                "block_id": "4ba",
                "elements": [
                    {
                        "type": "rich_text_section",
                        "elements": [
                            {
                                "type": "text",
                                "text": "this is the map that i have been making, fiting different parts that I have found over there"
                            }
                        ]
                    }
                ]
            }
        ]
    },
    {
        "text": "",
        "files": [
            {
                "id": "F0135GF7WJJ",
                "created": 1589062327,
                "timestamp": 1589062327,
                "name": "mapa-neohabitat-completo.jpg",
                "title": "mapa-neohabitat-completo.jpg",
                "mimetype": "image\/jpeg",
                "filetype": "jpg",
                "pretty_type": "JPEG",
                "user": "UJLK3K4DS",
                "user_team": "T3NRU3N8L",
                "editable": false,
                "size": 11075157,
                "mode": "hosted",
                "is_external": false,
                "external_type": "",
                "is_public": true,
                "public_url_shared": false,
                "display_as_bot": false,
                "username": "",
                "url_private": "https:\/\/files.slack.com\/files-pri\/T3NRU3N8L-F0135GF7WJJ\/mapa-neohabitat-completo.jpg?t=xoxe-124878124292-7467719047090-7480385333457-4296bbd25a5710071a4df099b64b6f19",
                "url_private_download": "https:\/\/files.slack.com\/files-pri\/T3NRU3N8L-F0135GF7WJJ\/download\/mapa-neohabitat-completo.jpg?t=xoxe-124878124292-7467719047090-7480385333457-4296bbd25a5710071a4df099b64b6f19",
                "media_display_type": "unknown",
                "permalink": "https:\/\/neohabitat.slack.com\/files\/UJLK3K4DS\/F0135GF7WJJ\/mapa-neohabitat-completo.jpg",
                "permalink_public": "https:\/\/slack-files.com\/T3NRU3N8L-F0135GF7WJJ-a8ac9701f5",
                "is_starred": false,
                "has_rich_preview": false,
                "file_access": "visible"
            }
        ],
        "upload": true,
        "user": "UJLK3K4DS",
        "display_as_bot": false,
        "type": "message",
        "ts": "1589062452.033500",
        "client_msg_id": "3a270bdd-5f7d-4e70-a799-f5abc4a20bff"
    },
    {
        "text": "This is the original 1987 map of the downtown area and it matches up exactly to NeoHabitat",
        "files": [
            {
                "id": "FKL9NRZQV",
                "created": 1560615023,
                "timestamp": 1560615023,
                "name": "Populopolis1987Map.png",
                "title": "Populopolis1987Map.png",
                "mimetype": "image\/png",
                "filetype": "png",
                "pretty_type": "PNG",
                "user": "U3N3P0V89",
                "user_team": "T3NRU3N8L",
                "editable": false,
                "size": 6401898,
                "mode": "hosted",
                "is_external": false,
                "external_type": "",
                "is_public": true,
                "public_url_shared": false,
                "display_as_bot": false,
                "username": "",
                "url_private": "https:\/\/files.slack.com\/files-pri\/T3NRU3N8L-FKL9NRZQV\/populopolis1987map.png?t=xoxe-124878124292-7467719047090-7480385333457-4296bbd25a5710071a4df099b64b6f19",
                "url_private_download": "https:\/\/files.slack.com\/files-pri\/T3NRU3N8L-FKL9NRZQV\/download\/populopolis1987map.png?t=xoxe-124878124292-7467719047090-7480385333457-4296bbd25a5710071a4df099b64b6f19",
                "media_display_type": "unknown",
                "thumb_64": "https:\/\/files.slack.com\/files-tmb\/T3NRU3N8L-FKL9NRZQV-09bd75cc18\/populopolis1987map_64.png?t=xoxe-124878124292-7467719047090-7480385333457-4296bbd25a5710071a4df099b64b6f19",
                "thumb_80": "https:\/\/files.slack.com\/files-tmb\/T3NRU3N8L-FKL9NRZQV-09bd75cc18\/populopolis1987map_80.png?t=xoxe-124878124292-7467719047090-7480385333457-4296bbd25a5710071a4df099b64b6f19",
                "thumb_360": "https:\/\/files.slack.com\/files-tmb\/T3NRU3N8L-FKL9NRZQV-09bd75cc18\/populopolis1987map_360.png?t=xoxe-124878124292-7467719047090-7480385333457-4296bbd25a5710071a4df099b64b6f19",
                "thumb_360_w": 241,
                "thumb_360_h": 360,
                "thumb_480": "https:\/\/files.slack.com\/files-tmb\/T3NRU3N8L-FKL9NRZQV-09bd75cc18\/populopolis1987map_480.png?t=xoxe-124878124292-7467719047090-7480385333457-4296bbd25a5710071a4df099b64b6f19",
                "thumb_480_w": 322,
                "thumb_480_h": 480,
                "thumb_160": "https:\/\/files.slack.com\/files-tmb\/T3NRU3N8L-FKL9NRZQV-09bd75cc18\/populopolis1987map_160.png?t=xoxe-124878124292-7467719047090-7480385333457-4296bbd25a5710071a4df099b64b6f19",
                "thumb_720": "https:\/\/files.slack.com\/files-tmb\/T3NRU3N8L-FKL9NRZQV-09bd75cc18\/populopolis1987map_720.png?t=xoxe-124878124292-7467719047090-7480385333457-4296bbd25a5710071a4df099b64b6f19",
                "thumb_720_w": 482,
                "thumb_720_h": 720,
                "thumb_800": "https:\/\/files.slack.com\/files-tmb\/T3NRU3N8L-FKL9NRZQV-09bd75cc18\/populopolis1987map_800.png?t=xoxe-124878124292-7467719047090-7480385333457-4296bbd25a5710071a4df099b64b6f19",
                "thumb_800_w": 800,
                "thumb_800_h": 1194,
                "thumb_960": "https:\/\/files.slack.com\/files-tmb\/T3NRU3N8L-FKL9NRZQV-09bd75cc18\/populopolis1987map_960.png?t=xoxe-124878124292-7467719047090-7480385333457-4296bbd25a5710071a4df099b64b6f19",
                "thumb_960_w": 643,
                "thumb_960_h": 960,
                "thumb_1024": "https:\/\/files.slack.com\/files-tmb\/T3NRU3N8L-FKL9NRZQV-09bd75cc18\/populopolis1987map_1024.png?t=xoxe-124878124292-7467719047090-7480385333457-4296bbd25a5710071a4df099b64b6f19",
                "thumb_1024_w": 686,
                "thumb_1024_h": 1024,
                "image_exif_rotation": 1,
                "original_w": 2995,
                "original_h": 4470,
                "permalink": "https:\/\/neohabitat.slack.com\/files\/U3N3P0V89\/FKL9NRZQV\/populopolis1987map.png",
                "permalink_public": "https:\/\/slack-files.com\/T3NRU3N8L-FKL9NRZQV-83dc1d8c31",
                "is_starred": false,
                "has_rich_preview": false,
                "file_access": "visible"
            }
        ],
        "upload": false,
        "user": "U3N3P0V89",
        "display_as_bot": false,
        "blocks": [
            {
                "type": "rich_text",
                "block_id": "DYf",
                "elements": [
                    {
                        "type": "rich_text_section",
                        "elements": [
                            {
                                "type": "text",
                                "text": "This is the original 1987 map of the downtown area and it matches up exactly to NeoHabitat"
                            }
                        ]
                    }
                ]
            }
        ],
        "type": "message",
        "ts": "1589062506.033800"
    },
    {
        "user": "U3N3P0V89",
        "type": "message",
        "ts": "1589062532.034500",
        "client_msg_id": "D95C173F-6511-43CF-9FD7-213D4992D6CA",
        "text": "It includes the streets also (player housing)",
        "team": "T3NRU3N8L",
        "user_team": "T3NRU3N8L",
        "source_team": "T3NRU3N8L",
        "user_profile": {
            "avatar_hash": "6dcfc9e0d4c7",
            "image_72": "https:\/\/avatars.slack-edge.com\/2017-06-07\/195047001686_6dcfc9e0d4c71e750732_72.png",
            "first_name": "Stu",
            "real_name": "Stu",
            "display_name": "stu",
            "team": "T3NRU3N8L",
            "name": "stu",
            "is_restricted": false,
            "is_ultra_restricted": false
        },
        "blocks": [
            {
                "type": "rich_text",
                "block_id": "htNlb",
                "elements": [
                    {
                        "type": "rich_text_section",
                        "elements": [
                            {
                                "type": "text",
                                "text": "It includes the streets also (player housing)"
                            }
                        ]
                    }
                ]
            }
        ]
    },
    {
        "user": "U3N3P0V89",
        "type": "message",
        "ts": "1589062602.035900",
        "client_msg_id": "47DB7249-D029-4B98-A854-ED94A8447EC0",
        "text": "It is missing one street which is commerce st on the south side of Populopolis. This is the street with the church of the holy walnut, the rant offices, the wall drug, etc.",
        "team": "T3NRU3N8L",
        "user_team": "T3NRU3N8L",
        "source_team": "T3NRU3N8L",
        "user_profile": {
            "avatar_hash": "6dcfc9e0d4c7",
            "image_72": "https:\/\/avatars.slack-edge.com\/2017-06-07\/195047001686_6dcfc9e0d4c71e750732_72.png",
            "first_name": "Stu",
            "real_name": "Stu",
            "display_name": "stu",
            "team": "T3NRU3N8L",
            "name": "stu",
            "is_restricted": false,
            "is_ultra_restricted": false
        },
        "blocks": [
            {
                "type": "rich_text",
                "block_id": "aOYE+",
                "elements": [
                    {
                        "type": "rich_text_section",
                        "elements": [
                            {
                                "type": "text",
                                "text": "It is missing one street which is commerce st on the south side of Populopolis. This is the street with the church of the holy walnut, the rant offices, the wall drug, etc."
                            }
                        ]
                    }
                ]
            }
        ]
    },
    {
        "user": "U3N3P0V89",
        "type": "message",
        "ts": "1589062619.036200",
        "client_msg_id": "A1424EC6-5840-441A-A0CE-A688A3C184AE",
        "text": "Nice job <@UJLK3K4DS> !",
        "team": "T3NRU3N8L",
        "user_team": "T3NRU3N8L",
        "source_team": "T3NRU3N8L",
        "user_profile": {
            "avatar_hash": "6dcfc9e0d4c7",
            "image_72": "https:\/\/avatars.slack-edge.com\/2017-06-07\/195047001686_6dcfc9e0d4c71e750732_72.png",
            "first_name": "Stu",
            "real_name": "Stu",
            "display_name": "stu",
            "team": "T3NRU3N8L",
            "name": "stu",
            "is_restricted": false,
            "is_ultra_restricted": false
        },
        "blocks": [
            {
                "type": "rich_text",
                "block_id": "qne",
                "elements": [
                    {
                        "type": "rich_text_section",
                        "elements": [
                            {
                                "type": "text",
                                "text": "Nice job "
                            },
                            {
                                "type": "user",
                                "user_id": "UJLK3K4DS"
                            },
                            {
                                "type": "text",
                                "text": " !"
                            }
                        ]
                    }
                ]
            }
        ]
    },
    {
        "user": "U3N3P0V89",
        "type": "message",
        "ts": "1589062697.037500",
        "client_msg_id": "85740890-EF4E-418C-B406-157982659DB9",
        "text": "The street that’s missing, you list it on the map but the regions you put text over are actually the interiors of the street where the new you is",
        "team": "T3NRU3N8L",
        "user_team": "T3NRU3N8L",
        "source_team": "T3NRU3N8L",
        "user_profile": {
            "avatar_hash": "6dcfc9e0d4c7",
            "image_72": "https:\/\/avatars.slack-edge.com\/2017-06-07\/195047001686_6dcfc9e0d4c71e750732_72.png",
            "first_name": "Stu",
            "real_name": "Stu",
            "display_name": "stu",
            "team": "T3NRU3N8L",
            "name": "stu",
            "is_restricted": false,
            "is_ultra_restricted": false
        },
        "blocks": [
            {
                "type": "rich_text",
                "block_id": "iWzm",
                "elements": [
                    {
                        "type": "rich_text_section",
                        "elements": [
                            {
                                "type": "text",
                                "text": "The street that’s missing, you list it on the map but the regions you put text over are actually the interiors of the street where the new you is"
                            }
                        ]
                    }
                ]
            }
        ]
    }
]