[
    {
        "user": "U3PF5D3GF",
        "type": "message",
        "ts": "1619989230.000800",
        "client_msg_id": "e91b6bab-6eb7-4833-a266-992087dafa77",
        "text": "hello",
        "team": "T3NRU3N8L",
        "user_team": "T3NRU3N8L",
        "source_team": "T3NRU3N8L",
        "user_profile": {
            "avatar_hash": "bf087bcc3759",
            "image_72": "https:\/\/avatars.slack-edge.com\/2017-01-09\/125150045459_bf087bcc375906f87bfd_72.jpg",
            "first_name": "Alex",
            "real_name": "Alex Handy",
            "display_name": "vonguard",
            "team": "T3NRU3N8L",
            "name": "vonguard",
            "is_restricted": false,
            "is_ultra_restricted": false
        },
        "blocks": [
            {
                "type": "rich_text",
                "block_id": "idT",
                "elements": [
                    {
                        "type": "rich_text_section",
                        "elements": [
                            {
                                "type": "text",
                                "text": "hello"
                            }
                        ]
                    }
                ]
            }
        ]
    }
]