[
    {
        "user": "U01NN2JCS3Y",
        "type": "message",
        "ts": "1625509650.003200",
        "client_msg_id": "4a6f58a2-7af4-45a1-a7f9-e6e19c8b6c0a",
        "text": "Also, possible to get this embedded on the site?",
        "team": "T3NRU3N8L",
        "user_team": "T3NRU3N8L",
        "source_team": "T3NRU3N8L",
        "user_profile": {
            "avatar_hash": "d31b506ee187",
            "image_72": "https:\/\/avatars.slack-edge.com\/2021-02-21\/1777067857107_d31b506ee187987b58d6_72.jpg",
            "first_name": "",
            "real_name": "Mike Damanskis",
            "display_name": "Mike Damanskis",
            "team": "T3NRU3N8L",
            "name": "mikedamanskis",
            "is_restricted": false,
            "is_ultra_restricted": false
        },
        "thread_ts": "1625254669.002300",
        "parent_user_id": "U01NN2JCS3Y",
        "blocks": [
            {
                "type": "rich_text",
                "block_id": "\/76L=",
                "elements": [
                    {
                        "type": "rich_text_section",
                        "elements": [
                            {
                                "type": "text",
                                "text": "Also, possible to get this embedded on the site?"
                            }
                        ]
                    }
                ]
            }
        ]
    }
]