[
    {
        "user": "U3PF5D3GF",
        "type": "message",
        "ts": "1610035867.009200",
        "client_msg_id": "356d66c5-6011-4113-a814-daa880bf9ca5",
        "text": "<@U3NS4Q413>, tuesday 1 PM. I will send a calendar invite",
        "team": "T3NRU3N8L",
        "user_team": "T3NRU3N8L",
        "source_team": "T3NRU3N8L",
        "user_profile": {
            "avatar_hash": "bf087bcc3759",
            "image_72": "https:\/\/avatars.slack-edge.com\/2017-01-09\/125150045459_bf087bcc375906f87bfd_72.jpg",
            "first_name": "Alex",
            "real_name": "Alex Handy",
            "display_name": "vonguard",
            "team": "T3NRU3N8L",
            "name": "vonguard",
            "is_restricted": false,
            "is_ultra_restricted": false
        },
        "blocks": [
            {
                "type": "rich_text",
                "block_id": "EUsEi",
                "elements": [
                    {
                        "type": "rich_text_section",
                        "elements": [
                            {
                                "type": "user",
                                "user_id": "U3NS4Q413"
                            },
                            {
                                "type": "text",
                                "text": ", tuesday 1 PM. I will send a calendar invite"
                            }
                        ]
                    }
                ]
            }
        ]
    }
]