[
    {
        "subtype": "channel_join",
        "user": "U02830GQL9Y",
        "text": "<@U02830GQL9Y> has joined the channel",
        "type": "message",
        "ts": "1626287148.003700"
    },
    {
        "user": "U02830GQL9Y",
        "type": "message",
        "ts": "1626287227.003800",
        "client_msg_id": "3e742698-774b-4dbe-b98a-e784892a788d",
        "text": "sure",
        "team": "T3NRU3N8L",
        "user_team": "T3NRU3N8L",
        "source_team": "T3NRU3N8L",
        "user_profile": {
            "avatar_hash": "g7b637a3ba6e",
            "image_72": "https:\/\/secure.gravatar.com\/avatar\/7b637a3ba6e53af22243186d57efa606.jpg?s=72&d=https%3A%2F%2Fa.slack-edge.com%2Fdf10d%2Fimg%2Favatars%2Fava_0013-72.png",
            "first_name": "",
            "real_name": "Facundo",
            "display_name": "Facundo",
            "team": "T3NRU3N8L",
            "name": "peillat.nahuel155",
            "is_restricted": false,
            "is_ultra_restricted": false
        },
        "thread_ts": "1625111753.002000",
        "parent_user_id": "U026B269P2T",
        "blocks": [
            {
                "type": "rich_text",
                "block_id": "VIF6",
                "elements": [
                    {
                        "type": "rich_text_section",
                        "elements": [
                            {
                                "type": "text",
                                "text": "sure"
                            }
                        ]
                    }
                ]
            }
        ]
    }
]