[
    {
        "user": "U3PF5D3GF",
        "type": "message",
        "ts": "1661962127.040789",
        "client_msg_id": "a7d66280-2ede-4f4c-827c-1993c963f744",
        "text": "Hey folks, I have someone from Taschen who wants some original images of Habitat for a book they are doing on the history of games",
        "team": "T3NRU3N8L",
        "user_team": "T3NRU3N8L",
        "source_team": "T3NRU3N8L",
        "user_profile": {
            "avatar_hash": "bf087bcc3759",
            "image_72": "https:\/\/avatars.slack-edge.com\/2017-01-09\/125150045459_bf087bcc375906f87bfd_72.jpg",
            "first_name": "Alex",
            "real_name": "Alex Handy",
            "display_name": "vonguard",
            "team": "T3NRU3N8L",
            "name": "vonguard",
            "is_restricted": false,
            "is_ultra_restricted": false
        },
        "blocks": [
            {
                "type": "rich_text",
                "block_id": "o1D",
                "elements": [
                    {
                        "type": "rich_text_section",
                        "elements": [
                            {
                                "type": "text",
                                "text": "Hey folks, I have someone from Taschen who wants some original images of Habitat for a book they are doing on the history of games"
                            }
                        ]
                    }
                ]
            }
        ]
    },
    {
        "user": "U3PF5D3GF",
        "type": "message",
        "ts": "1661962136.875599",
        "client_msg_id": "37ecc3bc-c649-4cb9-b13e-b1cf677892c0",
        "text": "I sent them to <@U3N3P0V89> but he seems to be missing at the moment",
        "team": "T3NRU3N8L",
        "user_team": "T3NRU3N8L",
        "source_team": "T3NRU3N8L",
        "user_profile": {
            "avatar_hash": "bf087bcc3759",
            "image_72": "https:\/\/avatars.slack-edge.com\/2017-01-09\/125150045459_bf087bcc375906f87bfd_72.jpg",
            "first_name": "Alex",
            "real_name": "Alex Handy",
            "display_name": "vonguard",
            "team": "T3NRU3N8L",
            "name": "vonguard",
            "is_restricted": false,
            "is_ultra_restricted": false
        },
        "blocks": [
            {
                "type": "rich_text",
                "block_id": "a9\/Fx",
                "elements": [
                    {
                        "type": "rich_text_section",
                        "elements": [
                            {
                                "type": "text",
                                "text": "I sent them to "
                            },
                            {
                                "type": "user",
                                "user_id": "U3N3P0V89"
                            },
                            {
                                "type": "text",
                                "text": " but he seems to be missing at the moment"
                            }
                        ]
                    }
                ]
            }
        ]
    },
    {
        "user": "U3PF5D3GF",
        "type": "message",
        "ts": "1661962143.383659",
        "client_msg_id": "8b219668-f84a-4b42-b56a-15bf7af26ab1",
        "text": "anyone got an archive of original screenshots?",
        "team": "T3NRU3N8L",
        "user_team": "T3NRU3N8L",
        "source_team": "T3NRU3N8L",
        "user_profile": {
            "avatar_hash": "bf087bcc3759",
            "image_72": "https:\/\/avatars.slack-edge.com\/2017-01-09\/125150045459_bf087bcc375906f87bfd_72.jpg",
            "first_name": "Alex",
            "real_name": "Alex Handy",
            "display_name": "vonguard",
            "team": "T3NRU3N8L",
            "name": "vonguard",
            "is_restricted": false,
            "is_ultra_restricted": false
        },
        "blocks": [
            {
                "type": "rich_text",
                "block_id": "7z=",
                "elements": [
                    {
                        "type": "rich_text_section",
                        "elements": [
                            {
                                "type": "text",
                                "text": "anyone got an archive of original screenshots?"
                            }
                        ]
                    }
                ]
            }
        ]
    },
    {
        "user": "U3PF5D3GF",
        "type": "message",
        "ts": "1661962305.259899",
        "client_msg_id": "c69264a6-e3f9-405e-8e92-b0b11100f9db",
        "text": "<@U3NS4Q413> got anything?",
        "team": "T3NRU3N8L",
        "user_team": "T3NRU3N8L",
        "source_team": "T3NRU3N8L",
        "user_profile": {
            "avatar_hash": "bf087bcc3759",
            "image_72": "https:\/\/avatars.slack-edge.com\/2017-01-09\/125150045459_bf087bcc375906f87bfd_72.jpg",
            "first_name": "Alex",
            "real_name": "Alex Handy",
            "display_name": "vonguard",
            "team": "T3NRU3N8L",
            "name": "vonguard",
            "is_restricted": false,
            "is_ultra_restricted": false
        },
        "blocks": [
            {
                "type": "rich_text",
                "block_id": "0F0lK",
                "elements": [
                    {
                        "type": "rich_text_section",
                        "elements": [
                            {
                                "type": "user",
                                "user_id": "U3NS4Q413"
                            },
                            {
                                "type": "text",
                                "text": " got anything?"
                            }
                        ]
                    }
                ]
            }
        ]
    },
    {
        "user": "U3NS4Q413",
        "type": "message",
        "ts": "1661963048.999769",
        "client_msg_id": "41fbc862-eae9-4311-936a-47d415af584b",
        "text": "<https:\/\/github.com\/frandallfarmer\/neohabitat-doc\/tree\/master\/docs\/images>",
        "team": "T3NRU3N8L",
        "user_team": "T3NRU3N8L",
        "source_team": "T3NRU3N8L",
        "user_profile": {
            "avatar_hash": "9a824257f5f9",
            "image_72": "https:\/\/avatars.slack-edge.com\/2017-06-19\/200099674645_9a824257f5f9fea53c25_72.png",
            "first_name": "Randy",
            "real_name": "Randy Farmer",
            "display_name": "randy",
            "team": "T3NRU3N8L",
            "name": "randy",
            "is_restricted": false,
            "is_ultra_restricted": false
        },
        "blocks": [
            {
                "type": "rich_text",
                "block_id": "6\/Qw0",
                "elements": [
                    {
                        "type": "rich_text_section",
                        "elements": [
                            {
                                "type": "link",
                                "url": "https:\/\/github.com\/frandallfarmer\/neohabitat-doc\/tree\/master\/docs\/images"
                            }
                        ]
                    }
                ]
            }
        ]
    },
    {
        "user": "U3NS4Q413",
        "type": "message",
        "ts": "1661963094.298829",
        "client_msg_id": "1cd103c3-56f2-4085-a49f-fc7126d24dfb",
        "text": "<https:\/\/renoproject.org\/imagearchive\/>",
        "team": "T3NRU3N8L",
        "user_team": "T3NRU3N8L",
        "source_team": "T3NRU3N8L",
        "user_profile": {
            "avatar_hash": "9a824257f5f9",
            "image_72": "https:\/\/avatars.slack-edge.com\/2017-06-19\/200099674645_9a824257f5f9fea53c25_72.png",
            "first_name": "Randy",
            "real_name": "Randy Farmer",
            "display_name": "randy",
            "team": "T3NRU3N8L",
            "name": "randy",
            "is_restricted": false,
            "is_ultra_restricted": false
        },
        "attachments": [
            {
                "from_url": "https:\/\/renoproject.org\/imagearchive\/",
                "service_icon": "https:\/\/renoproject.org\/favicon.ico",
                "id": 1,
                "original_url": "https:\/\/renoproject.org\/imagearchive\/",
                "fallback": "Reno Project Image Archives",
                "text": "Home",
                "title": "Reno Project Image Archives",
                "title_link": "https:\/\/renoproject.org\/imagearchive\/",
                "service_name": "renoproject.org"
            }
        ],
        "blocks": [
            {
                "type": "rich_text",
                "block_id": "yAn",
                "elements": [
                    {
                        "type": "rich_text_section",
                        "elements": [
                            {
                                "type": "link",
                                "url": "https:\/\/renoproject.org\/imagearchive\/"
                            }
                        ]
                    }
                ]
            }
        ]
    },
    {
        "user": "U3PF5D3GF",
        "type": "message",
        "ts": "1661964081.373949",
        "client_msg_id": "3a338e3f-4667-4e0d-9a4f-c81ad5dd928c",
        "text": "Thanks!",
        "team": "T3NRU3N8L",
        "user_team": "T3NRU3N8L",
        "source_team": "T3NRU3N8L",
        "user_profile": {
            "avatar_hash": "bf087bcc3759",
            "image_72": "https:\/\/avatars.slack-edge.com\/2017-01-09\/125150045459_bf087bcc375906f87bfd_72.jpg",
            "first_name": "Alex",
            "real_name": "Alex Handy",
            "display_name": "vonguard",
            "team": "T3NRU3N8L",
            "name": "vonguard",
            "is_restricted": false,
            "is_ultra_restricted": false
        },
        "blocks": [
            {
                "type": "rich_text",
                "block_id": "2fgb",
                "elements": [
                    {
                        "type": "rich_text_section",
                        "elements": [
                            {
                                "type": "text",
                                "text": "Thanks!"
                            }
                        ]
                    }
                ]
            }
        ]
    }
]