[
    {
        "user": "U3PF5D3GF",
        "type": "message",
        "ts": "1661639104.227009",
        "client_msg_id": "6e679fd8-3470-4842-ae2f-6d2e53dc1074",
        "text": "<@U3N3P0V89> you around?",
        "team": "T3NRU3N8L",
        "user_team": "T3NRU3N8L",
        "source_team": "T3NRU3N8L",
        "user_profile": {
            "avatar_hash": "bf087bcc3759",
            "image_72": "https:\/\/avatars.slack-edge.com\/2017-01-09\/125150045459_bf087bcc375906f87bfd_72.jpg",
            "first_name": "Alex",
            "real_name": "Alex Handy",
            "display_name": "vonguard",
            "team": "T3NRU3N8L",
            "name": "vonguard",
            "is_restricted": false,
            "is_ultra_restricted": false
        },
        "blocks": [
            {
                "type": "rich_text",
                "block_id": "7Vc",
                "elements": [
                    {
                        "type": "rich_text_section",
                        "elements": [
                            {
                                "type": "user",
                                "user_id": "U3N3P0V89"
                            },
                            {
                                "type": "text",
                                "text": " you around?"
                            }
                        ]
                    }
                ]
            }
        ]
    }
]