[
    {
        "user": "U3NS4Q413",
        "type": "message",
        "ts": "1692801694.786849",
        "client_msg_id": "b4abae6b-f101-4695-a051-390a07f91866",
        "text": "<https:\/\/protos.com\/youtuber-finds-only-900-daily-users-in-horizon-worlds-metas-36b-metaverse\/|https:\/\/protos.com\/youtuber-finds-only-900-daily-users-in-horizon-worlds-metas-36b-metaverse\/>",
        "team": "T3NRU3N8L",
        "user_team": "T3NRU3N8L",
        "source_team": "T3NRU3N8L",
        "user_profile": {
            "avatar_hash": "9a824257f5f9",
            "image_72": "https:\/\/avatars.slack-edge.com\/2017-06-19\/200099674645_9a824257f5f9fea53c25_72.png",
            "first_name": "Randy",
            "real_name": "Randy Farmer",
            "display_name": "randy",
            "team": "T3NRU3N8L",
            "name": "randy",
            "is_restricted": false,
            "is_ultra_restricted": false
        },
        "attachments": [
            {
                "from_url": "https:\/\/protos.com\/youtuber-finds-only-900-daily-users-in-horizon-worlds-metas-36b-metaverse\/",
                "ts": 1692268582,
                "image_url": "http:\/\/protos.com\/wp-content\/uploads\/2023\/08\/Protos-Artwork-MetaverseExploring-SIMG.jpg",
                "image_width": 1920,
                "image_height": 1080,
                "image_bytes": 57207,
                "service_icon": "https:\/\/protos-media.s3.eu-west-2.amazonaws.com\/wp-content\/uploads\/2022\/01\/30110137\/cropped-protos-favicon-180x180.png",
                "id": 1,
                "original_url": "https:\/\/protos.com\/youtuber-finds-only-900-daily-users-in-horizon-worlds-metas-36b-metaverse\/",
                "fallback": "Protos: YouTuber finds only 900 daily users in Horizon Worlds — Meta's $36B metaverse",
                "text": "The world's largest metaverse Horizon Worlds has dwindled to less than 1,000 daily active users, according to Jarvis Johnson.",
                "title": "YouTuber finds only 900 daily users in Horizon Worlds — Meta's $36B metaverse",
                "title_link": "https:\/\/protos.com\/youtuber-finds-only-900-daily-users-in-horizon-worlds-metas-36b-metaverse\/",
                "service_name": "Protos"
            }
        ],
        "blocks": [
            {
                "type": "rich_text",
                "block_id": "cueK9",
                "elements": [
                    {
                        "type": "rich_text_section",
                        "elements": [
                            {
                                "type": "link",
                                "url": "https:\/\/protos.com\/youtuber-finds-only-900-daily-users-in-horizon-worlds-metas-36b-metaverse\/",
                                "text": "https:\/\/protos.com\/youtuber-finds-only-900-daily-users-in-horizon-worlds-metas-36b-metaverse\/"
                            }
                        ]
                    }
                ]
            }
        ]
    },
    {
        "user": "U3N3P0V89",
        "type": "message",
        "ts": "1692806644.089759",
        "client_msg_id": "6629b3e8-fe2b-4b74-99f2-c1ae957f3714",
        "text": "Wow. Not surprising, but that's crazy.",
        "team": "T3NRU3N8L",
        "user_team": "T3NRU3N8L",
        "source_team": "T3NRU3N8L",
        "user_profile": {
            "avatar_hash": "6dcfc9e0d4c7",
            "image_72": "https:\/\/avatars.slack-edge.com\/2017-06-07\/195047001686_6dcfc9e0d4c71e750732_72.png",
            "first_name": "Stu",
            "real_name": "Stu",
            "display_name": "stu",
            "team": "T3NRU3N8L",
            "name": "stu",
            "is_restricted": false,
            "is_ultra_restricted": false
        },
        "blocks": [
            {
                "type": "rich_text",
                "block_id": "+rV5y",
                "elements": [
                    {
                        "type": "rich_text_section",
                        "elements": [
                            {
                                "type": "text",
                                "text": "Wow. Not surprising, but that's crazy."
                            }
                        ]
                    }
                ]
            }
        ]
    },
    {
        "user": "U3N3P0V89",
        "type": "message",
        "ts": "1692806651.958859",
        "client_msg_id": "7842c635-d124-445c-a95a-475e55ec3f88",
        "text": "They really had no clue.",
        "team": "T3NRU3N8L",
        "user_team": "T3NRU3N8L",
        "source_team": "T3NRU3N8L",
        "user_profile": {
            "avatar_hash": "6dcfc9e0d4c7",
            "image_72": "https:\/\/avatars.slack-edge.com\/2017-06-07\/195047001686_6dcfc9e0d4c71e750732_72.png",
            "first_name": "Stu",
            "real_name": "Stu",
            "display_name": "stu",
            "team": "T3NRU3N8L",
            "name": "stu",
            "is_restricted": false,
            "is_ultra_restricted": false
        },
        "blocks": [
            {
                "type": "rich_text",
                "block_id": "Nan",
                "elements": [
                    {
                        "type": "rich_text_section",
                        "elements": [
                            {
                                "type": "text",
                                "text": "They really had no clue."
                            }
                        ]
                    }
                ]
            }
        ]
    },
    {
        "user": "U3NS4Q413",
        "type": "message",
        "ts": "1692812316.420839",
        "client_msg_id": "22a65d6e-fb93-491e-b7b6-dcce775bb550",
        "text": "I'm glad that my worlds were bigger than that 30 years ago.",
        "team": "T3NRU3N8L",
        "user_team": "T3NRU3N8L",
        "source_team": "T3NRU3N8L",
        "user_profile": {
            "avatar_hash": "9a824257f5f9",
            "image_72": "https:\/\/avatars.slack-edge.com\/2017-06-19\/200099674645_9a824257f5f9fea53c25_72.png",
            "first_name": "Randy",
            "real_name": "Randy Farmer",
            "display_name": "randy",
            "team": "T3NRU3N8L",
            "name": "randy",
            "is_restricted": false,
            "is_ultra_restricted": false
        },
        "blocks": [
            {
                "type": "rich_text",
                "block_id": "F+0",
                "elements": [
                    {
                        "type": "rich_text_section",
                        "elements": [
                            {
                                "type": "text",
                                "text": "I'm glad that my worlds were bigger than that 30 years ago."
                            }
                        ]
                    }
                ]
            }
        ],
        "reactions": [
            {
                "name": "smile",
                "users": [
                    "U3N3P0V89",
                    "U3NS476S0"
                ],
                "count": 2
            }
        ]
    },
    {
        "user": "U3NS4Q413",
        "type": "message",
        "ts": "1692812321.867729",
        "client_msg_id": "65c9e576-2d72-4658-b9e8-4150f806d4dc",
        "text": ":slightly_smiling_face:",
        "team": "T3NRU3N8L",
        "user_team": "T3NRU3N8L",
        "source_team": "T3NRU3N8L",
        "user_profile": {
            "avatar_hash": "9a824257f5f9",
            "image_72": "https:\/\/avatars.slack-edge.com\/2017-06-19\/200099674645_9a824257f5f9fea53c25_72.png",
            "first_name": "Randy",
            "real_name": "Randy Farmer",
            "display_name": "randy",
            "team": "T3NRU3N8L",
            "name": "randy",
            "is_restricted": false,
            "is_ultra_restricted": false
        },
        "blocks": [
            {
                "type": "rich_text",
                "block_id": "a51e",
                "elements": [
                    {
                        "type": "rich_text_section",
                        "elements": [
                            {
                                "type": "emoji",
                                "name": "slightly_smiling_face",
                                "unicode": "1f642"
                            }
                        ]
                    }
                ]
            }
        ]
    },
    {
        "user": "U3NS476S0",
        "type": "message",
        "ts": "1692824660.056799",
        "client_msg_id": "9BDDCEF3-3C97-4930-BB9B-F4BA589B36AA",
        "text": "I heard someone had a paper a few decades ago about how to build worlds that are engaging ",
        "team": "T3NRU3N8L",
        "user_team": "T3NRU3N8L",
        "source_team": "T3NRU3N8L",
        "user_profile": {
            "avatar_hash": "7d8938fafcab",
            "image_72": "https:\/\/avatars.slack-edge.com\/2018-02-10\/313231218068_7d8938fafcabedc7aa5e_72.png",
            "first_name": "Kate",
            "real_name": "Kate Lawson",
            "display_name": "k8z",
            "team": "T3NRU3N8L",
            "name": "n8",
            "is_restricted": false,
            "is_ultra_restricted": false
        },
        "blocks": [
            {
                "type": "rich_text",
                "block_id": "Cm9T",
                "elements": [
                    {
                        "type": "rich_text_section",
                        "elements": [
                            {
                                "type": "text",
                                "text": "I heard someone had a paper a few decades ago about how to build worlds that are engaging "
                            }
                        ]
                    }
                ]
            }
        ]
    }
]