[
    {
        "subtype": "channel_join",
        "user": "U051NNVBH28",
        "text": "<@U051NNVBH28> has joined the channel",
        "type": "message",
        "ts": "1680551092.324159"
    },
    {
        "subtype": "channel_join",
        "user": "U051NRV2Z44",
        "text": "<@U051NRV2Z44> has joined the channel",
        "type": "message",
        "ts": "1680551162.192099"
    },
    {
        "subtype": "channel_join",
        "user": "U05206J9ACR",
        "text": "<@U05206J9ACR> has joined the channel",
        "type": "message",
        "ts": "1680568965.932019"
    }
]