[
    {
        "user": "U3N3P0V89",
        "type": "message",
        "ts": "1535641074.000100",
        "client_msg_id": "0806af2c-87ea-440c-a832-b38c4e31b705",
        "text": "good call!",
        "team": "T3NRU3N8L",
        "user_team": "T3NRU3N8L",
        "source_team": "T3NRU3N8L",
        "user_profile": {
            "avatar_hash": "6dcfc9e0d4c7",
            "image_72": "https:\/\/avatars.slack-edge.com\/2017-06-07\/195047001686_6dcfc9e0d4c71e750732_72.png",
            "first_name": "Stu",
            "real_name": "Stu",
            "display_name": "stu",
            "team": "T3NRU3N8L",
            "name": "stu",
            "is_restricted": false,
            "is_ultra_restricted": false
        },
        "blocks": [
            {
                "type": "rich_text",
                "block_id": "Cmqq",
                "elements": [
                    {
                        "type": "rich_text_section",
                        "elements": [
                            {
                                "type": "text",
                                "text": "good call!"
                            }
                        ]
                    }
                ]
            }
        ]
    },
    {
        "user": "U3N3P0V89",
        "type": "message",
        "ts": "1535641095.000100",
        "client_msg_id": "793284d4-1c16-4133-9907-9faa934b6084",
        "text": "the red is still quite pink so it was a bit confusing",
        "team": "T3NRU3N8L",
        "user_team": "T3NRU3N8L",
        "source_team": "T3NRU3N8L",
        "user_profile": {
            "avatar_hash": "6dcfc9e0d4c7",
            "image_72": "https:\/\/avatars.slack-edge.com\/2017-06-07\/195047001686_6dcfc9e0d4c71e750732_72.png",
            "first_name": "Stu",
            "real_name": "Stu",
            "display_name": "stu",
            "team": "T3NRU3N8L",
            "name": "stu",
            "is_restricted": false,
            "is_ultra_restricted": false
        },
        "blocks": [
            {
                "type": "rich_text",
                "block_id": "r6OcU",
                "elements": [
                    {
                        "type": "rich_text_section",
                        "elements": [
                            {
                                "type": "text",
                                "text": "the red is still quite pink so it was a bit confusing"
                            }
                        ]
                    }
                ]
            }
        ]
    },
    {
        "user": "U3N3P0V89",
        "type": "message",
        "ts": "1535645099.000100",
        "client_msg_id": "d123e9fd-5c02-4c45-a683-03019ad6f0c7",
        "text": "to avoid spamming up this channel and make it more accessible, started up a blog for this stuff",
        "team": "T3NRU3N8L",
        "user_team": "T3NRU3N8L",
        "source_team": "T3NRU3N8L",
        "user_profile": {
            "avatar_hash": "6dcfc9e0d4c7",
            "image_72": "https:\/\/avatars.slack-edge.com\/2017-06-07\/195047001686_6dcfc9e0d4c71e750732_72.png",
            "first_name": "Stu",
            "real_name": "Stu",
            "display_name": "stu",
            "team": "T3NRU3N8L",
            "name": "stu",
            "is_restricted": false,
            "is_ultra_restricted": false
        },
        "blocks": [
            {
                "type": "rich_text",
                "block_id": "t7yD",
                "elements": [
                    {
                        "type": "rich_text_section",
                        "elements": [
                            {
                                "type": "text",
                                "text": "to avoid spamming up this channel and make it more accessible, started up a blog for this stuff"
                            }
                        ]
                    }
                ]
            }
        ]
    },
    {
        "user": "U3N3P0V89",
        "type": "message",
        "ts": "1535645107.000100",
        "client_msg_id": "d5cd03cb-2b10-4775-b6e3-9a2fe69b5763",
        "text": "<http:\/\/clubcaribe.renoproject.org\/>",
        "team": "T3NRU3N8L",
        "user_team": "T3NRU3N8L",
        "source_team": "T3NRU3N8L",
        "user_profile": {
            "avatar_hash": "6dcfc9e0d4c7",
            "image_72": "https:\/\/avatars.slack-edge.com\/2017-06-07\/195047001686_6dcfc9e0d4c71e750732_72.png",
            "first_name": "Stu",
            "real_name": "Stu",
            "display_name": "stu",
            "team": "T3NRU3N8L",
            "name": "stu",
            "is_restricted": false,
            "is_ultra_restricted": false
        },
        "blocks": [
            {
                "type": "rich_text",
                "block_id": "KFP",
                "elements": [
                    {
                        "type": "rich_text_section",
                        "elements": [
                            {
                                "type": "link",
                                "url": "http:\/\/clubcaribe.renoproject.org\/"
                            }
                        ]
                    }
                ]
            }
        ]
    },
    {
        "subtype": "channel_join",
        "user": "U41BJADGU",
        "text": "<@U41BJADGU> has joined the channel",
        "type": "message",
        "ts": "1535685031.000200"
    }
]