[
    {
        "user": "U3N3P0V89",
        "type": "message",
        "ts": "1556046449.001200",
        "client_msg_id": "163014f1-b78a-4385-9075-a6ed09db01d2",
        "text": "I know not everyone is interested in this, but if you are in this particular channel you may be. An old member of CC just got in touch and they have at least 10 VHS's of the final few days of Caribe before it shutdown. Working on trying to help them get them transferred. This will be insane if it's still viable",
        "team": "T3NRU3N8L",
        "user_team": "T3NRU3N8L",
        "source_team": "T3NRU3N8L",
        "user_profile": {
            "avatar_hash": "6dcfc9e0d4c7",
            "image_72": "https:\/\/avatars.slack-edge.com\/2017-06-07\/195047001686_6dcfc9e0d4c71e750732_72.png",
            "first_name": "Stu",
            "real_name": "Stu",
            "display_name": "stu",
            "team": "T3NRU3N8L",
            "name": "stu",
            "is_restricted": false,
            "is_ultra_restricted": false
        },
        "blocks": [
            {
                "type": "rich_text",
                "block_id": "6mHo",
                "elements": [
                    {
                        "type": "rich_text_section",
                        "elements": [
                            {
                                "type": "text",
                                "text": "I know not everyone is interested in this, but if you are in this particular channel you may be. An old member of CC just got in touch and they have at least 10 VHS's of the final few days of Caribe before it shutdown. Working on trying to help them get them transferred. This will be insane if it's still viable"
                            }
                        ]
                    }
                ]
            }
        ],
        "reactions": [
            {
                "name": "open_mouth",
                "users": [
                    "U41BJADGU"
                ],
                "count": 1
            }
        ]
    },
    {
        "user": "U3N3TBZPT",
        "type": "message",
        "ts": "1556046899.001400",
        "client_msg_id": "35761b21-01d5-401c-97be-e01e3c85af19",
        "text": "wow very cool!",
        "team": "T3NRU3N8L",
        "user_team": "T3NRU3N8L",
        "source_team": "T3NRU3N8L",
        "user_profile": {
            "avatar_hash": "g96f16513098",
            "image_72": "https:\/\/secure.gravatar.com\/avatar\/296f1651309839191e53ca51b0cca0cc.jpg?s=72&d=https%3A%2F%2Fa.slack-edge.com%2Fdf10d%2Fimg%2Favatars%2Fava_0001-72.png",
            "first_name": "Steve",
            "real_name": "Steve Salevan",
            "display_name": "steve",
            "team": "T3NRU3N8L",
            "name": "steve",
            "is_restricted": false,
            "is_ultra_restricted": false
        },
        "blocks": [
            {
                "type": "rich_text",
                "block_id": "Qs+",
                "elements": [
                    {
                        "type": "rich_text_section",
                        "elements": [
                            {
                                "type": "text",
                                "text": "wow very cool!"
                            }
                        ]
                    }
                ]
            }
        ]
    },
    {
        "user": "U41BJADGU",
        "type": "message",
        "ts": "1556059113.002500",
        "client_msg_id": "5ce0ee23-ca3d-47d7-a70d-48019b462cdb",
        "text": "Wow! Nice! From what I understand - Club Caribe shut down late 1993 - while Q-LINK itself shut down in 1994.",
        "team": "T3NRU3N8L",
        "user_team": "T3NRU3N8L",
        "source_team": "T3NRU3N8L",
        "user_profile": {
            "avatar_hash": "f3bfb536f4e1",
            "image_72": "https:\/\/avatars.slack-edge.com\/2017-03-06\/151260998854_f3bfb536f4e1f6383a63_48.png",
            "first_name": "Ricky",
            "real_name": "Ricky Derocher",
            "display_name": "ricky_derocher",
            "team": "T3NRU3N8L",
            "name": "ricky_derocher",
            "is_restricted": false,
            "is_ultra_restricted": false
        },
        "blocks": [
            {
                "type": "rich_text",
                "block_id": "OSS",
                "elements": [
                    {
                        "type": "rich_text_section",
                        "elements": [
                            {
                                "type": "text",
                                "text": "Wow! Nice! From what I understand - Club Caribe shut down late 1993 - while Q-LINK itself shut down in 1994."
                            }
                        ]
                    }
                ]
            }
        ]
    },
    {
        "user": "U3N3P0V89",
        "type": "message",
        "ts": "1556060664.003100",
        "client_msg_id": "1a55d7cf-c8fd-4900-a71a-9784028953ed",
        "text": "something like that, not sure exactly on the caribe date but it *might* have also been 94. i'll check with our new friend",
        "team": "T3NRU3N8L",
        "user_team": "T3NRU3N8L",
        "source_team": "T3NRU3N8L",
        "user_profile": {
            "avatar_hash": "6dcfc9e0d4c7",
            "image_72": "https:\/\/avatars.slack-edge.com\/2017-06-07\/195047001686_6dcfc9e0d4c71e750732_72.png",
            "first_name": "Stu",
            "real_name": "Stu",
            "display_name": "stu",
            "team": "T3NRU3N8L",
            "name": "stu",
            "is_restricted": false,
            "is_ultra_restricted": false
        },
        "blocks": [
            {
                "type": "rich_text",
                "block_id": "bbyxz",
                "elements": [
                    {
                        "type": "rich_text_section",
                        "elements": [
                            {
                                "type": "text",
                                "text": "something like that, not sure exactly on the caribe date but it "
                            },
                            {
                                "type": "text",
                                "text": "might",
                                "style": {
                                    "bold": true
                                }
                            },
                            {
                                "type": "text",
                                "text": " have also been 94. i'll check with our new friend"
                            }
                        ]
                    }
                ]
            }
        ]
    },
    {
        "user": "U3N3P0V89",
        "type": "message",
        "ts": "1556061873.003300",
        "client_msg_id": "12c4e43d-3bed-4fdd-b799-f9f7ac948e36",
        "text": "okay so she thinks it was early 94",
        "team": "T3NRU3N8L",
        "user_team": "T3NRU3N8L",
        "source_team": "T3NRU3N8L",
        "user_profile": {
            "avatar_hash": "6dcfc9e0d4c7",
            "image_72": "https:\/\/avatars.slack-edge.com\/2017-06-07\/195047001686_6dcfc9e0d4c71e750732_72.png",
            "first_name": "Stu",
            "real_name": "Stu",
            "display_name": "stu",
            "team": "T3NRU3N8L",
            "name": "stu",
            "is_restricted": false,
            "is_ultra_restricted": false
        },
        "blocks": [
            {
                "type": "rich_text",
                "block_id": "Zvcm",
                "elements": [
                    {
                        "type": "rich_text_section",
                        "elements": [
                            {
                                "type": "text",
                                "text": "okay so she thinks it was early 94"
                            }
                        ]
                    }
                ]
            }
        ]
    },
    {
        "user": "U3N3P0V89",
        "type": "message",
        "ts": "1556061882.003600",
        "client_msg_id": "7997e0f2-f9b3-4cfd-8f40-72e5f09f6aea",
        "text": "it was sometime in feb\/march the same year q-link shut down apparently",
        "team": "T3NRU3N8L",
        "user_team": "T3NRU3N8L",
        "source_team": "T3NRU3N8L",
        "user_profile": {
            "avatar_hash": "6dcfc9e0d4c7",
            "image_72": "https:\/\/avatars.slack-edge.com\/2017-06-07\/195047001686_6dcfc9e0d4c71e750732_72.png",
            "first_name": "Stu",
            "real_name": "Stu",
            "display_name": "stu",
            "team": "T3NRU3N8L",
            "name": "stu",
            "is_restricted": false,
            "is_ultra_restricted": false
        },
        "blocks": [
            {
                "type": "rich_text",
                "block_id": "9Bu",
                "elements": [
                    {
                        "type": "rich_text_section",
                        "elements": [
                            {
                                "type": "text",
                                "text": "it was sometime in feb\/march the same year q-link shut down apparently"
                            }
                        ]
                    }
                ]
            }
        ]
    },
    {
        "user": "U3N3P0V89",
        "type": "message",
        "ts": "1556061896.004000",
        "client_msg_id": "b8b0374d-a8bd-4b3d-8698-6d46bd8b7329",
        "text": "once we get the videos transferred, maybe there'll be mention of it on there somewhere",
        "team": "T3NRU3N8L",
        "user_team": "T3NRU3N8L",
        "source_team": "T3NRU3N8L",
        "user_profile": {
            "avatar_hash": "6dcfc9e0d4c7",
            "image_72": "https:\/\/avatars.slack-edge.com\/2017-06-07\/195047001686_6dcfc9e0d4c71e750732_72.png",
            "first_name": "Stu",
            "real_name": "Stu",
            "display_name": "stu",
            "team": "T3NRU3N8L",
            "name": "stu",
            "is_restricted": false,
            "is_ultra_restricted": false
        },
        "blocks": [
            {
                "type": "rich_text",
                "block_id": "kWPR",
                "elements": [
                    {
                        "type": "rich_text_section",
                        "elements": [
                            {
                                "type": "text",
                                "text": "once we get the videos transferred, maybe there'll be mention of it on there somewhere"
                            }
                        ]
                    }
                ]
            }
        ]
    },
    {
        "subtype": "channel_join",
        "user": "U5R2NC9P1",
        "text": "<@U5R2NC9P1> has joined the channel",
        "type": "message",
        "ts": "1556078053.004200"
    },
    {
        "user": "U5R2NC9P1",
        "type": "message",
        "ts": "1556078211.006600",
        "client_msg_id": "2fafcf7e-eb7f-4da1-bb3c-5648d98a3087",
        "text": "hi. i will find those this weekend and take them with me to my work. we still have a few vcrs here. if they work. i will get them shipped off to whoever.:grin:",
        "team": "T3NRU3N8L",
        "user_team": "T3NRU3N8L",
        "source_team": "T3NRU3N8L",
        "user_profile": {
            "avatar_hash": "7b574acaab38",
            "image_72": "https:\/\/avatars.slack-edge.com\/2019-10-02\/784126240022_7b574acaab38588bc53a_72.jpg",
            "first_name": "Jo",
            "real_name": "Jo Michelle Hagen",
            "display_name": "Michelle (Lynx)",
            "team": "T3NRU3N8L",
            "name": "lynx",
            "is_restricted": false,
            "is_ultra_restricted": false
        },
        "blocks": [
            {
                "type": "rich_text",
                "block_id": "MY8",
                "elements": [
                    {
                        "type": "rich_text_section",
                        "elements": [
                            {
                                "type": "text",
                                "text": "hi. i will find those this weekend and take them with me to my work. we still have a few vcrs here. if they work. i will get them shipped off to whoever."
                            },
                            {
                                "type": "emoji",
                                "name": "grin",
                                "unicode": "1f601"
                            }
                        ]
                    }
                ]
            }
        ]
    },
    {
        "user": "U3N3P0V89",
        "type": "message",
        "ts": "1556078276.007200",
        "client_msg_id": "3b62b1ec-c79f-4e66-b425-1fc7ce3534e4",
        "text": "awesome! be careful about playing them though, just incase they get damaged with playback",
        "team": "T3NRU3N8L",
        "user_team": "T3NRU3N8L",
        "source_team": "T3NRU3N8L",
        "user_profile": {
            "avatar_hash": "6dcfc9e0d4c7",
            "image_72": "https:\/\/avatars.slack-edge.com\/2017-06-07\/195047001686_6dcfc9e0d4c71e750732_72.png",
            "first_name": "Stu",
            "real_name": "Stu",
            "display_name": "stu",
            "team": "T3NRU3N8L",
            "name": "stu",
            "is_restricted": false,
            "is_ultra_restricted": false
        },
        "blocks": [
            {
                "type": "rich_text",
                "block_id": "x05g",
                "elements": [
                    {
                        "type": "rich_text_section",
                        "elements": [
                            {
                                "type": "text",
                                "text": "awesome! be careful about playing them though, just incase they get damaged with playback"
                            }
                        ]
                    }
                ]
            }
        ]
    },
    {
        "user": "U3N3P0V89",
        "type": "message",
        "ts": "1556078287.007500",
        "client_msg_id": "1b1ae142-1b62-4d19-8f2f-fd4980f6c3df",
        "text": "i reckon they'd be viable if they don't show signs of mold or decay",
        "team": "T3NRU3N8L",
        "user_team": "T3NRU3N8L",
        "source_team": "T3NRU3N8L",
        "user_profile": {
            "avatar_hash": "6dcfc9e0d4c7",
            "image_72": "https:\/\/avatars.slack-edge.com\/2017-06-07\/195047001686_6dcfc9e0d4c71e750732_72.png",
            "first_name": "Stu",
            "real_name": "Stu",
            "display_name": "stu",
            "team": "T3NRU3N8L",
            "name": "stu",
            "is_restricted": false,
            "is_ultra_restricted": false
        },
        "blocks": [
            {
                "type": "rich_text",
                "block_id": "Xtko",
                "elements": [
                    {
                        "type": "rich_text_section",
                        "elements": [
                            {
                                "type": "text",
                                "text": "i reckon they'd be viable if they don't show signs of mold or decay"
                            }
                        ]
                    }
                ]
            }
        ]
    },
    {
        "user": "U5R2NC9P1",
        "type": "message",
        "ts": "1556078432.008500",
        "client_msg_id": "cb04b78f-0d5e-427b-9484-865c57df7a02",
        "text": "yeah. i will just check one and see. if it works. were good to go.",
        "team": "T3NRU3N8L",
        "user_team": "T3NRU3N8L",
        "source_team": "T3NRU3N8L",
        "user_profile": {
            "avatar_hash": "7b574acaab38",
            "image_72": "https:\/\/avatars.slack-edge.com\/2019-10-02\/784126240022_7b574acaab38588bc53a_72.jpg",
            "first_name": "Jo",
            "real_name": "Jo Michelle Hagen",
            "display_name": "Michelle (Lynx)",
            "team": "T3NRU3N8L",
            "name": "lynx",
            "is_restricted": false,
            "is_ultra_restricted": false
        },
        "blocks": [
            {
                "type": "rich_text",
                "block_id": "yel",
                "elements": [
                    {
                        "type": "rich_text_section",
                        "elements": [
                            {
                                "type": "text",
                                "text": "yeah. i will just check one and see. if it works. were good to go."
                            }
                        ]
                    }
                ]
            }
        ]
    },
    {
        "user": "U5R2NC9P1",
        "type": "message",
        "ts": "1556078461.009300",
        "client_msg_id": "564c6b2b-c954-40ee-bc91-d09728cdab3a",
        "text": "maybe just to the first graphics. then shut it off.",
        "team": "T3NRU3N8L",
        "user_team": "T3NRU3N8L",
        "source_team": "T3NRU3N8L",
        "user_profile": {
            "avatar_hash": "7b574acaab38",
            "image_72": "https:\/\/avatars.slack-edge.com\/2019-10-02\/784126240022_7b574acaab38588bc53a_72.jpg",
            "first_name": "Jo",
            "real_name": "Jo Michelle Hagen",
            "display_name": "Michelle (Lynx)",
            "team": "T3NRU3N8L",
            "name": "lynx",
            "is_restricted": false,
            "is_ultra_restricted": false
        },
        "blocks": [
            {
                "type": "rich_text",
                "block_id": "lq9",
                "elements": [
                    {
                        "type": "rich_text_section",
                        "elements": [
                            {
                                "type": "text",
                                "text": "maybe just to the first graphics. then shut it off."
                            }
                        ]
                    }
                ]
            }
        ]
    },
    {
        "user": "U3N3P0V89",
        "type": "message",
        "ts": "1556078614.009900",
        "client_msg_id": "9fb38354-08d5-435e-9d6f-365ff8b257af",
        "text": "if you can, grab a picture on your phone or something so we can see what it looks like. that'd be an awesome preview. gonna cross everything possible that can be crossed!",
        "team": "T3NRU3N8L",
        "user_team": "T3NRU3N8L",
        "source_team": "T3NRU3N8L",
        "user_profile": {
            "avatar_hash": "6dcfc9e0d4c7",
            "image_72": "https:\/\/avatars.slack-edge.com\/2017-06-07\/195047001686_6dcfc9e0d4c71e750732_72.png",
            "first_name": "Stu",
            "real_name": "Stu",
            "display_name": "stu",
            "team": "T3NRU3N8L",
            "name": "stu",
            "is_restricted": false,
            "is_ultra_restricted": false
        },
        "blocks": [
            {
                "type": "rich_text",
                "block_id": "M80",
                "elements": [
                    {
                        "type": "rich_text_section",
                        "elements": [
                            {
                                "type": "text",
                                "text": "if you can, grab a picture on your phone or something so we can see what it looks like. that'd be an awesome preview. gonna cross everything possible that can be crossed!"
                            }
                        ]
                    }
                ]
            }
        ]
    },
    {
        "user": "U5R2NC9P1",
        "type": "message",
        "ts": "1556081392.013000",
        "client_msg_id": "0d1e4895-e672-414c-a7a4-fdc39b5d2145",
        "text": "yeah i will. i might just record a little video too. which i can put on my youtube for a little for you to see.  damn those tapes better still be in my house somewhere. lol... if not you guys will kill me ; )",
        "team": "T3NRU3N8L",
        "user_team": "T3NRU3N8L",
        "source_team": "T3NRU3N8L",
        "user_profile": {
            "avatar_hash": "7b574acaab38",
            "image_72": "https:\/\/avatars.slack-edge.com\/2019-10-02\/784126240022_7b574acaab38588bc53a_72.jpg",
            "first_name": "Jo",
            "real_name": "Jo Michelle Hagen",
            "display_name": "Michelle (Lynx)",
            "team": "T3NRU3N8L",
            "name": "lynx",
            "is_restricted": false,
            "is_ultra_restricted": false
        },
        "blocks": [
            {
                "type": "rich_text",
                "block_id": "2I=t",
                "elements": [
                    {
                        "type": "rich_text_section",
                        "elements": [
                            {
                                "type": "text",
                                "text": "yeah i will. i might just record a little video too. which i can put on my youtube for a little for you to see.  damn those tapes better still be in my house somewhere. lol... if not you guys will kill me ; )"
                            }
                        ]
                    }
                ]
            }
        ]
    },
    {
        "user": "U3N3P0V89",
        "type": "message",
        "ts": "1556081657.013300",
        "client_msg_id": "94355a38-52b4-4b5d-8fc7-f7d0918e8bdb",
        "text": "i'd faint at the sight of a little video even if recorded off a phone lol",
        "team": "T3NRU3N8L",
        "user_team": "T3NRU3N8L",
        "source_team": "T3NRU3N8L",
        "user_profile": {
            "avatar_hash": "6dcfc9e0d4c7",
            "image_72": "https:\/\/avatars.slack-edge.com\/2017-06-07\/195047001686_6dcfc9e0d4c71e750732_72.png",
            "first_name": "Stu",
            "real_name": "Stu",
            "display_name": "stu",
            "team": "T3NRU3N8L",
            "name": "stu",
            "is_restricted": false,
            "is_ultra_restricted": false
        },
        "blocks": [
            {
                "type": "rich_text",
                "block_id": "Rea",
                "elements": [
                    {
                        "type": "rich_text_section",
                        "elements": [
                            {
                                "type": "text",
                                "text": "i'd faint at the sight of a little video even if recorded off a phone lol"
                            }
                        ]
                    }
                ]
            }
        ]
    },
    {
        "user": "U5R2NC9P1",
        "type": "message",
        "ts": "1556084217.013500",
        "client_msg_id": "679392b7-b91f-480c-b900-0b3db1a6c483",
        "text": "lol",
        "team": "T3NRU3N8L",
        "user_team": "T3NRU3N8L",
        "source_team": "T3NRU3N8L",
        "user_profile": {
            "avatar_hash": "7b574acaab38",
            "image_72": "https:\/\/avatars.slack-edge.com\/2019-10-02\/784126240022_7b574acaab38588bc53a_72.jpg",
            "first_name": "Jo",
            "real_name": "Jo Michelle Hagen",
            "display_name": "Michelle (Lynx)",
            "team": "T3NRU3N8L",
            "name": "lynx",
            "is_restricted": false,
            "is_ultra_restricted": false
        },
        "blocks": [
            {
                "type": "rich_text",
                "block_id": "Ni1l",
                "elements": [
                    {
                        "type": "rich_text_section",
                        "elements": [
                            {
                                "type": "text",
                                "text": "lol"
                            }
                        ]
                    }
                ]
            }
        ]
    }
]