[
    {
        "user": "U3N3P0V89",
        "type": "message",
        "ts": "1557609848.017700",
        "client_msg_id": "0399d007-55b5-4c46-aadb-2232c936fc79",
        "text": "tapes have been xferred :slightly_smiling_face: quality looks great. some awesome stuff on here.",
        "team": "T3NRU3N8L",
        "user_team": "T3NRU3N8L",
        "source_team": "T3NRU3N8L",
        "user_profile": {
            "avatar_hash": "6dcfc9e0d4c7",
            "image_72": "https:\/\/avatars.slack-edge.com\/2017-06-07\/195047001686_6dcfc9e0d4c71e750732_72.png",
            "first_name": "Stu",
            "real_name": "Stu",
            "display_name": "stu",
            "team": "T3NRU3N8L",
            "name": "stu",
            "is_restricted": false,
            "is_ultra_restricted": false
        },
        "blocks": [
            {
                "type": "rich_text",
                "block_id": "Mlqc",
                "elements": [
                    {
                        "type": "rich_text_section",
                        "elements": [
                            {
                                "type": "text",
                                "text": "tapes have been xferred "
                            },
                            {
                                "type": "emoji",
                                "name": "slightly_smiling_face",
                                "unicode": "1f642"
                            },
                            {
                                "type": "text",
                                "text": " quality looks great. some awesome stuff on here."
                            }
                        ]
                    }
                ]
            }
        ],
        "reactions": [
            {
                "name": "+1::skin-tone-3",
                "users": [
                    "U3NS4Q413"
                ],
                "count": 1
            },
            {
                "name": "clap",
                "users": [
                    "U41BJADGU"
                ],
                "count": 1
            }
        ]
    },
    {
        "text": "",
        "files": [
            {
                "id": "FJLCMHHHA",
                "created": 1557609865,
                "timestamp": 1557609865,
                "name": "image.png",
                "title": "image.png",
                "mimetype": "image\/png",
                "filetype": "png",
                "pretty_type": "PNG",
                "user": "U3N3P0V89",
                "user_team": "T3NRU3N8L",
                "editable": false,
                "size": 659667,
                "mode": "hosted",
                "is_external": false,
                "external_type": "",
                "is_public": true,
                "public_url_shared": false,
                "display_as_bot": false,
                "username": "",
                "url_private": "https:\/\/files.slack.com\/files-pri\/T3NRU3N8L-FJLCMHHHA\/image.png?t=xoxe-124878124292-7467719047090-7480385333457-4296bbd25a5710071a4df099b64b6f19",
                "url_private_download": "https:\/\/files.slack.com\/files-pri\/T3NRU3N8L-FJLCMHHHA\/download\/image.png?t=xoxe-124878124292-7467719047090-7480385333457-4296bbd25a5710071a4df099b64b6f19",
                "media_display_type": "unknown",
                "thumb_64": "https:\/\/files.slack.com\/files-tmb\/T3NRU3N8L-FJLCMHHHA-b94471cfb6\/image_64.png?t=xoxe-124878124292-7467719047090-7480385333457-4296bbd25a5710071a4df099b64b6f19",
                "thumb_80": "https:\/\/files.slack.com\/files-tmb\/T3NRU3N8L-FJLCMHHHA-b94471cfb6\/image_80.png?t=xoxe-124878124292-7467719047090-7480385333457-4296bbd25a5710071a4df099b64b6f19",
                "thumb_360": "https:\/\/files.slack.com\/files-tmb\/T3NRU3N8L-FJLCMHHHA-b94471cfb6\/image_360.png?t=xoxe-124878124292-7467719047090-7480385333457-4296bbd25a5710071a4df099b64b6f19",
                "thumb_360_w": 360,
                "thumb_360_h": 203,
                "thumb_480": "https:\/\/files.slack.com\/files-tmb\/T3NRU3N8L-FJLCMHHHA-b94471cfb6\/image_480.png?t=xoxe-124878124292-7467719047090-7480385333457-4296bbd25a5710071a4df099b64b6f19",
                "thumb_480_w": 480,
                "thumb_480_h": 270,
                "thumb_160": "https:\/\/files.slack.com\/files-tmb\/T3NRU3N8L-FJLCMHHHA-b94471cfb6\/image_160.png?t=xoxe-124878124292-7467719047090-7480385333457-4296bbd25a5710071a4df099b64b6f19",
                "thumb_720": "https:\/\/files.slack.com\/files-tmb\/T3NRU3N8L-FJLCMHHHA-b94471cfb6\/image_720.png?t=xoxe-124878124292-7467719047090-7480385333457-4296bbd25a5710071a4df099b64b6f19",
                "thumb_720_w": 720,
                "thumb_720_h": 405,
                "thumb_800": "https:\/\/files.slack.com\/files-tmb\/T3NRU3N8L-FJLCMHHHA-b94471cfb6\/image_800.png?t=xoxe-124878124292-7467719047090-7480385333457-4296bbd25a5710071a4df099b64b6f19",
                "thumb_800_w": 800,
                "thumb_800_h": 450,
                "image_exif_rotation": 1,
                "original_w": 951,
                "original_h": 535,
                "permalink": "https:\/\/neohabitat.slack.com\/files\/U3N3P0V89\/FJLCMHHHA\/image.png",
                "permalink_public": "https:\/\/slack-files.com\/T3NRU3N8L-FJLCMHHHA-20806d6ade",
                "is_starred": false,
                "has_rich_preview": false,
                "file_access": "visible"
            }
        ],
        "upload": true,
        "user": "U3N3P0V89",
        "display_as_bot": false,
        "type": "message",
        "ts": "1557609868.017900",
        "client_msg_id": "80e83d0e-fcf5-4673-9c10-068ecec6f571"
    },
    {
        "text": "",
        "files": [
            {
                "id": "FJNP5NH9D",
                "created": 1557609889,
                "timestamp": 1557609889,
                "name": "image.png",
                "title": "image.png",
                "mimetype": "image\/png",
                "filetype": "png",
                "pretty_type": "PNG",
                "user": "U3N3P0V89",
                "user_team": "T3NRU3N8L",
                "editable": false,
                "size": 1892590,
                "mode": "hosted",
                "is_external": false,
                "external_type": "",
                "is_public": true,
                "public_url_shared": false,
                "display_as_bot": false,
                "username": "",
                "url_private": "https:\/\/files.slack.com\/files-pri\/T3NRU3N8L-FJNP5NH9D\/image.png?t=xoxe-124878124292-7467719047090-7480385333457-4296bbd25a5710071a4df099b64b6f19",
                "url_private_download": "https:\/\/files.slack.com\/files-pri\/T3NRU3N8L-FJNP5NH9D\/download\/image.png?t=xoxe-124878124292-7467719047090-7480385333457-4296bbd25a5710071a4df099b64b6f19",
                "media_display_type": "unknown",
                "thumb_64": "https:\/\/files.slack.com\/files-tmb\/T3NRU3N8L-FJNP5NH9D-f7cef9f18b\/image_64.png?t=xoxe-124878124292-7467719047090-7480385333457-4296bbd25a5710071a4df099b64b6f19",
                "thumb_80": "https:\/\/files.slack.com\/files-tmb\/T3NRU3N8L-FJNP5NH9D-f7cef9f18b\/image_80.png?t=xoxe-124878124292-7467719047090-7480385333457-4296bbd25a5710071a4df099b64b6f19",
                "thumb_360": "https:\/\/files.slack.com\/files-tmb\/T3NRU3N8L-FJNP5NH9D-f7cef9f18b\/image_360.png?t=xoxe-124878124292-7467719047090-7480385333457-4296bbd25a5710071a4df099b64b6f19",
                "thumb_360_w": 360,
                "thumb_360_h": 203,
                "thumb_480": "https:\/\/files.slack.com\/files-tmb\/T3NRU3N8L-FJNP5NH9D-f7cef9f18b\/image_480.png?t=xoxe-124878124292-7467719047090-7480385333457-4296bbd25a5710071a4df099b64b6f19",
                "thumb_480_w": 480,
                "thumb_480_h": 270,
                "thumb_160": "https:\/\/files.slack.com\/files-tmb\/T3NRU3N8L-FJNP5NH9D-f7cef9f18b\/image_160.png?t=xoxe-124878124292-7467719047090-7480385333457-4296bbd25a5710071a4df099b64b6f19",
                "thumb_720": "https:\/\/files.slack.com\/files-tmb\/T3NRU3N8L-FJNP5NH9D-f7cef9f18b\/image_720.png?t=xoxe-124878124292-7467719047090-7480385333457-4296bbd25a5710071a4df099b64b6f19",
                "thumb_720_w": 720,
                "thumb_720_h": 405,
                "thumb_800": "https:\/\/files.slack.com\/files-tmb\/T3NRU3N8L-FJNP5NH9D-f7cef9f18b\/image_800.png?t=xoxe-124878124292-7467719047090-7480385333457-4296bbd25a5710071a4df099b64b6f19",
                "thumb_800_w": 800,
                "thumb_800_h": 450,
                "thumb_960": "https:\/\/files.slack.com\/files-tmb\/T3NRU3N8L-FJNP5NH9D-f7cef9f18b\/image_960.png?t=xoxe-124878124292-7467719047090-7480385333457-4296bbd25a5710071a4df099b64b6f19",
                "thumb_960_w": 960,
                "thumb_960_h": 540,
                "thumb_1024": "https:\/\/files.slack.com\/files-tmb\/T3NRU3N8L-FJNP5NH9D-f7cef9f18b\/image_1024.png?t=xoxe-124878124292-7467719047090-7480385333457-4296bbd25a5710071a4df099b64b6f19",
                "thumb_1024_w": 1024,
                "thumb_1024_h": 576,
                "image_exif_rotation": 1,
                "original_w": 1920,
                "original_h": 1080,
                "permalink": "https:\/\/neohabitat.slack.com\/files\/U3N3P0V89\/FJNP5NH9D\/image.png",
                "permalink_public": "https:\/\/slack-files.com\/T3NRU3N8L-FJNP5NH9D-2ae7128bb2",
                "is_starred": false,
                "has_rich_preview": false,
                "file_access": "visible"
            }
        ],
        "upload": true,
        "user": "U3N3P0V89",
        "display_as_bot": false,
        "type": "message",
        "ts": "1557609894.018200",
        "client_msg_id": "8c88d46a-ee3b-441d-9225-86207376bc2c",
        "thread_ts": "1557609894.018200",
        "reply_count": 2,
        "reply_users_count": 2,
        "latest_reply": "1557737402.019600",
        "reply_users": [
            "U41BJADGU",
            "U3N3P0V89"
        ],
        "replies": [
            {
                "user": "U41BJADGU",
                "ts": "1557696744.019400"
            },
            {
                "user": "U3N3P0V89",
                "ts": "1557737402.019600"
            }
        ],
        "is_locked": false,
        "subscribed": false,
        "reactions": [
            {
                "name": "clap",
                "users": [
                    "U41BJADGU"
                ],
                "count": 1
            }
        ]
    },
    {
        "text": "",
        "files": [
            {
                "id": "FJP3Q1HGW",
                "created": 1557609897,
                "timestamp": 1557609897,
                "name": "image.png",
                "title": "image.png",
                "mimetype": "image\/png",
                "filetype": "png",
                "pretty_type": "PNG",
                "user": "U3N3P0V89",
                "user_team": "T3NRU3N8L",
                "editable": false,
                "size": 465851,
                "mode": "hosted",
                "is_external": false,
                "external_type": "",
                "is_public": true,
                "public_url_shared": false,
                "display_as_bot": false,
                "username": "",
                "url_private": "https:\/\/files.slack.com\/files-pri\/T3NRU3N8L-FJP3Q1HGW\/image.png?t=xoxe-124878124292-7467719047090-7480385333457-4296bbd25a5710071a4df099b64b6f19",
                "url_private_download": "https:\/\/files.slack.com\/files-pri\/T3NRU3N8L-FJP3Q1HGW\/download\/image.png?t=xoxe-124878124292-7467719047090-7480385333457-4296bbd25a5710071a4df099b64b6f19",
                "media_display_type": "unknown",
                "thumb_64": "https:\/\/files.slack.com\/files-tmb\/T3NRU3N8L-FJP3Q1HGW-a0136bb5c0\/image_64.png?t=xoxe-124878124292-7467719047090-7480385333457-4296bbd25a5710071a4df099b64b6f19",
                "thumb_80": "https:\/\/files.slack.com\/files-tmb\/T3NRU3N8L-FJP3Q1HGW-a0136bb5c0\/image_80.png?t=xoxe-124878124292-7467719047090-7480385333457-4296bbd25a5710071a4df099b64b6f19",
                "thumb_360": "https:\/\/files.slack.com\/files-tmb\/T3NRU3N8L-FJP3Q1HGW-a0136bb5c0\/image_360.png?t=xoxe-124878124292-7467719047090-7480385333457-4296bbd25a5710071a4df099b64b6f19",
                "thumb_360_w": 360,
                "thumb_360_h": 305,
                "thumb_480": "https:\/\/files.slack.com\/files-tmb\/T3NRU3N8L-FJP3Q1HGW-a0136bb5c0\/image_480.png?t=xoxe-124878124292-7467719047090-7480385333457-4296bbd25a5710071a4df099b64b6f19",
                "thumb_480_w": 480,
                "thumb_480_h": 406,
                "thumb_160": "https:\/\/files.slack.com\/files-tmb\/T3NRU3N8L-FJP3Q1HGW-a0136bb5c0\/image_160.png?t=xoxe-124878124292-7467719047090-7480385333457-4296bbd25a5710071a4df099b64b6f19",
                "thumb_720": "https:\/\/files.slack.com\/files-tmb\/T3NRU3N8L-FJP3Q1HGW-a0136bb5c0\/image_720.png?t=xoxe-124878124292-7467719047090-7480385333457-4296bbd25a5710071a4df099b64b6f19",
                "thumb_720_w": 720,
                "thumb_720_h": 609,
                "image_exif_rotation": 1,
                "original_w": 722,
                "original_h": 611,
                "permalink": "https:\/\/neohabitat.slack.com\/files\/U3N3P0V89\/FJP3Q1HGW\/image.png",
                "permalink_public": "https:\/\/slack-files.com\/T3NRU3N8L-FJP3Q1HGW-0088a572a2",
                "is_starred": false,
                "has_rich_preview": false,
                "file_access": "visible"
            }
        ],
        "upload": true,
        "user": "U3N3P0V89",
        "display_as_bot": false,
        "type": "message",
        "ts": "1557609900.018500",
        "client_msg_id": "08d98431-3e66-4422-99fa-b5c5c06dbbe2",
        "reactions": [
            {
                "name": "clap",
                "users": [
                    "U41BJADGU"
                ],
                "count": 1
            }
        ]
    },
    {
        "user": "U3N3P0V89",
        "type": "message",
        "ts": "1557609916.019000",
        "client_msg_id": "9a7322ce-400e-48df-aa11-f72178ea7684",
        "text": "will post in here once they're youtube ready",
        "team": "T3NRU3N8L",
        "user_team": "T3NRU3N8L",
        "source_team": "T3NRU3N8L",
        "user_profile": {
            "avatar_hash": "6dcfc9e0d4c7",
            "image_72": "https:\/\/avatars.slack-edge.com\/2017-06-07\/195047001686_6dcfc9e0d4c71e750732_72.png",
            "first_name": "Stu",
            "real_name": "Stu",
            "display_name": "stu",
            "team": "T3NRU3N8L",
            "name": "stu",
            "is_restricted": false,
            "is_ultra_restricted": false
        },
        "blocks": [
            {
                "type": "rich_text",
                "block_id": "pn9",
                "elements": [
                    {
                        "type": "rich_text_section",
                        "elements": [
                            {
                                "type": "text",
                                "text": "will post in here once they're youtube ready"
                            }
                        ]
                    }
                ]
            }
        ]
    }
]