[
    {
        "user": "U3N3P0V89",
        "type": "message",
        "ts": "1558124236.048100",
        "client_msg_id": "64d610bc-ba9c-4615-9dee-464248744884",
        "text": "<https:\/\/www.youtube.com\/watch?v=qPkgLD5K6L8>",
        "team": "T3NRU3N8L",
        "user_team": "T3NRU3N8L",
        "source_team": "T3NRU3N8L",
        "user_profile": {
            "avatar_hash": "6dcfc9e0d4c7",
            "image_72": "https:\/\/avatars.slack-edge.com\/2017-06-07\/195047001686_6dcfc9e0d4c71e750732_72.png",
            "first_name": "Stu",
            "real_name": "Stu",
            "display_name": "stu",
            "team": "T3NRU3N8L",
            "name": "stu",
            "is_restricted": false,
            "is_ultra_restricted": false
        },
        "attachments": [
            {
                "service_name": "YouTube",
                "service_url": "https:\/\/www.youtube.com\/",
                "title": "Club Caribe - 1994 Closing Day Documentary [Part 5 of 5]",
                "title_link": "https:\/\/www.youtube.com\/watch?v=qPkgLD5K6L8",
                "author_name": "Stu Blad",
                "author_link": "https:\/\/www.youtube.com\/user\/stublad",
                "thumb_url": "https:\/\/i.ytimg.com\/vi\/qPkgLD5K6L8\/hqdefault.jpg",
                "thumb_width": 480,
                "thumb_height": 360,
                "fallback": "YouTube Video: Club Caribe - 1994 Closing Day Documentary [Part 5 of 5]",
                "video_html": "<iframe width=\"400\" height=\"300\" src=\"https:\/\/www.youtube.com\/embed\/qPkgLD5K6L8?feature=oembed&autoplay=1&iv_load_policy=3\" frameborder=\"0\" allow=\"accelerometer; autoplay; encrypted-media; gyroscope; picture-in-picture\" allowfullscreen><\/iframe>",
                "video_html_width": 400,
                "video_html_height": 300,
                "from_url": "https:\/\/www.youtube.com\/watch?v=qPkgLD5K6L8",
                "service_icon": "https:\/\/a.slack-edge.com\/2089\/img\/unfurl_icons\/youtube.png",
                "id": 1,
                "original_url": "https:\/\/www.youtube.com\/watch?v=qPkgLD5K6L8"
            }
        ],
        "blocks": [
            {
                "type": "rich_text",
                "block_id": "txjGw",
                "elements": [
                    {
                        "type": "rich_text_section",
                        "elements": [
                            {
                                "type": "link",
                                "url": "https:\/\/www.youtube.com\/watch?v=qPkgLD5K6L8"
                            }
                        ]
                    }
                ]
            }
        ]
    },
    {
        "user": "U3N3P0V89",
        "type": "message",
        "ts": "1558124239.048400",
        "client_msg_id": "b03c5911-9b16-4230-8268-7068668ee55b",
        "text": "the final tape",
        "team": "T3NRU3N8L",
        "user_team": "T3NRU3N8L",
        "source_team": "T3NRU3N8L",
        "user_profile": {
            "avatar_hash": "6dcfc9e0d4c7",
            "image_72": "https:\/\/avatars.slack-edge.com\/2017-06-07\/195047001686_6dcfc9e0d4c71e750732_72.png",
            "first_name": "Stu",
            "real_name": "Stu",
            "display_name": "stu",
            "team": "T3NRU3N8L",
            "name": "stu",
            "is_restricted": false,
            "is_ultra_restricted": false
        },
        "blocks": [
            {
                "type": "rich_text",
                "block_id": "LO2Qe",
                "elements": [
                    {
                        "type": "rich_text_section",
                        "elements": [
                            {
                                "type": "text",
                                "text": "the final tape"
                            }
                        ]
                    }
                ]
            }
        ]
    },
    {
        "user": "U3NS4Q413",
        "type": "message",
        "ts": "1558129669.048500",
        "client_msg_id": "95796b52-e667-4c2c-a266-57a80a2aab29",
        "text": ":+1::skin-tone-3:",
        "team": "T3NRU3N8L",
        "user_team": "T3NRU3N8L",
        "source_team": "T3NRU3N8L",
        "user_profile": {
            "avatar_hash": "9a824257f5f9",
            "image_72": "https:\/\/avatars.slack-edge.com\/2017-06-19\/200099674645_9a824257f5f9fea53c25_72.png",
            "first_name": "Randy",
            "real_name": "Randy Farmer",
            "display_name": "randy",
            "team": "T3NRU3N8L",
            "name": "randy",
            "is_restricted": false,
            "is_ultra_restricted": false
        },
        "blocks": [
            {
                "type": "rich_text",
                "block_id": "A2t",
                "elements": [
                    {
                        "type": "rich_text_section",
                        "elements": [
                            {
                                "type": "emoji",
                                "name": "+1",
                                "unicode": "1f44d-1f3fc",
                                "skin_tone": 3
                            }
                        ]
                    }
                ]
            }
        ]
    },
    {
        "user": "U3N3P0V89",
        "type": "message",
        "ts": "1558131726.048700",
        "client_msg_id": "e82b6d0b-472e-45aa-92e6-f7f337d89670",
        "text": "<http:\/\/clubcaribe.renoproject.org\/>",
        "team": "T3NRU3N8L",
        "user_team": "T3NRU3N8L",
        "source_team": "T3NRU3N8L",
        "user_profile": {
            "avatar_hash": "6dcfc9e0d4c7",
            "image_72": "https:\/\/avatars.slack-edge.com\/2017-06-07\/195047001686_6dcfc9e0d4c71e750732_72.png",
            "first_name": "Stu",
            "real_name": "Stu",
            "display_name": "stu",
            "team": "T3NRU3N8L",
            "name": "stu",
            "is_restricted": false,
            "is_ultra_restricted": false
        },
        "blocks": [
            {
                "type": "rich_text",
                "block_id": "F\/A",
                "elements": [
                    {
                        "type": "rich_text_section",
                        "elements": [
                            {
                                "type": "link",
                                "url": "http:\/\/clubcaribe.renoproject.org\/"
                            }
                        ]
                    }
                ]
            }
        ]
    },
    {
        "user": "U5R2NC9P1",
        "type": "message",
        "ts": "1558134853.049600",
        "client_msg_id": "cadafa2f-176e-4b78-a07c-421b7dbda276",
        "text": "and i already have my tapes back at home.:grin:",
        "team": "T3NRU3N8L",
        "user_team": "T3NRU3N8L",
        "source_team": "T3NRU3N8L",
        "user_profile": {
            "avatar_hash": "7b574acaab38",
            "image_72": "https:\/\/avatars.slack-edge.com\/2019-10-02\/784126240022_7b574acaab38588bc53a_72.jpg",
            "first_name": "Jo",
            "real_name": "Jo Michelle Hagen",
            "display_name": "Michelle (Lynx)",
            "team": "T3NRU3N8L",
            "name": "lynx",
            "is_restricted": false,
            "is_ultra_restricted": false
        },
        "blocks": [
            {
                "type": "rich_text",
                "block_id": "2baGE",
                "elements": [
                    {
                        "type": "rich_text_section",
                        "elements": [
                            {
                                "type": "text",
                                "text": "and i already have my tapes back at home."
                            },
                            {
                                "type": "emoji",
                                "name": "grin",
                                "unicode": "1f601"
                            }
                        ]
                    }
                ]
            }
        ]
    },
    {
        "user": "U41BJADGU",
        "type": "message",
        "ts": "1558148245.049900",
        "client_msg_id": "4ac67ee8-8f6a-4b31-bf11-19a85408c2d3",
        "text": "System will be down in 2 minutes... :disappointed:",
        "team": "T3NRU3N8L",
        "user_team": "T3NRU3N8L",
        "source_team": "T3NRU3N8L",
        "user_profile": {
            "avatar_hash": "f3bfb536f4e1",
            "image_72": "https:\/\/avatars.slack-edge.com\/2017-03-06\/151260998854_f3bfb536f4e1f6383a63_48.png",
            "first_name": "Ricky",
            "real_name": "Ricky Derocher",
            "display_name": "ricky_derocher",
            "team": "T3NRU3N8L",
            "name": "ricky_derocher",
            "is_restricted": false,
            "is_ultra_restricted": false
        },
        "thread_ts": "1558037355.042500",
        "parent_user_id": "U3N3P0V89",
        "blocks": [
            {
                "type": "rich_text",
                "block_id": "FD0",
                "elements": [
                    {
                        "type": "rich_text_section",
                        "elements": [
                            {
                                "type": "text",
                                "text": "System will be down in 2 minutes... "
                            },
                            {
                                "type": "emoji",
                                "name": "disappointed",
                                "unicode": "1f61e"
                            }
                        ]
                    }
                ]
            }
        ],
        "reactions": [
            {
                "name": "pensive",
                "users": [
                    "U3N3P0V89"
                ],
                "count": 1
            }
        ]
    },
    {
        "user": "U41BJADGU",
        "type": "message",
        "ts": "1558148932.051300",
        "edited": {
            "user": "U41BJADGU",
            "ts": "1558148959.000000"
        },
        "client_msg_id": "d9b0ee25-0ead-436a-b31d-4f319e7cab64",
        "text": "<@U3N3P0V89> I'm willing to help with copying the texts of the library books. (Off the video into new script \/ paper)",
        "team": "T3NRU3N8L",
        "user_team": "T3NRU3N8L",
        "source_team": "T3NRU3N8L",
        "user_profile": {
            "avatar_hash": "f3bfb536f4e1",
            "image_72": "https:\/\/avatars.slack-edge.com\/2017-03-06\/151260998854_f3bfb536f4e1f6383a63_48.png",
            "first_name": "Ricky",
            "real_name": "Ricky Derocher",
            "display_name": "ricky_derocher",
            "team": "T3NRU3N8L",
            "name": "ricky_derocher",
            "is_restricted": false,
            "is_ultra_restricted": false
        },
        "blocks": [
            {
                "type": "rich_text",
                "block_id": "1xt",
                "elements": [
                    {
                        "type": "rich_text_section",
                        "elements": [
                            {
                                "type": "user",
                                "user_id": "U3N3P0V89"
                            },
                            {
                                "type": "text",
                                "text": " I'm willing to help with copying the texts of the library books. (Off the video into new script \/ paper)"
                            }
                        ]
                    }
                ]
            }
        ]
    }
]