[
    {
        "user": "U3N3P0V89",
        "type": "message",
        "ts": "1558191914.051700",
        "client_msg_id": "0be5370d-8b50-4203-aacb-0fdca952b73c",
        "text": "thanks so much! that'd be an amazing help <@U41BJADGU>",
        "team": "T3NRU3N8L",
        "user_team": "T3NRU3N8L",
        "source_team": "T3NRU3N8L",
        "user_profile": {
            "avatar_hash": "6dcfc9e0d4c7",
            "image_72": "https:\/\/avatars.slack-edge.com\/2017-06-07\/195047001686_6dcfc9e0d4c71e750732_72.png",
            "first_name": "Stu",
            "real_name": "Stu",
            "display_name": "stu",
            "team": "T3NRU3N8L",
            "name": "stu",
            "is_restricted": false,
            "is_ultra_restricted": false
        },
        "thread_ts": "1558191914.051700",
        "reply_count": 10,
        "reply_users_count": 2,
        "latest_reply": "1559141764.000900",
        "reply_users": [
            "U41BJADGU",
            "U3N3P0V89"
        ],
        "replies": [
            {
                "user": "U41BJADGU",
                "ts": "1558225482.054100"
            },
            {
                "user": "U3N3P0V89",
                "ts": "1558225794.054300"
            },
            {
                "user": "U41BJADGU",
                "ts": "1558241165.054500"
            },
            {
                "user": "U3N3P0V89",
                "ts": "1558266264.054700"
            },
            {
                "user": "U3N3P0V89",
                "ts": "1558266327.054900"
            },
            {
                "user": "U41BJADGU",
                "ts": "1559016759.000100"
            },
            {
                "user": "U3N3P0V89",
                "ts": "1559017454.000300"
            },
            {
                "user": "U3N3P0V89",
                "ts": "1559017491.000500"
            },
            {
                "user": "U3N3P0V89",
                "ts": "1559017494.000700"
            },
            {
                "user": "U3N3P0V89",
                "ts": "1559141764.000900"
            }
        ],
        "is_locked": false,
        "subscribed": false,
        "blocks": [
            {
                "type": "rich_text",
                "block_id": "btdX",
                "elements": [
                    {
                        "type": "rich_text_section",
                        "elements": [
                            {
                                "type": "text",
                                "text": "thanks so much! that'd be an amazing help "
                            },
                            {
                                "type": "user",
                                "user_id": "U41BJADGU"
                            }
                        ]
                    }
                ]
            }
        ]
    },
    {
        "user": "U3N3P0V89",
        "type": "message",
        "ts": "1558191962.052400",
        "client_msg_id": "6082b667-fdd0-46a7-a43b-2db576c7fd84",
        "text": "just submit a PR to my caribe repo with the text inside (<https:\/\/github.com\/StuBlad\/clubcaribe>)",
        "team": "T3NRU3N8L",
        "user_team": "T3NRU3N8L",
        "source_team": "T3NRU3N8L",
        "user_profile": {
            "avatar_hash": "6dcfc9e0d4c7",
            "image_72": "https:\/\/avatars.slack-edge.com\/2017-06-07\/195047001686_6dcfc9e0d4c71e750732_72.png",
            "first_name": "Stu",
            "real_name": "Stu",
            "display_name": "stu",
            "team": "T3NRU3N8L",
            "name": "stu",
            "is_restricted": false,
            "is_ultra_restricted": false
        },
        "attachments": [
            {
                "fallback": "StuBlad\/clubcaribe",
                "text": "A remake of the original Club Caribe world for the NeoHabitat server",
                "title": "StuBlad\/clubcaribe",
                "footer": "<https:\/\/github.com\/StuBlad\/clubcaribe|StuBlad\/clubcaribe>",
                "id": 1,
                "ts": 1535324447,
                "color": "24292f",
                "fields": [
                    {
                        "title": "Last updated",
                        "value": "22 days ago",
                        "short": true
                    }
                ],
                "mrkdwn_in": [
                    "text",
                    "fields"
                ],
                "bot_id": "B9N4Q36L9",
                "app_unfurl_url": "https:\/\/github.com\/StuBlad\/clubcaribe",
                "is_app_unfurl": true
            }
        ],
        "blocks": [
            {
                "type": "rich_text",
                "block_id": "ekjVq",
                "elements": [
                    {
                        "type": "rich_text_section",
                        "elements": [
                            {
                                "type": "text",
                                "text": "just submit a PR to my caribe repo with the text inside ("
                            },
                            {
                                "type": "link",
                                "url": "https:\/\/github.com\/StuBlad\/clubcaribe"
                            },
                            {
                                "type": "text",
                                "text": ")"
                            }
                        ]
                    }
                ]
            }
        ]
    },
    {
        "user": "U3N3P0V89",
        "type": "message",
        "ts": "1558192000.053100",
        "client_msg_id": "97a7e022-5dbe-4fa1-aafb-37cb88a57ef6",
        "text": "(just make a new folder called Text inside the db folder and leave them in there)",
        "team": "T3NRU3N8L",
        "user_team": "T3NRU3N8L",
        "source_team": "T3NRU3N8L",
        "user_profile": {
            "avatar_hash": "6dcfc9e0d4c7",
            "image_72": "https:\/\/avatars.slack-edge.com\/2017-06-07\/195047001686_6dcfc9e0d4c71e750732_72.png",
            "first_name": "Stu",
            "real_name": "Stu",
            "display_name": "stu",
            "team": "T3NRU3N8L",
            "name": "stu",
            "is_restricted": false,
            "is_ultra_restricted": false
        },
        "blocks": [
            {
                "type": "rich_text",
                "block_id": "WZFFA",
                "elements": [
                    {
                        "type": "rich_text_section",
                        "elements": [
                            {
                                "type": "text",
                                "text": "(just make a new folder called Text inside the db folder and leave them in there)"
                            }
                        ]
                    }
                ]
            }
        ]
    },
    {
        "user": "U3N3P0V89",
        "type": "message",
        "ts": "1558205994.053400",
        "client_msg_id": "20a28cf0-e8b1-4c53-8f2d-52f8f735829a",
        "text": "all of the raw footage is being uploaded to the Internet Archive finally and will be available here at some point: <https:\/\/archive.org\/details\/ClubCaribe1994Documentary>",
        "team": "T3NRU3N8L",
        "user_team": "T3NRU3N8L",
        "source_team": "T3NRU3N8L",
        "user_profile": {
            "avatar_hash": "6dcfc9e0d4c7",
            "image_72": "https:\/\/avatars.slack-edge.com\/2017-06-07\/195047001686_6dcfc9e0d4c71e750732_72.png",
            "first_name": "Stu",
            "real_name": "Stu",
            "display_name": "stu",
            "team": "T3NRU3N8L",
            "name": "stu",
            "is_restricted": false,
            "is_ultra_restricted": false
        },
        "attachments": [
            {
                "service_name": "Internet Archive",
                "title": "Club Caribe 1994 Documentary : BLD Stlker : Free Download, Borrow, and Streaming : Internet Archive",
                "title_link": "https:\/\/archive.org\/details\/ClubCaribe1994Documentary",
                "text": "This is a collection of tapes recorded by a user named BLD Stlker, on the day the Club Caribe virtual world running on Quantum Links Commodore 64 service was...",
                "fallback": "Internet Archive: Club Caribe 1994 Documentary : BLD Stlker : Free Download, Borrow, and Streaming : Internet Archive",
                "thumb_url": "https:\/\/archive.org\/services\/img\/ClubCaribe1994Documentary",
                "from_url": "https:\/\/archive.org\/details\/ClubCaribe1994Documentary",
                "thumb_width": 160,
                "thumb_height": 110,
                "service_icon": "https:\/\/archive.org\/favicon.ico",
                "id": 1,
                "original_url": "https:\/\/archive.org\/details\/ClubCaribe1994Documentary"
            }
        ],
        "blocks": [
            {
                "type": "rich_text",
                "block_id": "QNkBQ",
                "elements": [
                    {
                        "type": "rich_text_section",
                        "elements": [
                            {
                                "type": "text",
                                "text": "all of the raw footage is being uploaded to the Internet Archive finally and will be available here at some point: "
                            },
                            {
                                "type": "link",
                                "url": "https:\/\/archive.org\/details\/ClubCaribe1994Documentary"
                            }
                        ]
                    }
                ]
            }
        ],
        "reactions": [
            {
                "name": "clap",
                "users": [
                    "U41BJADGU"
                ],
                "count": 1
            }
        ]
    },
    {
        "user": "U3N3P0V89",
        "type": "message",
        "ts": "1558206002.053700",
        "client_msg_id": "92268e84-ef34-4f0d-a9fc-ab472d34d1a4",
        "text": "i'm uploading via torrent and there's 224.1GB of stuff so it's going to take a couple of days i'd imagine",
        "team": "T3NRU3N8L",
        "user_team": "T3NRU3N8L",
        "source_team": "T3NRU3N8L",
        "user_profile": {
            "avatar_hash": "6dcfc9e0d4c7",
            "image_72": "https:\/\/avatars.slack-edge.com\/2017-06-07\/195047001686_6dcfc9e0d4c71e750732_72.png",
            "first_name": "Stu",
            "real_name": "Stu",
            "display_name": "stu",
            "team": "T3NRU3N8L",
            "name": "stu",
            "is_restricted": false,
            "is_ultra_restricted": false
        },
        "blocks": [
            {
                "type": "rich_text",
                "block_id": "w41U",
                "elements": [
                    {
                        "type": "rich_text_section",
                        "elements": [
                            {
                                "type": "text",
                                "text": "i'm uploading via torrent and there's 224.1GB of stuff so it's going to take a couple of days i'd imagine"
                            }
                        ]
                    }
                ]
            }
        ]
    },
    {
        "user": "U3N3P0V89",
        "type": "message",
        "ts": "1558206012.053900",
        "client_msg_id": "066dc6b8-c14a-4f13-848d-0d6e716ae1be",
        "text": "most people won't want or need it but the raw footage is slightly sharper if you care about that",
        "team": "T3NRU3N8L",
        "user_team": "T3NRU3N8L",
        "source_team": "T3NRU3N8L",
        "user_profile": {
            "avatar_hash": "6dcfc9e0d4c7",
            "image_72": "https:\/\/avatars.slack-edge.com\/2017-06-07\/195047001686_6dcfc9e0d4c71e750732_72.png",
            "first_name": "Stu",
            "real_name": "Stu",
            "display_name": "stu",
            "team": "T3NRU3N8L",
            "name": "stu",
            "is_restricted": false,
            "is_ultra_restricted": false
        },
        "blocks": [
            {
                "type": "rich_text",
                "block_id": "tOzE",
                "elements": [
                    {
                        "type": "rich_text_section",
                        "elements": [
                            {
                                "type": "text",
                                "text": "most people won't want or need it but the raw footage is slightly sharper if you care about that"
                            }
                        ]
                    }
                ]
            }
        ]
    },
    {
        "user": "U41BJADGU",
        "type": "message",
        "ts": "1558225482.054100",
        "client_msg_id": "62745a05-2860-48e2-834f-215bf5f4b9d5",
        "text": "How does the text need to be formatted?",
        "team": "T3NRU3N8L",
        "user_team": "T3NRU3N8L",
        "source_team": "T3NRU3N8L",
        "user_profile": {
            "avatar_hash": "f3bfb536f4e1",
            "image_72": "https:\/\/avatars.slack-edge.com\/2017-03-06\/151260998854_f3bfb536f4e1f6383a63_48.png",
            "first_name": "Ricky",
            "real_name": "Ricky Derocher",
            "display_name": "ricky_derocher",
            "team": "T3NRU3N8L",
            "name": "ricky_derocher",
            "is_restricted": false,
            "is_ultra_restricted": false
        },
        "thread_ts": "1558191914.051700",
        "parent_user_id": "U3N3P0V89",
        "blocks": [
            {
                "type": "rich_text",
                "block_id": "yQ6G",
                "elements": [
                    {
                        "type": "rich_text_section",
                        "elements": [
                            {
                                "type": "text",
                                "text": "How does the text need to be formatted?"
                            }
                        ]
                    }
                ]
            }
        ]
    },
    {
        "user": "U3N3P0V89",
        "type": "message",
        "ts": "1558225794.054300",
        "client_msg_id": "01164251-6e13-43b9-aaa4-40fada847119",
        "text": "you remember when you did the text for NeoHabitat previously? just handle it the same way. as long as it looks identical to the video text, i'm more than happy to accept your PR :slightly_smiling_face:",
        "team": "T3NRU3N8L",
        "user_team": "T3NRU3N8L",
        "source_team": "T3NRU3N8L",
        "user_profile": {
            "avatar_hash": "6dcfc9e0d4c7",
            "image_72": "https:\/\/avatars.slack-edge.com\/2017-06-07\/195047001686_6dcfc9e0d4c71e750732_72.png",
            "first_name": "Stu",
            "real_name": "Stu",
            "display_name": "stu",
            "team": "T3NRU3N8L",
            "name": "stu",
            "is_restricted": false,
            "is_ultra_restricted": false
        },
        "thread_ts": "1558191914.051700",
        "parent_user_id": "U3N3P0V89",
        "blocks": [
            {
                "type": "rich_text",
                "block_id": "aCS0",
                "elements": [
                    {
                        "type": "rich_text_section",
                        "elements": [
                            {
                                "type": "text",
                                "text": "you remember when you did the text for NeoHabitat previously? just handle it the same way. as long as it looks identical to the video text, i'm more than happy to accept your PR "
                            },
                            {
                                "type": "emoji",
                                "name": "slightly_smiling_face",
                                "unicode": "1f642"
                            }
                        ]
                    }
                ]
            }
        ]
    },
    {
        "user": "U41BJADGU",
        "type": "message",
        "ts": "1558241165.054500",
        "client_msg_id": "c0a605a3-e10f-4de7-b28f-3d450b674649",
        "text": "It's been awhile since I last did that, so a quick refresher would be nice. :slightly_smiling_face:",
        "team": "T3NRU3N8L",
        "user_team": "T3NRU3N8L",
        "source_team": "T3NRU3N8L",
        "user_profile": {
            "avatar_hash": "f3bfb536f4e1",
            "image_72": "https:\/\/avatars.slack-edge.com\/2017-03-06\/151260998854_f3bfb536f4e1f6383a63_48.png",
            "first_name": "Ricky",
            "real_name": "Ricky Derocher",
            "display_name": "ricky_derocher",
            "team": "T3NRU3N8L",
            "name": "ricky_derocher",
            "is_restricted": false,
            "is_ultra_restricted": false
        },
        "thread_ts": "1558191914.051700",
        "parent_user_id": "U3N3P0V89",
        "blocks": [
            {
                "type": "rich_text",
                "block_id": "\/YuK0",
                "elements": [
                    {
                        "type": "rich_text_section",
                        "elements": [
                            {
                                "type": "text",
                                "text": "It's been awhile since I last did that, so a quick refresher would be nice. "
                            },
                            {
                                "type": "emoji",
                                "name": "slightly_smiling_face",
                                "unicode": "1f642"
                            }
                        ]
                    }
                ]
            }
        ]
    }
]