[
    {
        "user": "U3N3P0V89",
        "type": "message",
        "ts": "1557516155.016500",
        "client_msg_id": "1b96c364-5043-4971-b142-bbe248f891fb",
        "text": "excellent news. all 5 tapes have been transferred!",
        "team": "T3NRU3N8L",
        "user_team": "T3NRU3N8L",
        "source_team": "T3NRU3N8L",
        "user_profile": {
            "avatar_hash": "6dcfc9e0d4c7",
            "image_72": "https:\/\/avatars.slack-edge.com\/2017-06-07\/195047001686_6dcfc9e0d4c71e750732_72.png",
            "first_name": "Stu",
            "real_name": "Stu",
            "display_name": "stu",
            "team": "T3NRU3N8L",
            "name": "stu",
            "is_restricted": false,
            "is_ultra_restricted": false
        },
        "blocks": [
            {
                "type": "rich_text",
                "block_id": "A0J3e",
                "elements": [
                    {
                        "type": "rich_text_section",
                        "elements": [
                            {
                                "type": "text",
                                "text": "excellent news. all 5 tapes have been transferred!"
                            }
                        ]
                    }
                ]
            }
        ],
        "reactions": [
            {
                "name": "clap",
                "users": [
                    "U41BJADGU"
                ],
                "count": 1
            }
        ]
    },
    {
        "user": "U3N3P0V89",
        "type": "message",
        "ts": "1557516161.016700",
        "client_msg_id": "0c0f310f-385c-4f84-9fe2-be31c50b4992",
        "text": "no idea how they turned out but he said there were no issues so that must be good! the only bad thing is, he's sending me the raw xfers so these won't be available tonight as i'll need to encode them into something that's youtube friendly (each tapes raw xfer is 40gb)",
        "team": "T3NRU3N8L",
        "user_team": "T3NRU3N8L",
        "source_team": "T3NRU3N8L",
        "user_profile": {
            "avatar_hash": "6dcfc9e0d4c7",
            "image_72": "https:\/\/avatars.slack-edge.com\/2017-06-07\/195047001686_6dcfc9e0d4c71e750732_72.png",
            "first_name": "Stu",
            "real_name": "Stu",
            "display_name": "stu",
            "team": "T3NRU3N8L",
            "name": "stu",
            "is_restricted": false,
            "is_ultra_restricted": false
        },
        "blocks": [
            {
                "type": "rich_text",
                "block_id": "6xN",
                "elements": [
                    {
                        "type": "rich_text_section",
                        "elements": [
                            {
                                "type": "text",
                                "text": "no idea how they turned out but he said there were no issues so that must be good! the only bad thing is, he's sending me the raw xfers so these won't be available tonight as i'll need to encode them into something that's youtube friendly (each tapes raw xfer is 40gb)"
                            }
                        ]
                    }
                ]
            }
        ],
        "reactions": [
            {
                "name": "clap",
                "users": [
                    "U41BJADGU"
                ],
                "count": 1
            }
        ]
    },
    {
        "user": "U3N3P0V89",
        "type": "message",
        "ts": "1557516166.016900",
        "client_msg_id": "be226515-11d7-4777-b41d-9a3cbaf04460",
        "text": "i'll post some screengrabs in here though as they trickle through later on tonight or probably tomorrow as i'm pretty fatigued from my surgery",
        "team": "T3NRU3N8L",
        "user_team": "T3NRU3N8L",
        "source_team": "T3NRU3N8L",
        "user_profile": {
            "avatar_hash": "6dcfc9e0d4c7",
            "image_72": "https:\/\/avatars.slack-edge.com\/2017-06-07\/195047001686_6dcfc9e0d4c71e750732_72.png",
            "first_name": "Stu",
            "real_name": "Stu",
            "display_name": "stu",
            "team": "T3NRU3N8L",
            "name": "stu",
            "is_restricted": false,
            "is_ultra_restricted": false
        },
        "blocks": [
            {
                "type": "rich_text",
                "block_id": "Pny",
                "elements": [
                    {
                        "type": "rich_text_section",
                        "elements": [
                            {
                                "type": "text",
                                "text": "i'll post some screengrabs in here though as they trickle through later on tonight or probably tomorrow as i'm pretty fatigued from my surgery"
                            }
                        ]
                    }
                ]
            }
        ],
        "reactions": [
            {
                "name": "clap",
                "users": [
                    "U41BJADGU"
                ],
                "count": 1
            }
        ]
    }
]