[
    {
        "user": "U3N3P0V89",
        "type": "message",
        "ts": "1558266264.054700",
        "client_msg_id": "e0be4f61-609a-48d4-a76b-1bb4112181f5",
        "text": "yeah same, i'll have a look later because i can't remember how to extract the text either currently",
        "team": "T3NRU3N8L",
        "user_team": "T3NRU3N8L",
        "source_team": "T3NRU3N8L",
        "user_profile": {
            "avatar_hash": "6dcfc9e0d4c7",
            "image_72": "https:\/\/avatars.slack-edge.com\/2017-06-07\/195047001686_6dcfc9e0d4c71e750732_72.png",
            "first_name": "Stu",
            "real_name": "Stu",
            "display_name": "stu",
            "team": "T3NRU3N8L",
            "name": "stu",
            "is_restricted": false,
            "is_ultra_restricted": false
        },
        "thread_ts": "1558191914.051700",
        "parent_user_id": "U3N3P0V89",
        "blocks": [
            {
                "type": "rich_text",
                "block_id": "IdkV",
                "elements": [
                    {
                        "type": "rich_text_section",
                        "elements": [
                            {
                                "type": "text",
                                "text": "yeah same, i'll have a look later because i can't remember how to extract the text either currently"
                            }
                        ]
                    }
                ]
            }
        ]
    },
    {
        "user": "U3N3P0V89",
        "type": "message",
        "ts": "1558266327.054900",
        "client_msg_id": "e481ff41-a130-4ade-b4a1-d5c701a55ea5",
        "text": "i do remember you having to seperate out the pages all in the one same JSON file",
        "team": "T3NRU3N8L",
        "user_team": "T3NRU3N8L",
        "source_team": "T3NRU3N8L",
        "user_profile": {
            "avatar_hash": "6dcfc9e0d4c7",
            "image_72": "https:\/\/avatars.slack-edge.com\/2017-06-07\/195047001686_6dcfc9e0d4c71e750732_72.png",
            "first_name": "Stu",
            "real_name": "Stu",
            "display_name": "stu",
            "team": "T3NRU3N8L",
            "name": "stu",
            "is_restricted": false,
            "is_ultra_restricted": false
        },
        "thread_ts": "1558191914.051700",
        "parent_user_id": "U3N3P0V89",
        "blocks": [
            {
                "type": "rich_text",
                "block_id": "BUyrd",
                "elements": [
                    {
                        "type": "rich_text_section",
                        "elements": [
                            {
                                "type": "text",
                                "text": "i do remember you having to seperate out the pages all in the one same JSON file"
                            }
                        ]
                    }
                ]
            }
        ]
    }
]