[
    {
        "user": "U3N3P0V89",
        "type": "message",
        "ts": "1557839633.031700",
        "client_msg_id": "25a4c3b9-7e1b-4091-9346-0c40846b1771",
        "text": "i think you'll want to wait for the next tape or two as there's a LOT more social interaction on those which would work better for the loop",
        "team": "T3NRU3N8L",
        "user_team": "T3NRU3N8L",
        "source_team": "T3NRU3N8L",
        "user_profile": {
            "avatar_hash": "6dcfc9e0d4c7",
            "image_72": "https:\/\/avatars.slack-edge.com\/2017-06-07\/195047001686_6dcfc9e0d4c71e750732_72.png",
            "first_name": "Stu",
            "real_name": "Stu",
            "display_name": "stu",
            "team": "T3NRU3N8L",
            "name": "stu",
            "is_restricted": false,
            "is_ultra_restricted": false
        },
        "blocks": [
            {
                "type": "rich_text",
                "block_id": "upSh",
                "elements": [
                    {
                        "type": "rich_text_section",
                        "elements": [
                            {
                                "type": "text",
                                "text": "i think you'll want to wait for the next tape or two as there's a LOT more social interaction on those which would work better for the loop"
                            }
                        ]
                    }
                ]
            }
        ]
    },
    {
        "user": "U3N3P0V89",
        "type": "message",
        "ts": "1557839661.032000",
        "client_msg_id": "6a7344df-6365-41e0-8325-39c59133838b",
        "text": "i'm just about to begin encoding on tape 2 today so i'll post it up sometime later on this evening",
        "team": "T3NRU3N8L",
        "user_team": "T3NRU3N8L",
        "source_team": "T3NRU3N8L",
        "user_profile": {
            "avatar_hash": "6dcfc9e0d4c7",
            "image_72": "https:\/\/avatars.slack-edge.com\/2017-06-07\/195047001686_6dcfc9e0d4c71e750732_72.png",
            "first_name": "Stu",
            "real_name": "Stu",
            "display_name": "stu",
            "team": "T3NRU3N8L",
            "name": "stu",
            "is_restricted": false,
            "is_ultra_restricted": false
        },
        "blocks": [
            {
                "type": "rich_text",
                "block_id": "lSdA\/",
                "elements": [
                    {
                        "type": "rich_text_section",
                        "elements": [
                            {
                                "type": "text",
                                "text": "i'm just about to begin encoding on tape 2 today so i'll post it up sometime later on this evening"
                            }
                        ]
                    }
                ]
            }
        ]
    },
    {
        "user": "U3N3P0V89",
        "type": "message",
        "ts": "1557839858.032500",
        "client_msg_id": "e7e34b98-f684-4e75-afcc-3f3fb5425867",
        "text": "also all thanks should go to <@U5R2NC9P1> for this because without her, we wouldn't have even known these tapes existed",
        "team": "T3NRU3N8L",
        "user_team": "T3NRU3N8L",
        "source_team": "T3NRU3N8L",
        "user_profile": {
            "avatar_hash": "6dcfc9e0d4c7",
            "image_72": "https:\/\/avatars.slack-edge.com\/2017-06-07\/195047001686_6dcfc9e0d4c71e750732_72.png",
            "first_name": "Stu",
            "real_name": "Stu",
            "display_name": "stu",
            "team": "T3NRU3N8L",
            "name": "stu",
            "is_restricted": false,
            "is_ultra_restricted": false
        },
        "blocks": [
            {
                "type": "rich_text",
                "block_id": "F32Dg",
                "elements": [
                    {
                        "type": "rich_text_section",
                        "elements": [
                            {
                                "type": "text",
                                "text": "also all thanks should go to "
                            },
                            {
                                "type": "user",
                                "user_id": "U5R2NC9P1"
                            },
                            {
                                "type": "text",
                                "text": " for this because without her, we wouldn't have even known these tapes existed"
                            }
                        ]
                    }
                ]
            }
        ]
    },
    {
        "user": "U3N3P0V89",
        "type": "message",
        "ts": "1557851467.032900",
        "client_msg_id": "652a9748-2daa-4c47-9a04-7aeaff3d9b8a",
        "text": "I've updated the video description to have the timestamps off of the original video tapes that BLD Stlker provided. should make it easier to navigate",
        "team": "T3NRU3N8L",
        "user_team": "T3NRU3N8L",
        "source_team": "T3NRU3N8L",
        "user_profile": {
            "avatar_hash": "6dcfc9e0d4c7",
            "image_72": "https:\/\/avatars.slack-edge.com\/2017-06-07\/195047001686_6dcfc9e0d4c71e750732_72.png",
            "first_name": "Stu",
            "real_name": "Stu",
            "display_name": "stu",
            "team": "T3NRU3N8L",
            "name": "stu",
            "is_restricted": false,
            "is_ultra_restricted": false
        },
        "blocks": [
            {
                "type": "rich_text",
                "block_id": "kRvx=",
                "elements": [
                    {
                        "type": "rich_text_section",
                        "elements": [
                            {
                                "type": "text",
                                "text": "I've updated the video description to have the timestamps off of the original video tapes that BLD Stlker provided. should make it easier to navigate"
                            }
                        ]
                    }
                ]
            }
        ]
    },
    {
        "user": "U3N3P0V89",
        "type": "message",
        "ts": "1557866589.033100",
        "client_msg_id": "d85d3917-b8e0-4a12-99a6-6f908798626e",
        "text": "<https:\/\/youtu.be\/8rNLKrBwy3g>",
        "team": "T3NRU3N8L",
        "user_team": "T3NRU3N8L",
        "source_team": "T3NRU3N8L",
        "user_profile": {
            "avatar_hash": "6dcfc9e0d4c7",
            "image_72": "https:\/\/avatars.slack-edge.com\/2017-06-07\/195047001686_6dcfc9e0d4c71e750732_72.png",
            "first_name": "Stu",
            "real_name": "Stu",
            "display_name": "stu",
            "team": "T3NRU3N8L",
            "name": "stu",
            "is_restricted": false,
            "is_ultra_restricted": false
        },
        "attachments": [
            {
                "service_name": "YouTube",
                "service_url": "https:\/\/www.youtube.com\/",
                "title": "Club Caribe - 1994 Closing Day Documentary [Part 2 of 5]",
                "title_link": "https:\/\/youtu.be\/8rNLKrBwy3g",
                "author_name": "Stu Blad",
                "author_link": "https:\/\/www.youtube.com\/user\/stublad",
                "thumb_url": "https:\/\/i.ytimg.com\/vi\/8rNLKrBwy3g\/hqdefault.jpg",
                "thumb_width": 480,
                "thumb_height": 360,
                "fallback": "YouTube Video: Club Caribe - 1994 Closing Day Documentary [Part 2 of 5]",
                "video_html": "<iframe width=\"400\" height=\"300\" src=\"https:\/\/www.youtube.com\/embed\/8rNLKrBwy3g?feature=oembed&autoplay=1&iv_load_policy=3\" frameborder=\"0\" allow=\"accelerometer; autoplay; encrypted-media; gyroscope; picture-in-picture\" allowfullscreen><\/iframe>",
                "video_html_width": 400,
                "video_html_height": 300,
                "from_url": "https:\/\/youtu.be\/8rNLKrBwy3g",
                "service_icon": "https:\/\/a.slack-edge.com\/2089\/img\/unfurl_icons\/youtube.png",
                "id": 1,
                "original_url": "https:\/\/youtu.be\/8rNLKrBwy3g"
            }
        ],
        "blocks": [
            {
                "type": "rich_text",
                "block_id": "SRU",
                "elements": [
                    {
                        "type": "rich_text_section",
                        "elements": [
                            {
                                "type": "link",
                                "url": "https:\/\/youtu.be\/8rNLKrBwy3g"
                            }
                        ]
                    }
                ]
            }
        ],
        "reactions": [
            {
                "name": "clap",
                "users": [
                    "U41BJADGU"
                ],
                "count": 1
            }
        ]
    },
    {
        "user": "U3N3P0V89",
        "type": "message",
        "ts": "1557866591.033400",
        "client_msg_id": "f7170939-91dc-498c-be3c-f14de9fcb39d",
        "text": "Part 2",
        "team": "T3NRU3N8L",
        "user_team": "T3NRU3N8L",
        "source_team": "T3NRU3N8L",
        "user_profile": {
            "avatar_hash": "6dcfc9e0d4c7",
            "image_72": "https:\/\/avatars.slack-edge.com\/2017-06-07\/195047001686_6dcfc9e0d4c71e750732_72.png",
            "first_name": "Stu",
            "real_name": "Stu",
            "display_name": "stu",
            "team": "T3NRU3N8L",
            "name": "stu",
            "is_restricted": false,
            "is_ultra_restricted": false
        },
        "blocks": [
            {
                "type": "rich_text",
                "block_id": "8FWH",
                "elements": [
                    {
                        "type": "rich_text_section",
                        "elements": [
                            {
                                "type": "text",
                                "text": "Part 2"
                            }
                        ]
                    }
                ]
            }
        ]
    },
    {
        "user": "U3N3P0V89",
        "type": "message",
        "ts": "1557866669.033600",
        "client_msg_id": "ef8ef3eb-6816-4374-b338-3eb41f4ab51b",
        "text": "there's a party and spec racing an hour in!",
        "team": "T3NRU3N8L",
        "user_team": "T3NRU3N8L",
        "source_team": "T3NRU3N8L",
        "user_profile": {
            "avatar_hash": "6dcfc9e0d4c7",
            "image_72": "https:\/\/avatars.slack-edge.com\/2017-06-07\/195047001686_6dcfc9e0d4c71e750732_72.png",
            "first_name": "Stu",
            "real_name": "Stu",
            "display_name": "stu",
            "team": "T3NRU3N8L",
            "name": "stu",
            "is_restricted": false,
            "is_ultra_restricted": false
        },
        "blocks": [
            {
                "type": "rich_text",
                "block_id": "zNS",
                "elements": [
                    {
                        "type": "rich_text_section",
                        "elements": [
                            {
                                "type": "text",
                                "text": "there's a party and spec racing an hour in!"
                            }
                        ]
                    }
                ]
            }
        ]
    },
    {
        "user": "U3N3P0V89",
        "type": "message",
        "ts": "1557867373.033800",
        "client_msg_id": "c69c144f-6ab7-4a3c-8a67-cbd76cc51fe8",
        "text": "a wedding too!",
        "team": "T3NRU3N8L",
        "user_team": "T3NRU3N8L",
        "source_team": "T3NRU3N8L",
        "user_profile": {
            "avatar_hash": "6dcfc9e0d4c7",
            "image_72": "https:\/\/avatars.slack-edge.com\/2017-06-07\/195047001686_6dcfc9e0d4c71e750732_72.png",
            "first_name": "Stu",
            "real_name": "Stu",
            "display_name": "stu",
            "team": "T3NRU3N8L",
            "name": "stu",
            "is_restricted": false,
            "is_ultra_restricted": false
        },
        "blocks": [
            {
                "type": "rich_text",
                "block_id": "8p+jU",
                "elements": [
                    {
                        "type": "rich_text_section",
                        "elements": [
                            {
                                "type": "text",
                                "text": "a wedding too!"
                            }
                        ]
                    }
                ]
            }
        ]
    },
    {
        "user": "U41BJADGU",
        "type": "message",
        "ts": "1557873055.034600",
        "client_msg_id": "5793e709-28e8-4958-867e-4b29c403e1a5",
        "text": "How much money in connection fees were racked up making these videos? :smiley:",
        "team": "T3NRU3N8L",
        "user_team": "T3NRU3N8L",
        "source_team": "T3NRU3N8L",
        "user_profile": {
            "avatar_hash": "f3bfb536f4e1",
            "image_72": "https:\/\/avatars.slack-edge.com\/2017-03-06\/151260998854_f3bfb536f4e1f6383a63_48.png",
            "first_name": "Ricky",
            "real_name": "Ricky Derocher",
            "display_name": "ricky_derocher",
            "team": "T3NRU3N8L",
            "name": "ricky_derocher",
            "is_restricted": false,
            "is_ultra_restricted": false
        },
        "blocks": [
            {
                "type": "rich_text",
                "block_id": "b9OM",
                "elements": [
                    {
                        "type": "rich_text_section",
                        "elements": [
                            {
                                "type": "text",
                                "text": "How much money in connection fees were racked up making these videos? "
                            },
                            {
                                "type": "emoji",
                                "name": "smiley",
                                "unicode": "1f603"
                            }
                        ]
                    }
                ]
            }
        ]
    },
    {
        "user": "U3N3P0V89",
        "type": "message",
        "ts": "1557873168.035300",
        "client_msg_id": "1d5062cc-be69-47f4-85be-bcedd3abaad8",
        "text": "no idea in 1994 but hopefully it would've been subsidised by that point given Q-Links decline at the time",
        "team": "T3NRU3N8L",
        "user_team": "T3NRU3N8L",
        "source_team": "T3NRU3N8L",
        "user_profile": {
            "avatar_hash": "6dcfc9e0d4c7",
            "image_72": "https:\/\/avatars.slack-edge.com\/2017-06-07\/195047001686_6dcfc9e0d4c71e750732_72.png",
            "first_name": "Stu",
            "real_name": "Stu",
            "display_name": "stu",
            "team": "T3NRU3N8L",
            "name": "stu",
            "is_restricted": false,
            "is_ultra_restricted": false
        },
        "blocks": [
            {
                "type": "rich_text",
                "block_id": "pfD=x",
                "elements": [
                    {
                        "type": "rich_text_section",
                        "elements": [
                            {
                                "type": "text",
                                "text": "no idea in 1994 but hopefully it would've been subsidised by that point given Q-Links decline at the time"
                            }
                        ]
                    }
                ]
            }
        ]
    },
    {
        "user": "U3N3P0V89",
        "type": "message",
        "ts": "1557873197.036000",
        "client_msg_id": "c90e783a-023e-4887-bb34-a702a247ca66",
        "text": "these videos are all from one continuous session except for the final tape (which was an attempt at the same thing earlier on that day)",
        "team": "T3NRU3N8L",
        "user_team": "T3NRU3N8L",
        "source_team": "T3NRU3N8L",
        "user_profile": {
            "avatar_hash": "6dcfc9e0d4c7",
            "image_72": "https:\/\/avatars.slack-edge.com\/2017-06-07\/195047001686_6dcfc9e0d4c71e750732_72.png",
            "first_name": "Stu",
            "real_name": "Stu",
            "display_name": "stu",
            "team": "T3NRU3N8L",
            "name": "stu",
            "is_restricted": false,
            "is_ultra_restricted": false
        },
        "blocks": [
            {
                "type": "rich_text",
                "block_id": "cZa",
                "elements": [
                    {
                        "type": "rich_text_section",
                        "elements": [
                            {
                                "type": "text",
                                "text": "these videos are all from one continuous session except for the final tape (which was an attempt at the same thing earlier on that day)"
                            }
                        ]
                    }
                ]
            }
        ]
    },
    {
        "user": "U5R2NC9P1",
        "type": "message",
        "ts": "1557881093.037600",
        "client_msg_id": "923d7441-6754-4c96-8e47-a94b88edbf2f",
        "text": "qlink was 4.80 an hour. and yes he paid while doing these videos.",
        "team": "T3NRU3N8L",
        "user_team": "T3NRU3N8L",
        "source_team": "T3NRU3N8L",
        "user_profile": {
            "avatar_hash": "7b574acaab38",
            "image_72": "https:\/\/avatars.slack-edge.com\/2019-10-02\/784126240022_7b574acaab38588bc53a_72.jpg",
            "first_name": "Jo",
            "real_name": "Jo Michelle Hagen",
            "display_name": "Michelle (Lynx)",
            "team": "T3NRU3N8L",
            "name": "lynx",
            "is_restricted": false,
            "is_ultra_restricted": false
        },
        "blocks": [
            {
                "type": "rich_text",
                "block_id": "9PNS2",
                "elements": [
                    {
                        "type": "rich_text_section",
                        "elements": [
                            {
                                "type": "text",
                                "text": "qlink was 4.80 an hour. and yes he paid while doing these videos."
                            }
                        ]
                    }
                ]
            }
        ]
    },
    {
        "user": "U5R2NC9P1",
        "type": "message",
        "ts": "1557881145.038200",
        "client_msg_id": "f0da0297-3ad9-4cd4-81d2-ee9a7e380759",
        "text": "qlink gave no discounts or anything.",
        "team": "T3NRU3N8L",
        "user_team": "T3NRU3N8L",
        "source_team": "T3NRU3N8L",
        "user_profile": {
            "avatar_hash": "7b574acaab38",
            "image_72": "https:\/\/avatars.slack-edge.com\/2019-10-02\/784126240022_7b574acaab38588bc53a_72.jpg",
            "first_name": "Jo",
            "real_name": "Jo Michelle Hagen",
            "display_name": "Michelle (Lynx)",
            "team": "T3NRU3N8L",
            "name": "lynx",
            "is_restricted": false,
            "is_ultra_restricted": false
        },
        "blocks": [
            {
                "type": "rich_text",
                "block_id": "1PaHE",
                "elements": [
                    {
                        "type": "rich_text_section",
                        "elements": [
                            {
                                "type": "text",
                                "text": "qlink gave no discounts or anything."
                            }
                        ]
                    }
                ]
            }
        ]
    },
    {
        "user": "U5R2NC9P1",
        "type": "message",
        "ts": "1557881285.040900",
        "client_msg_id": "475d742e-9e21-4492-a43a-b193778f187c",
        "text": "You are welcome for these tapes. They really were just in my garage, so i am very happy to see them get enjoyed and put into its proper place in history.",
        "team": "T3NRU3N8L",
        "user_team": "T3NRU3N8L",
        "source_team": "T3NRU3N8L",
        "user_profile": {
            "avatar_hash": "7b574acaab38",
            "image_72": "https:\/\/avatars.slack-edge.com\/2019-10-02\/784126240022_7b574acaab38588bc53a_72.jpg",
            "first_name": "Jo",
            "real_name": "Jo Michelle Hagen",
            "display_name": "Michelle (Lynx)",
            "team": "T3NRU3N8L",
            "name": "lynx",
            "is_restricted": false,
            "is_ultra_restricted": false
        },
        "blocks": [
            {
                "type": "rich_text",
                "block_id": "u\/WT3",
                "elements": [
                    {
                        "type": "rich_text_section",
                        "elements": [
                            {
                                "type": "text",
                                "text": "You are welcome for these tapes. They really were just in my garage, so i am very happy to see them get enjoyed and put into its proper place in history."
                            }
                        ]
                    }
                ]
            }
        ]
    },
    {
        "user": "U41BJADGU",
        "type": "message",
        "ts": "1557886469.041700",
        "client_msg_id": "7225c13d-e1b9-484d-8966-c359bd172e38",
        "text": "$4.80 in 1994 money is $8.28 in 2019 when adjusted for inflation!",
        "team": "T3NRU3N8L",
        "user_team": "T3NRU3N8L",
        "source_team": "T3NRU3N8L",
        "user_profile": {
            "avatar_hash": "f3bfb536f4e1",
            "image_72": "https:\/\/avatars.slack-edge.com\/2017-03-06\/151260998854_f3bfb536f4e1f6383a63_48.png",
            "first_name": "Ricky",
            "real_name": "Ricky Derocher",
            "display_name": "ricky_derocher",
            "team": "T3NRU3N8L",
            "name": "ricky_derocher",
            "is_restricted": false,
            "is_ultra_restricted": false
        },
        "blocks": [
            {
                "type": "rich_text",
                "block_id": "4yCye",
                "elements": [
                    {
                        "type": "rich_text_section",
                        "elements": [
                            {
                                "type": "text",
                                "text": "$4.80 in 1994 money is $8.28 in 2019 when adjusted for inflation!"
                            }
                        ]
                    }
                ]
            }
        ]
    }
]