[
    {
        "user": "U3N3P0V89",
        "type": "message",
        "ts": "1558037355.042500",
        "client_msg_id": "52170c35-dd9f-498d-933c-a9a1899b1b81",
        "text": "<https:\/\/www.youtube.com\/watch?v=OESzgOau1k4>",
        "team": "T3NRU3N8L",
        "user_team": "T3NRU3N8L",
        "source_team": "T3NRU3N8L",
        "user_profile": {
            "avatar_hash": "6dcfc9e0d4c7",
            "image_72": "https:\/\/avatars.slack-edge.com\/2017-06-07\/195047001686_6dcfc9e0d4c71e750732_72.png",
            "first_name": "Stu",
            "real_name": "Stu",
            "display_name": "stu",
            "team": "T3NRU3N8L",
            "name": "stu",
            "is_restricted": false,
            "is_ultra_restricted": false
        },
        "thread_ts": "1558037355.042500",
        "reply_count": 1,
        "reply_users_count": 1,
        "latest_reply": "1558148245.049900",
        "reply_users": [
            "U41BJADGU"
        ],
        "replies": [
            {
                "user": "U41BJADGU",
                "ts": "1558148245.049900"
            }
        ],
        "is_locked": false,
        "subscribed": false,
        "attachments": [
            {
                "service_name": "YouTube",
                "service_url": "https:\/\/www.youtube.com\/",
                "title": "Club Caribe - 1994 Closing Day Documentary [Part 4 of 5]",
                "title_link": "https:\/\/www.youtube.com\/watch?v=OESzgOau1k4",
                "author_name": "Stu Blad",
                "author_link": "https:\/\/www.youtube.com\/user\/stublad",
                "thumb_url": "https:\/\/i.ytimg.com\/vi\/OESzgOau1k4\/hqdefault.jpg",
                "thumb_width": 480,
                "thumb_height": 360,
                "fallback": "YouTube Video: Club Caribe - 1994 Closing Day Documentary [Part 4 of 5]",
                "video_html": "<iframe width=\"400\" height=\"300\" src=\"https:\/\/www.youtube.com\/embed\/OESzgOau1k4?feature=oembed&autoplay=1&iv_load_policy=3\" frameborder=\"0\" allow=\"accelerometer; autoplay; encrypted-media; gyroscope; picture-in-picture\" allowfullscreen><\/iframe>",
                "video_html_width": 400,
                "video_html_height": 300,
                "from_url": "https:\/\/www.youtube.com\/watch?v=OESzgOau1k4",
                "service_icon": "https:\/\/a.slack-edge.com\/2089\/img\/unfurl_icons\/youtube.png",
                "id": 1,
                "original_url": "https:\/\/www.youtube.com\/watch?v=OESzgOau1k4"
            }
        ],
        "blocks": [
            {
                "type": "rich_text",
                "block_id": "dwU+G",
                "elements": [
                    {
                        "type": "rich_text_section",
                        "elements": [
                            {
                                "type": "link",
                                "url": "https:\/\/www.youtube.com\/watch?v=OESzgOau1k4"
                            }
                        ]
                    }
                ]
            }
        ],
        "reactions": [
            {
                "name": "sob",
                "users": [
                    "U41BJADGU"
                ],
                "count": 1
            }
        ]
    },
    {
        "user": "U3N3P0V89",
        "type": "message",
        "ts": "1558037359.042900",
        "client_msg_id": "5188daaa-2844-4435-b678-285dd01c65d0",
        "text": "Part 4 is here!",
        "team": "T3NRU3N8L",
        "user_team": "T3NRU3N8L",
        "source_team": "T3NRU3N8L",
        "user_profile": {
            "avatar_hash": "6dcfc9e0d4c7",
            "image_72": "https:\/\/avatars.slack-edge.com\/2017-06-07\/195047001686_6dcfc9e0d4c71e750732_72.png",
            "first_name": "Stu",
            "real_name": "Stu",
            "display_name": "stu",
            "team": "T3NRU3N8L",
            "name": "stu",
            "is_restricted": false,
            "is_ultra_restricted": false
        },
        "blocks": [
            {
                "type": "rich_text",
                "block_id": "zYJZ",
                "elements": [
                    {
                        "type": "rich_text_section",
                        "elements": [
                            {
                                "type": "text",
                                "text": "Part 4 is here!"
                            }
                        ]
                    }
                ]
            }
        ]
    },
    {
        "user": "U3N3P0V89",
        "type": "message",
        "ts": "1558037364.043100",
        "client_msg_id": "74c3644d-6cb2-47f9-809d-845db674cbd5",
        "text": "this is the end of the nights recording by BLD Stlker and shows the final sign off for Caribe. there's one more tape to go which seems to have been done earlier on that day so it's out of sequence, but still interesting in its own right (also shows some of the inworld newspapers in full!)",
        "team": "T3NRU3N8L",
        "user_team": "T3NRU3N8L",
        "source_team": "T3NRU3N8L",
        "user_profile": {
            "avatar_hash": "6dcfc9e0d4c7",
            "image_72": "https:\/\/avatars.slack-edge.com\/2017-06-07\/195047001686_6dcfc9e0d4c71e750732_72.png",
            "first_name": "Stu",
            "real_name": "Stu",
            "display_name": "stu",
            "team": "T3NRU3N8L",
            "name": "stu",
            "is_restricted": false,
            "is_ultra_restricted": false
        },
        "blocks": [
            {
                "type": "rich_text",
                "block_id": "of2",
                "elements": [
                    {
                        "type": "rich_text_section",
                        "elements": [
                            {
                                "type": "text",
                                "text": "this is the end of the nights recording by BLD Stlker and shows the final sign off for Caribe. there's one more tape to go which seems to have been done earlier on that day so it's out of sequence, but still interesting in its own right (also shows some of the inworld newspapers in full!)"
                            }
                        ]
                    }
                ]
            }
        ]
    },
    {
        "text": "",
        "files": [
            {
                "id": "FJEJ3HUAW",
                "created": 1558037374,
                "timestamp": 1558037374,
                "name": "image.png",
                "title": "image.png",
                "mimetype": "image\/png",
                "filetype": "png",
                "pretty_type": "PNG",
                "user": "U3N3P0V89",
                "user_team": "T3NRU3N8L",
                "editable": false,
                "size": 271197,
                "mode": "hosted",
                "is_external": false,
                "external_type": "",
                "is_public": true,
                "public_url_shared": false,
                "display_as_bot": false,
                "username": "",
                "url_private": "https:\/\/files.slack.com\/files-pri\/T3NRU3N8L-FJEJ3HUAW\/image.png?t=xoxe-124878124292-7467719047090-7480385333457-4296bbd25a5710071a4df099b64b6f19",
                "url_private_download": "https:\/\/files.slack.com\/files-pri\/T3NRU3N8L-FJEJ3HUAW\/download\/image.png?t=xoxe-124878124292-7467719047090-7480385333457-4296bbd25a5710071a4df099b64b6f19",
                "media_display_type": "unknown",
                "thumb_64": "https:\/\/files.slack.com\/files-tmb\/T3NRU3N8L-FJEJ3HUAW-de5a69171a\/image_64.png?t=xoxe-124878124292-7467719047090-7480385333457-4296bbd25a5710071a4df099b64b6f19",
                "thumb_80": "https:\/\/files.slack.com\/files-tmb\/T3NRU3N8L-FJEJ3HUAW-de5a69171a\/image_80.png?t=xoxe-124878124292-7467719047090-7480385333457-4296bbd25a5710071a4df099b64b6f19",
                "thumb_360": "https:\/\/files.slack.com\/files-tmb\/T3NRU3N8L-FJEJ3HUAW-de5a69171a\/image_360.png?t=xoxe-124878124292-7467719047090-7480385333457-4296bbd25a5710071a4df099b64b6f19",
                "thumb_360_w": 360,
                "thumb_360_h": 307,
                "thumb_480": "https:\/\/files.slack.com\/files-tmb\/T3NRU3N8L-FJEJ3HUAW-de5a69171a\/image_480.png?t=xoxe-124878124292-7467719047090-7480385333457-4296bbd25a5710071a4df099b64b6f19",
                "thumb_480_w": 480,
                "thumb_480_h": 409,
                "thumb_160": "https:\/\/files.slack.com\/files-tmb\/T3NRU3N8L-FJEJ3HUAW-de5a69171a\/image_160.png?t=xoxe-124878124292-7467719047090-7480385333457-4296bbd25a5710071a4df099b64b6f19",
                "image_exif_rotation": 1,
                "original_w": 526,
                "original_h": 448,
                "permalink": "https:\/\/neohabitat.slack.com\/files\/U3N3P0V89\/FJEJ3HUAW\/image.png",
                "permalink_public": "https:\/\/slack-files.com\/T3NRU3N8L-FJEJ3HUAW-5ccf308544",
                "is_starred": false,
                "has_rich_preview": false,
                "file_access": "visible"
            }
        ],
        "upload": true,
        "user": "U3N3P0V89",
        "display_as_bot": false,
        "type": "message",
        "ts": "1558037376.043300",
        "client_msg_id": "999fa097-c50a-4772-b03c-08d45ade8344",
        "reactions": [
            {
                "name": "sob",
                "users": [
                    "U41BJADGU"
                ],
                "count": 1
            }
        ]
    },
    {
        "user": "U3N3P0V89",
        "type": "message",
        "ts": "1558037381.043700",
        "client_msg_id": "beacb5cd-84c3-49a7-bf5f-78b52321ad99",
        "text": "(a screencap of that final moment before shutdown)",
        "team": "T3NRU3N8L",
        "user_team": "T3NRU3N8L",
        "source_team": "T3NRU3N8L",
        "user_profile": {
            "avatar_hash": "6dcfc9e0d4c7",
            "image_72": "https:\/\/avatars.slack-edge.com\/2017-06-07\/195047001686_6dcfc9e0d4c71e750732_72.png",
            "first_name": "Stu",
            "real_name": "Stu",
            "display_name": "stu",
            "team": "T3NRU3N8L",
            "name": "stu",
            "is_restricted": false,
            "is_ultra_restricted": false
        },
        "blocks": [
            {
                "type": "rich_text",
                "block_id": "tndxZ",
                "elements": [
                    {
                        "type": "rich_text_section",
                        "elements": [
                            {
                                "type": "text",
                                "text": "(a screencap of that final moment before shutdown)"
                            }
                        ]
                    }
                ]
            }
        ]
    },
    {
        "user": "U3N3TBZPT",
        "type": "message",
        "ts": "1558046640.044200",
        "client_msg_id": "c7d900a5-044c-470a-9189-2a6274a7138e",
        "text": "i notice that some of these folks took the chess pieces out of the rooms",
        "team": "T3NRU3N8L",
        "user_team": "T3NRU3N8L",
        "source_team": "T3NRU3N8L",
        "user_profile": {
            "avatar_hash": "g96f16513098",
            "image_72": "https:\/\/secure.gravatar.com\/avatar\/296f1651309839191e53ca51b0cca0cc.jpg?s=72&d=https%3A%2F%2Fa.slack-edge.com%2Fdf10d%2Fimg%2Favatars%2Fava_0001-72.png",
            "first_name": "Steve",
            "real_name": "Steve Salevan",
            "display_name": "steve",
            "team": "T3NRU3N8L",
            "name": "steve",
            "is_restricted": false,
            "is_ultra_restricted": false
        },
        "blocks": [
            {
                "type": "rich_text",
                "block_id": "ogQ",
                "elements": [
                    {
                        "type": "rich_text_section",
                        "elements": [
                            {
                                "type": "text",
                                "text": "i notice that some of these folks took the chess pieces out of the rooms"
                            }
                        ]
                    }
                ]
            }
        ]
    },
    {
        "user": "U3N3P0V89",
        "type": "message",
        "ts": "1558047590.044500",
        "client_msg_id": "68cbb350-3c87-4467-aa7a-3a85c3393a1f",
        "text": "there's at least one region where the pieces were there purposefully",
        "team": "T3NRU3N8L",
        "user_team": "T3NRU3N8L",
        "source_team": "T3NRU3N8L",
        "user_profile": {
            "avatar_hash": "6dcfc9e0d4c7",
            "image_72": "https:\/\/avatars.slack-edge.com\/2017-06-07\/195047001686_6dcfc9e0d4c71e750732_72.png",
            "first_name": "Stu",
            "real_name": "Stu",
            "display_name": "stu",
            "team": "T3NRU3N8L",
            "name": "stu",
            "is_restricted": false,
            "is_ultra_restricted": false
        },
        "blocks": [
            {
                "type": "rich_text",
                "block_id": "mmL7",
                "elements": [
                    {
                        "type": "rich_text_section",
                        "elements": [
                            {
                                "type": "text",
                                "text": "there's at least one region where the pieces were there purposefully"
                            }
                        ]
                    }
                ]
            }
        ]
    },
    {
        "user": "U3N3P0V89",
        "type": "message",
        "ts": "1558047604.044900",
        "client_msg_id": "34ee9a9b-e056-4a12-a1f3-80cb29cf2470",
        "text": "(outside of the arcade)",
        "team": "T3NRU3N8L",
        "user_team": "T3NRU3N8L",
        "source_team": "T3NRU3N8L",
        "user_profile": {
            "avatar_hash": "6dcfc9e0d4c7",
            "image_72": "https:\/\/avatars.slack-edge.com\/2017-06-07\/195047001686_6dcfc9e0d4c71e750732_72.png",
            "first_name": "Stu",
            "real_name": "Stu",
            "display_name": "stu",
            "team": "T3NRU3N8L",
            "name": "stu",
            "is_restricted": false,
            "is_ultra_restricted": false
        },
        "blocks": [
            {
                "type": "rich_text",
                "block_id": "98\/I",
                "elements": [
                    {
                        "type": "rich_text_section",
                        "elements": [
                            {
                                "type": "text",
                                "text": "(outside of the arcade)"
                            }
                        ]
                    }
                ]
            }
        ]
    },
    {
        "user": "U3N3P0V89",
        "type": "message",
        "ts": "1558047622.045300",
        "client_msg_id": "406697c3-a250-4aa5-9f5e-845e4ab08175",
        "text": "i forget about other places where they were there randomly but that's really interesting to see",
        "team": "T3NRU3N8L",
        "user_team": "T3NRU3N8L",
        "source_team": "T3NRU3N8L",
        "user_profile": {
            "avatar_hash": "6dcfc9e0d4c7",
            "image_72": "https:\/\/avatars.slack-edge.com\/2017-06-07\/195047001686_6dcfc9e0d4c71e750732_72.png",
            "first_name": "Stu",
            "real_name": "Stu",
            "display_name": "stu",
            "team": "T3NRU3N8L",
            "name": "stu",
            "is_restricted": false,
            "is_ultra_restricted": false
        },
        "blocks": [
            {
                "type": "rich_text",
                "block_id": "KFr",
                "elements": [
                    {
                        "type": "rich_text_section",
                        "elements": [
                            {
                                "type": "text",
                                "text": "i forget about other places where they were there randomly but that's really interesting to see"
                            }
                        ]
                    }
                ]
            }
        ]
    },
    {
        "user": "U5R2NC9P1",
        "type": "message",
        "ts": "1558054734.046200",
        "edited": {
            "user": "U5R2NC9P1",
            "ts": "1558054750.000000"
        },
        "client_msg_id": "3f544b66-6a4f-4251-8ad5-454f7ab416ee",
        "text": "no. they used chess pieces as prizes at somepoint.",
        "team": "T3NRU3N8L",
        "user_team": "T3NRU3N8L",
        "source_team": "T3NRU3N8L",
        "user_profile": {
            "avatar_hash": "7b574acaab38",
            "image_72": "https:\/\/avatars.slack-edge.com\/2019-10-02\/784126240022_7b574acaab38588bc53a_72.jpg",
            "first_name": "Jo",
            "real_name": "Jo Michelle Hagen",
            "display_name": "Michelle (Lynx)",
            "team": "T3NRU3N8L",
            "name": "lynx",
            "is_restricted": false,
            "is_ultra_restricted": false
        },
        "blocks": [
            {
                "type": "rich_text",
                "block_id": "8Xi",
                "elements": [
                    {
                        "type": "rich_text_section",
                        "elements": [
                            {
                                "type": "text",
                                "text": "no. they used chess pieces as prizes at somepoint."
                            }
                        ]
                    }
                ]
            }
        ]
    },
    {
        "user": "U5R2NC9P1",
        "type": "message",
        "ts": "1558054812.047400",
        "client_msg_id": "6c274fc8-bbd9-401a-a88b-6d31d8dda61e",
        "text": "btw that screen is only the east coast shut down. pacific had 3 more hours.",
        "team": "T3NRU3N8L",
        "user_team": "T3NRU3N8L",
        "source_team": "T3NRU3N8L",
        "user_profile": {
            "avatar_hash": "7b574acaab38",
            "image_72": "https:\/\/avatars.slack-edge.com\/2019-10-02\/784126240022_7b574acaab38588bc53a_72.jpg",
            "first_name": "Jo",
            "real_name": "Jo Michelle Hagen",
            "display_name": "Michelle (Lynx)",
            "team": "T3NRU3N8L",
            "name": "lynx",
            "is_restricted": false,
            "is_ultra_restricted": false
        },
        "blocks": [
            {
                "type": "rich_text",
                "block_id": "VLk1F",
                "elements": [
                    {
                        "type": "rich_text_section",
                        "elements": [
                            {
                                "type": "text",
                                "text": "btw that screen is only the east coast shut down. pacific had 3 more hours."
                            }
                        ]
                    }
                ]
            }
        ]
    },
    {
        "user": "U3N3P0V89",
        "type": "message",
        "ts": "1558059398.047600",
        "client_msg_id": "33ab8239-a143-4e4f-be59-66d639b75266",
        "text": "oh wow @ chess pieces",
        "team": "T3NRU3N8L",
        "user_team": "T3NRU3N8L",
        "source_team": "T3NRU3N8L",
        "user_profile": {
            "avatar_hash": "6dcfc9e0d4c7",
            "image_72": "https:\/\/avatars.slack-edge.com\/2017-06-07\/195047001686_6dcfc9e0d4c71e750732_72.png",
            "first_name": "Stu",
            "real_name": "Stu",
            "display_name": "stu",
            "team": "T3NRU3N8L",
            "name": "stu",
            "is_restricted": false,
            "is_ultra_restricted": false
        },
        "blocks": [
            {
                "type": "rich_text",
                "block_id": "rw5",
                "elements": [
                    {
                        "type": "rich_text_section",
                        "elements": [
                            {
                                "type": "text",
                                "text": "oh wow @ chess pieces"
                            }
                        ]
                    }
                ]
            }
        ]
    }
]