[
    {
        "user": "U06AXB9P1FC",
        "type": "message",
        "ts": "1711202852.840339",
        "client_msg_id": "c828e2d0-4649-47c9-bb10-a8286ec8b6dd",
        "text": "huh, why hadn't I ever thought of running in turbo mode? I think I must just like the loading music too much, haha",
        "team": "T3NRU3N8L",
        "user_team": "T3NRU3N8L",
        "source_team": "T3NRU3N8L",
        "user_profile": {
            "avatar_hash": "ga9d5707e8c7",
            "image_72": "https:\/\/secure.gravatar.com\/avatar\/a9d5707e8c7e10ef3836f37865248577.jpg?s=72&d=https%3A%2F%2Fa.slack-edge.com%2Fdf10d%2Fimg%2Favatars%2Fava_0009-72.png",
            "first_name": "Jeremy",
            "real_name": "Jeremy Penner",
            "display_name": "SpindleyQ",
            "team": "T3NRU3N8L",
            "name": "jeremy758",
            "is_restricted": false,
            "is_ultra_restricted": false
        },
        "blocks": [
            {
                "type": "rich_text",
                "block_id": "oPfTh",
                "elements": [
                    {
                        "type": "rich_text_section",
                        "elements": [
                            {
                                "type": "text",
                                "text": "huh, why hadn't I ever thought of running in turbo mode? I think I must just like the loading music too much, haha"
                            }
                        ]
                    }
                ]
            }
        ]
    },
    {
        "user": "U3N3P0V89",
        "type": "message",
        "ts": "1711202964.115619",
        "edited": {
            "user": "U3N3P0V89",
            "ts": "1711202998.000000"
        },
        "client_msg_id": "C8F167F1-A596-4ECB-86ED-94B05896B6A2",
        "text": "Haha it’s so good but the region change times for some regions that are full of objects can be a bit much. I usually activate turbo mode on a region change or when ghosting\/deghosting and turn it off immediately. It causes issues otherwise, like if you turbo your way through a vendo the violent can hang",
        "team": "T3NRU3N8L",
        "user_team": "T3NRU3N8L",
        "source_team": "T3NRU3N8L",
        "user_profile": {
            "avatar_hash": "6dcfc9e0d4c7",
            "image_72": "https:\/\/avatars.slack-edge.com\/2017-06-07\/195047001686_6dcfc9e0d4c71e750732_72.png",
            "first_name": "Stu",
            "real_name": "Stu",
            "display_name": "stu",
            "team": "T3NRU3N8L",
            "name": "stu",
            "is_restricted": false,
            "is_ultra_restricted": false
        },
        "blocks": [
            {
                "type": "rich_text",
                "block_id": "++shu",
                "elements": [
                    {
                        "type": "rich_text_section",
                        "elements": [
                            {
                                "type": "text",
                                "text": "Haha it’s so good but the region change times for some regions that are full of objects can be a bit much. I usually activate turbo mode on a region change or when ghosting\/deghosting and turn it off immediately. It causes issues otherwise, like if you turbo your way through a vendo the violent can hang"
                            }
                        ]
                    }
                ]
            }
        ]
    }
]