[
    {
        "user": "U3N3P0V89",
        "type": "message",
        "ts": "1710826446.312929",
        "client_msg_id": "e19cc325-ace1-40a6-a93e-4e6c891ef29e",
        "text": "Tonight tinkerings",
        "team": "T3NRU3N8L",
        "user_team": "T3NRU3N8L",
        "source_team": "T3NRU3N8L",
        "user_profile": {
            "avatar_hash": "6dcfc9e0d4c7",
            "image_72": "https:\/\/avatars.slack-edge.com\/2017-06-07\/195047001686_6dcfc9e0d4c71e750732_72.png",
            "first_name": "Stu",
            "real_name": "Stu",
            "display_name": "stu",
            "team": "T3NRU3N8L",
            "name": "stu",
            "is_restricted": false,
            "is_ultra_restricted": false
        },
        "blocks": [
            {
                "type": "rich_text",
                "block_id": "\/f\/O6",
                "elements": [
                    {
                        "type": "rich_text_section",
                        "elements": [
                            {
                                "type": "text",
                                "text": "Tonight tinkerings"
                            }
                        ]
                    }
                ]
            }
        ]
    },
    {
        "text": "",
        "files": [
            {
                "id": "F06PS36NEG7",
                "created": 1710826456,
                "timestamp": 1710826456,
                "name": "poom.png",
                "title": "poom.png",
                "mimetype": "image\/png",
                "filetype": "png",
                "pretty_type": "PNG",
                "user": "U3N3P0V89",
                "user_team": "T3NRU3N8L",
                "editable": false,
                "size": 1158696,
                "mode": "hosted",
                "is_external": false,
                "external_type": "",
                "is_public": true,
                "public_url_shared": false,
                "display_as_bot": false,
                "username": "",
                "url_private": "https:\/\/files.slack.com\/files-pri\/T3NRU3N8L-F06PS36NEG7\/poom.png?t=xoxe-124878124292-7467719047090-7480385333457-4296bbd25a5710071a4df099b64b6f19",
                "url_private_download": "https:\/\/files.slack.com\/files-pri\/T3NRU3N8L-F06PS36NEG7\/download\/poom.png?t=xoxe-124878124292-7467719047090-7480385333457-4296bbd25a5710071a4df099b64b6f19",
                "media_display_type": "unknown",
                "thumb_64": "https:\/\/files.slack.com\/files-tmb\/T3NRU3N8L-F06PS36NEG7-dd2b8a6b16\/poom_64.png?t=xoxe-124878124292-7467719047090-7480385333457-4296bbd25a5710071a4df099b64b6f19",
                "thumb_80": "https:\/\/files.slack.com\/files-tmb\/T3NRU3N8L-F06PS36NEG7-dd2b8a6b16\/poom_80.png?t=xoxe-124878124292-7467719047090-7480385333457-4296bbd25a5710071a4df099b64b6f19",
                "thumb_360": "https:\/\/files.slack.com\/files-tmb\/T3NRU3N8L-F06PS36NEG7-dd2b8a6b16\/poom_360.png?t=xoxe-124878124292-7467719047090-7480385333457-4296bbd25a5710071a4df099b64b6f19",
                "thumb_360_w": 360,
                "thumb_360_h": 193,
                "thumb_480": "https:\/\/files.slack.com\/files-tmb\/T3NRU3N8L-F06PS36NEG7-dd2b8a6b16\/poom_480.png?t=xoxe-124878124292-7467719047090-7480385333457-4296bbd25a5710071a4df099b64b6f19",
                "thumb_480_w": 480,
                "thumb_480_h": 257,
                "thumb_160": "https:\/\/files.slack.com\/files-tmb\/T3NRU3N8L-F06PS36NEG7-dd2b8a6b16\/poom_160.png?t=xoxe-124878124292-7467719047090-7480385333457-4296bbd25a5710071a4df099b64b6f19",
                "thumb_720": "https:\/\/files.slack.com\/files-tmb\/T3NRU3N8L-F06PS36NEG7-dd2b8a6b16\/poom_720.png?t=xoxe-124878124292-7467719047090-7480385333457-4296bbd25a5710071a4df099b64b6f19",
                "thumb_720_w": 720,
                "thumb_720_h": 385,
                "thumb_800": "https:\/\/files.slack.com\/files-tmb\/T3NRU3N8L-F06PS36NEG7-dd2b8a6b16\/poom_800.png?t=xoxe-124878124292-7467719047090-7480385333457-4296bbd25a5710071a4df099b64b6f19",
                "thumb_800_w": 800,
                "thumb_800_h": 428,
                "thumb_960": "https:\/\/files.slack.com\/files-tmb\/T3NRU3N8L-F06PS36NEG7-dd2b8a6b16\/poom_960.png?t=xoxe-124878124292-7467719047090-7480385333457-4296bbd25a5710071a4df099b64b6f19",
                "thumb_960_w": 960,
                "thumb_960_h": 513,
                "thumb_1024": "https:\/\/files.slack.com\/files-tmb\/T3NRU3N8L-F06PS36NEG7-dd2b8a6b16\/poom_1024.png?t=xoxe-124878124292-7467719047090-7480385333457-4296bbd25a5710071a4df099b64b6f19",
                "thumb_1024_w": 1024,
                "thumb_1024_h": 548,
                "original_w": 1077,
                "original_h": 576,
                "thumb_tiny": "AwAZADCBp8OVxzUoGeTUciqPmxSCVs9OK05rPUQSSCM8inr84zgYqJ3HBcZ+gojlyMKMDNLm1An6Cokm3PtxTg+R1pFVd3TpT5rvQSITKzA5Ipu4gjgdPSm0VJQ\/cWXHHrTFJC4pV60sn3zSAQEL0p4lYZ6ZqOimB\/\/Z",
                "permalink": "https:\/\/neohabitat.slack.com\/files\/U3N3P0V89\/F06PS36NEG7\/poom.png",
                "permalink_public": "https:\/\/slack-files.com\/T3NRU3N8L-F06PS36NEG7-7625e84c23",
                "is_starred": false,
                "has_rich_preview": false,
                "file_access": "visible"
            }
        ],
        "upload": false,
        "user": "U3N3P0V89",
        "display_as_bot": false,
        "type": "message",
        "ts": "1710826460.284929",
        "client_msg_id": "a0757e07-1561-4b7a-8fdc-1cceb2325e8d"
    },
    {
        "text": "",
        "files": [
            {
                "id": "F06Q013CDML",
                "created": 1710826477,
                "timestamp": 1710826477,
                "name": "image.png",
                "title": "image.png",
                "mimetype": "image\/png",
                "filetype": "png",
                "pretty_type": "PNG",
                "user": "U3N3P0V89",
                "user_team": "T3NRU3N8L",
                "editable": false,
                "size": 25019,
                "mode": "hosted",
                "is_external": false,
                "external_type": "",
                "is_public": true,
                "public_url_shared": false,
                "display_as_bot": false,
                "username": "",
                "url_private": "https:\/\/files.slack.com\/files-pri\/T3NRU3N8L-F06Q013CDML\/image.png?t=xoxe-124878124292-7467719047090-7480385333457-4296bbd25a5710071a4df099b64b6f19",
                "url_private_download": "https:\/\/files.slack.com\/files-pri\/T3NRU3N8L-F06Q013CDML\/download\/image.png?t=xoxe-124878124292-7467719047090-7480385333457-4296bbd25a5710071a4df099b64b6f19",
                "media_display_type": "unknown",
                "thumb_64": "https:\/\/files.slack.com\/files-tmb\/T3NRU3N8L-F06Q013CDML-07c48a2c30\/image_64.png?t=xoxe-124878124292-7467719047090-7480385333457-4296bbd25a5710071a4df099b64b6f19",
                "thumb_80": "https:\/\/files.slack.com\/files-tmb\/T3NRU3N8L-F06Q013CDML-07c48a2c30\/image_80.png?t=xoxe-124878124292-7467719047090-7480385333457-4296bbd25a5710071a4df099b64b6f19",
                "thumb_360": "https:\/\/files.slack.com\/files-tmb\/T3NRU3N8L-F06Q013CDML-07c48a2c30\/image_360.png?t=xoxe-124878124292-7467719047090-7480385333457-4296bbd25a5710071a4df099b64b6f19",
                "thumb_360_w": 360,
                "thumb_360_h": 149,
                "thumb_480": "https:\/\/files.slack.com\/files-tmb\/T3NRU3N8L-F06Q013CDML-07c48a2c30\/image_480.png?t=xoxe-124878124292-7467719047090-7480385333457-4296bbd25a5710071a4df099b64b6f19",
                "thumb_480_w": 480,
                "thumb_480_h": 198,
                "thumb_160": "https:\/\/files.slack.com\/files-tmb\/T3NRU3N8L-F06Q013CDML-07c48a2c30\/image_160.png?t=xoxe-124878124292-7467719047090-7480385333457-4296bbd25a5710071a4df099b64b6f19",
                "original_w": 647,
                "original_h": 267,
                "thumb_tiny": "AwATADCAuRkYHHtUowcZxnGcUxpFKgBqiLKZ92eMVV7ASudrYwPypU+cZIH5UxHUdT2pXkUgYP6UuYCUgAHgVEJMkDA59qFkQKAT+lKJEy3PWne4FXJoyfWkooAcrEd6TJoFJQAuTRk0lFAH\/9k=",
                "permalink": "https:\/\/neohabitat.slack.com\/files\/U3N3P0V89\/F06Q013CDML\/image.png",
                "permalink_public": "https:\/\/slack-files.com\/T3NRU3N8L-F06Q013CDML-17c650030c",
                "is_starred": false,
                "has_rich_preview": false,
                "file_access": "visible"
            }
        ],
        "upload": false,
        "user": "U3N3P0V89",
        "display_as_bot": false,
        "type": "message",
        "ts": "1710826479.226769",
        "client_msg_id": "4ec0ddda-4bcb-43f0-8cca-782a00993464"
    },
    {
        "user": "U3N3P0V89",
        "type": "message",
        "ts": "1710826521.143909",
        "client_msg_id": "db96260c-0868-4654-abb6-547ef92079a7",
        "text": "in february 1994 at least, users would exit from the hatchery into this room and into the library (during beta, they exited straight onto the island by the bbs on the beach)",
        "team": "T3NRU3N8L",
        "user_team": "T3NRU3N8L",
        "source_team": "T3NRU3N8L",
        "user_profile": {
            "avatar_hash": "6dcfc9e0d4c7",
            "image_72": "https:\/\/avatars.slack-edge.com\/2017-06-07\/195047001686_6dcfc9e0d4c71e750732_72.png",
            "first_name": "Stu",
            "real_name": "Stu",
            "display_name": "stu",
            "team": "T3NRU3N8L",
            "name": "stu",
            "is_restricted": false,
            "is_ultra_restricted": false
        },
        "blocks": [
            {
                "type": "rich_text",
                "block_id": "sFbvG",
                "elements": [
                    {
                        "type": "rich_text_section",
                        "elements": [
                            {
                                "type": "text",
                                "text": "in february 1994 at least, users would exit from the hatchery into this room and into the library (during beta, they exited straight onto the island by the bbs on the beach)"
                            }
                        ]
                    }
                ]
            }
        ]
    },
    {
        "user": "U3N3P0V89",
        "type": "message",
        "ts": "1710826561.320649",
        "edited": {
            "user": "U3N3P0V89",
            "ts": "1710877157.000000"
        },
        "client_msg_id": "bf6ef212-b564-4645-8160-6f7981830a96",
        "text": "i'm working on trying to restore the original region flow as minimally as possible so you could bring up the caribe regions from my repo and at least walk around what has currently been completed. By minimally as possible, I mean the least amount of regions needed to reach the already built caribe regions I have.",
        "team": "T3NRU3N8L",
        "user_team": "T3NRU3N8L",
        "source_team": "T3NRU3N8L",
        "user_profile": {
            "avatar_hash": "6dcfc9e0d4c7",
            "image_72": "https:\/\/avatars.slack-edge.com\/2017-06-07\/195047001686_6dcfc9e0d4c71e750732_72.png",
            "first_name": "Stu",
            "real_name": "Stu",
            "display_name": "stu",
            "team": "T3NRU3N8L",
            "name": "stu",
            "is_restricted": false,
            "is_ultra_restricted": false
        },
        "blocks": [
            {
                "type": "rich_text",
                "block_id": "4HuXa",
                "elements": [
                    {
                        "type": "rich_text_section",
                        "elements": [
                            {
                                "type": "text",
                                "text": "i'm working on trying to restore the original region flow as minimally as possible so you could bring up the caribe regions from my repo and at least walk around what has currently been completed. By minimally as possible, I mean the least amount of regions needed to reach the already built caribe regions I have."
                            }
                        ]
                    }
                ]
            }
        ]
    },
    {
        "user": "U3N3P0V89",
        "type": "message",
        "ts": "1710826587.823099",
        "client_msg_id": "b087f53b-bd6c-485f-8250-df9567f91dec",
        "text": "plaque text isn't hooked up for those plaques on the wall yet, but the text does exist in the documentary to recreate it from",
        "team": "T3NRU3N8L",
        "user_team": "T3NRU3N8L",
        "source_team": "T3NRU3N8L",
        "user_profile": {
            "avatar_hash": "6dcfc9e0d4c7",
            "image_72": "https:\/\/avatars.slack-edge.com\/2017-06-07\/195047001686_6dcfc9e0d4c71e750732_72.png",
            "first_name": "Stu",
            "real_name": "Stu",
            "display_name": "stu",
            "team": "T3NRU3N8L",
            "name": "stu",
            "is_restricted": false,
            "is_ultra_restricted": false
        },
        "blocks": [
            {
                "type": "rich_text",
                "block_id": "Lbwdl",
                "elements": [
                    {
                        "type": "rich_text_section",
                        "elements": [
                            {
                                "type": "text",
                                "text": "plaque text isn't hooked up for those plaques on the wall yet, but the text does exist in the documentary to recreate it from"
                            }
                        ]
                    }
                ]
            }
        ]
    }
]