[
    {
        "user": "U3N3P0V89",
        "type": "message",
        "ts": "1710950989.828709",
        "client_msg_id": "674900e9-bbba-4930-bde2-f127be98f4bd",
        "text": "Pushed the rest of the library regions I shared in here. Next on the docket is the following one, which will then link up to the pre-existing stuff I created 6 years ago when I first started on the project thanks to the teleporter",
        "team": "T3NRU3N8L",
        "user_team": "T3NRU3N8L",
        "source_team": "T3NRU3N8L",
        "user_profile": {
            "avatar_hash": "6dcfc9e0d4c7",
            "image_72": "https:\/\/avatars.slack-edge.com\/2017-06-07\/195047001686_6dcfc9e0d4c71e750732_72.png",
            "first_name": "Stu",
            "real_name": "Stu",
            "display_name": "stu",
            "team": "T3NRU3N8L",
            "name": "stu",
            "is_restricted": false,
            "is_ultra_restricted": false
        },
        "blocks": [
            {
                "type": "rich_text",
                "block_id": "k8BqY",
                "elements": [
                    {
                        "type": "rich_text_section",
                        "elements": [
                            {
                                "type": "text",
                                "text": "Pushed the rest of the library regions I shared in here. Next on the docket is the following one, which will then link up to the pre-existing stuff I created 6 years ago when I first started on the project thanks to the teleporter"
                            }
                        ]
                    }
                ]
            }
        ]
    },
    {
        "text": "",
        "files": [
            {
                "id": "F06Q2KD7747",
                "created": 1710951035,
                "timestamp": 1710951035,
                "name": "image.png",
                "title": "image.png",
                "mimetype": "image\/png",
                "filetype": "png",
                "pretty_type": "PNG",
                "user": "U3N3P0V89",
                "user_team": "T3NRU3N8L",
                "editable": false,
                "size": 359404,
                "mode": "hosted",
                "is_external": false,
                "external_type": "",
                "is_public": true,
                "public_url_shared": false,
                "display_as_bot": false,
                "username": "",
                "url_private": "https:\/\/files.slack.com\/files-pri\/T3NRU3N8L-F06Q2KD7747\/image.png?t=xoxe-124878124292-7467719047090-7480385333457-4296bbd25a5710071a4df099b64b6f19",
                "url_private_download": "https:\/\/files.slack.com\/files-pri\/T3NRU3N8L-F06Q2KD7747\/download\/image.png?t=xoxe-124878124292-7467719047090-7480385333457-4296bbd25a5710071a4df099b64b6f19",
                "media_display_type": "unknown",
                "thumb_64": "https:\/\/files.slack.com\/files-tmb\/T3NRU3N8L-F06Q2KD7747-1c5a3609d0\/image_64.png?t=xoxe-124878124292-7467719047090-7480385333457-4296bbd25a5710071a4df099b64b6f19",
                "thumb_80": "https:\/\/files.slack.com\/files-tmb\/T3NRU3N8L-F06Q2KD7747-1c5a3609d0\/image_80.png?t=xoxe-124878124292-7467719047090-7480385333457-4296bbd25a5710071a4df099b64b6f19",
                "thumb_360": "https:\/\/files.slack.com\/files-tmb\/T3NRU3N8L-F06Q2KD7747-1c5a3609d0\/image_360.png?t=xoxe-124878124292-7467719047090-7480385333457-4296bbd25a5710071a4df099b64b6f19",
                "thumb_360_w": 360,
                "thumb_360_h": 191,
                "thumb_480": "https:\/\/files.slack.com\/files-tmb\/T3NRU3N8L-F06Q2KD7747-1c5a3609d0\/image_480.png?t=xoxe-124878124292-7467719047090-7480385333457-4296bbd25a5710071a4df099b64b6f19",
                "thumb_480_w": 480,
                "thumb_480_h": 255,
                "thumb_160": "https:\/\/files.slack.com\/files-tmb\/T3NRU3N8L-F06Q2KD7747-1c5a3609d0\/image_160.png?t=xoxe-124878124292-7467719047090-7480385333457-4296bbd25a5710071a4df099b64b6f19",
                "original_w": 649,
                "original_h": 345,
                "thumb_tiny": "AwAZADCvaf6z8KVJIVyHi3HnnPvSWp\/eH6VE33j9TS6DJjJbjjyzk+1Bkg7Rn8qrN95fr\/WlxiQgZ4piLQeIuvlxlTnOfbHSopgS5cd\/0pIf9atE7FZXUdBS6DHwyLESSgbPqelMfDOWC7QT0HaiigGiLa2c8UoU5zjB9qkopgLGwR9xXdx0NSysJIX2xR5A5OOagp6\/cf6UAf\/Z",
                "permalink": "https:\/\/neohabitat.slack.com\/files\/U3N3P0V89\/F06Q2KD7747\/image.png",
                "permalink_public": "https:\/\/slack-files.com\/T3NRU3N8L-F06Q2KD7747-cdaf714794",
                "is_starred": false,
                "has_rich_preview": false,
                "file_access": "visible"
            }
        ],
        "upload": false,
        "user": "U3N3P0V89",
        "display_as_bot": false,
        "type": "message",
        "ts": "1710951036.654019",
        "client_msg_id": "9b1b142e-c4a5-449c-9226-d5644767cf7b"
    },
    {
        "user": "U3N3P0V89",
        "type": "message",
        "ts": "1710951049.560649",
        "client_msg_id": "ea10da24-1824-4b76-9c5f-c93eb1da4135",
        "text": "Luckily, this region is just a retrofitted version of the Popustop entrance from Habitat so it'll be easy to recreate",
        "team": "T3NRU3N8L",
        "user_team": "T3NRU3N8L",
        "source_team": "T3NRU3N8L",
        "user_profile": {
            "avatar_hash": "6dcfc9e0d4c7",
            "image_72": "https:\/\/avatars.slack-edge.com\/2017-06-07\/195047001686_6dcfc9e0d4c71e750732_72.png",
            "first_name": "Stu",
            "real_name": "Stu",
            "display_name": "stu",
            "team": "T3NRU3N8L",
            "name": "stu",
            "is_restricted": false,
            "is_ultra_restricted": false
        },
        "blocks": [
            {
                "type": "rich_text",
                "block_id": "8Ri85",
                "elements": [
                    {
                        "type": "rich_text_section",
                        "elements": [
                            {
                                "type": "text",
                                "text": "Luckily, this region is just a retrofitted version of the Popustop entrance from Habitat so it'll be easy to recreate"
                            }
                        ]
                    }
                ]
            }
        ]
    },
    {
        "text": "",
        "files": [
            {
                "id": "F06QKL8NN3E",
                "created": 1710951066,
                "timestamp": 1710951066,
                "name": "image.png",
                "title": "image.png",
                "mimetype": "image\/png",
                "filetype": "png",
                "pretty_type": "PNG",
                "user": "U3N3P0V89",
                "user_team": "T3NRU3N8L",
                "editable": false,
                "size": 141457,
                "mode": "hosted",
                "is_external": false,
                "external_type": "",
                "is_public": true,
                "public_url_shared": false,
                "display_as_bot": false,
                "username": "",
                "url_private": "https:\/\/files.slack.com\/files-pri\/T3NRU3N8L-F06QKL8NN3E\/image.png?t=xoxe-124878124292-7467719047090-7480385333457-4296bbd25a5710071a4df099b64b6f19",
                "url_private_download": "https:\/\/files.slack.com\/files-pri\/T3NRU3N8L-F06QKL8NN3E\/download\/image.png?t=xoxe-124878124292-7467719047090-7480385333457-4296bbd25a5710071a4df099b64b6f19",
                "media_display_type": "unknown",
                "thumb_64": "https:\/\/files.slack.com\/files-tmb\/T3NRU3N8L-F06QKL8NN3E-c3baf56a1b\/image_64.png?t=xoxe-124878124292-7467719047090-7480385333457-4296bbd25a5710071a4df099b64b6f19",
                "thumb_80": "https:\/\/files.slack.com\/files-tmb\/T3NRU3N8L-F06QKL8NN3E-c3baf56a1b\/image_80.png?t=xoxe-124878124292-7467719047090-7480385333457-4296bbd25a5710071a4df099b64b6f19",
                "thumb_360": "https:\/\/files.slack.com\/files-tmb\/T3NRU3N8L-F06QKL8NN3E-c3baf56a1b\/image_360.png?t=xoxe-124878124292-7467719047090-7480385333457-4296bbd25a5710071a4df099b64b6f19",
                "thumb_360_w": 360,
                "thumb_360_h": 145,
                "thumb_480": "https:\/\/files.slack.com\/files-tmb\/T3NRU3N8L-F06QKL8NN3E-c3baf56a1b\/image_480.png?t=xoxe-124878124292-7467719047090-7480385333457-4296bbd25a5710071a4df099b64b6f19",
                "thumb_480_w": 480,
                "thumb_480_h": 193,
                "thumb_160": "https:\/\/files.slack.com\/files-tmb\/T3NRU3N8L-F06QKL8NN3E-c3baf56a1b\/image_160.png?t=xoxe-124878124292-7467719047090-7480385333457-4296bbd25a5710071a4df099b64b6f19",
                "original_w": 640,
                "original_h": 257,
                "thumb_tiny": "AwATADCGD\/WiiRgHYbR160tuuZeoGB3OKSdcStyD3yDmruVoReaM42jNAkB6KKi3AE470qsGcHoaVySzEcyLwBzRN\/rWogGZl5A+pxS3C4lPIOeeDmi5Q3FGKKKkkhnHSnQj5Pxps\/8ADTofuH60ASYoxRRQB\/\/Z",
                "permalink": "https:\/\/neohabitat.slack.com\/files\/U3N3P0V89\/F06QKL8NN3E\/image.png",
                "permalink_public": "https:\/\/slack-files.com\/T3NRU3N8L-F06QKL8NN3E-fe47be5944",
                "is_starred": false,
                "has_rich_preview": false,
                "file_access": "visible"
            }
        ],
        "upload": false,
        "user": "U3N3P0V89",
        "display_as_bot": false,
        "type": "message",
        "ts": "1710951068.343129",
        "client_msg_id": "b473688d-53db-43ab-a96a-b3ea9adbf96a"
    },
    {
        "user": "U3N3P0V89",
        "type": "message",
        "ts": "1710951069.454689",
        "client_msg_id": "055f5c9f-f586-4d30-893c-afff2f35472b",
        "text": "For comparison",
        "team": "T3NRU3N8L",
        "user_team": "T3NRU3N8L",
        "source_team": "T3NRU3N8L",
        "user_profile": {
            "avatar_hash": "6dcfc9e0d4c7",
            "image_72": "https:\/\/avatars.slack-edge.com\/2017-06-07\/195047001686_6dcfc9e0d4c71e750732_72.png",
            "first_name": "Stu",
            "real_name": "Stu",
            "display_name": "stu",
            "team": "T3NRU3N8L",
            "name": "stu",
            "is_restricted": false,
            "is_ultra_restricted": false
        },
        "blocks": [
            {
                "type": "rich_text",
                "block_id": "ZuX3e",
                "elements": [
                    {
                        "type": "rich_text_section",
                        "elements": [
                            {
                                "type": "text",
                                "text": "For comparison"
                            }
                        ]
                    }
                ]
            }
        ]
    },
    {
        "user": "U3N3P0V89",
        "type": "message",
        "ts": "1710951125.531159",
        "client_msg_id": "f84605ac-0ae1-4edc-a0fa-a27200599152",
        "text": "<https:\/\/github.com\/StuBlad\/clubcaribe\/commit\/22c89d16e99387be4f7131cd7ffd1edb269b82e7>",
        "team": "T3NRU3N8L",
        "user_team": "T3NRU3N8L",
        "source_team": "T3NRU3N8L",
        "user_profile": {
            "avatar_hash": "6dcfc9e0d4c7",
            "image_72": "https:\/\/avatars.slack-edge.com\/2017-06-07\/195047001686_6dcfc9e0d4c71e750732_72.png",
            "first_name": "Stu",
            "real_name": "Stu",
            "display_name": "stu",
            "team": "T3NRU3N8L",
            "name": "stu",
            "is_restricted": false,
            "is_ultra_restricted": false
        },
        "blocks": [
            {
                "type": "rich_text",
                "block_id": "2N3WL",
                "elements": [
                    {
                        "type": "rich_text_section",
                        "elements": [
                            {
                                "type": "link",
                                "url": "https:\/\/github.com\/StuBlad\/clubcaribe\/commit\/22c89d16e99387be4f7131cd7ffd1edb269b82e7"
                            }
                        ]
                    }
                ]
            }
        ]
    },
    {
        "user": "U3N3P0V89",
        "type": "message",
        "ts": "1710962855.923049",
        "client_msg_id": "9e523ee0-18c2-4479-875e-9e57b3953f57",
        "text": "Finished this",
        "team": "T3NRU3N8L",
        "user_team": "T3NRU3N8L",
        "source_team": "T3NRU3N8L",
        "user_profile": {
            "avatar_hash": "6dcfc9e0d4c7",
            "image_72": "https:\/\/avatars.slack-edge.com\/2017-06-07\/195047001686_6dcfc9e0d4c71e750732_72.png",
            "first_name": "Stu",
            "real_name": "Stu",
            "display_name": "stu",
            "team": "T3NRU3N8L",
            "name": "stu",
            "is_restricted": false,
            "is_ultra_restricted": false
        },
        "blocks": [
            {
                "type": "rich_text",
                "block_id": "DCJYS",
                "elements": [
                    {
                        "type": "rich_text_section",
                        "elements": [
                            {
                                "type": "text",
                                "text": "Finished this"
                            }
                        ]
                    }
                ]
            }
        ]
    },
    {
        "text": "",
        "files": [
            {
                "id": "F06QJJDGFSN",
                "created": 1710962856,
                "timestamp": 1710962856,
                "name": "image.png",
                "title": "image.png",
                "mimetype": "image\/png",
                "filetype": "png",
                "pretty_type": "PNG",
                "user": "U3N3P0V89",
                "user_team": "T3NRU3N8L",
                "editable": false,
                "size": 18696,
                "mode": "hosted",
                "is_external": false,
                "external_type": "",
                "is_public": true,
                "public_url_shared": false,
                "display_as_bot": false,
                "username": "",
                "url_private": "https:\/\/files.slack.com\/files-pri\/T3NRU3N8L-F06QJJDGFSN\/image.png?t=xoxe-124878124292-7467719047090-7480385333457-4296bbd25a5710071a4df099b64b6f19",
                "url_private_download": "https:\/\/files.slack.com\/files-pri\/T3NRU3N8L-F06QJJDGFSN\/download\/image.png?t=xoxe-124878124292-7467719047090-7480385333457-4296bbd25a5710071a4df099b64b6f19",
                "media_display_type": "unknown",
                "thumb_64": "https:\/\/files.slack.com\/files-tmb\/T3NRU3N8L-F06QJJDGFSN-77b8083b27\/image_64.png?t=xoxe-124878124292-7467719047090-7480385333457-4296bbd25a5710071a4df099b64b6f19",
                "thumb_80": "https:\/\/files.slack.com\/files-tmb\/T3NRU3N8L-F06QJJDGFSN-77b8083b27\/image_80.png?t=xoxe-124878124292-7467719047090-7480385333457-4296bbd25a5710071a4df099b64b6f19",
                "thumb_360": "https:\/\/files.slack.com\/files-tmb\/T3NRU3N8L-F06QJJDGFSN-77b8083b27\/image_360.png?t=xoxe-124878124292-7467719047090-7480385333457-4296bbd25a5710071a4df099b64b6f19",
                "thumb_360_w": 360,
                "thumb_360_h": 169,
                "thumb_480": "https:\/\/files.slack.com\/files-tmb\/T3NRU3N8L-F06QJJDGFSN-77b8083b27\/image_480.png?t=xoxe-124878124292-7467719047090-7480385333457-4296bbd25a5710071a4df099b64b6f19",
                "thumb_480_w": 480,
                "thumb_480_h": 225,
                "thumb_160": "https:\/\/files.slack.com\/files-tmb\/T3NRU3N8L-F06QJJDGFSN-77b8083b27\/image_160.png?t=xoxe-124878124292-7467719047090-7480385333457-4296bbd25a5710071a4df099b64b6f19",
                "thumb_720": "https:\/\/files.slack.com\/files-tmb\/T3NRU3N8L-F06QJJDGFSN-77b8083b27\/image_720.png?t=xoxe-124878124292-7467719047090-7480385333457-4296bbd25a5710071a4df099b64b6f19",
                "thumb_720_w": 720,
                "thumb_720_h": 337,
                "thumb_800": "https:\/\/files.slack.com\/files-tmb\/T3NRU3N8L-F06QJJDGFSN-77b8083b27\/image_800.png?t=xoxe-124878124292-7467719047090-7480385333457-4296bbd25a5710071a4df099b64b6f19",
                "thumb_800_w": 800,
                "thumb_800_h": 375,
                "thumb_960": "https:\/\/files.slack.com\/files-tmb\/T3NRU3N8L-F06QJJDGFSN-77b8083b27\/image_960.png?t=xoxe-124878124292-7467719047090-7480385333457-4296bbd25a5710071a4df099b64b6f19",
                "thumb_960_w": 960,
                "thumb_960_h": 449,
                "thumb_1024": "https:\/\/files.slack.com\/files-tmb\/T3NRU3N8L-F06QJJDGFSN-77b8083b27\/image_1024.png?t=xoxe-124878124292-7467719047090-7480385333457-4296bbd25a5710071a4df099b64b6f19",
                "thumb_1024_w": 1024,
                "thumb_1024_h": 479,
                "original_w": 1211,
                "original_h": 567,
                "thumb_tiny": "AwAWADB0N40jlSigD3NKt2SvLRL7Emqtt\/rW+lQnqam4zR+1HBw0X5n\/ABo+1lTw0X5n\/GszvycegoHXg5WrsI1PtrbgN0TZOOM\/nTG1CQPgIuM8GqcPMoz70kj7ZSo6Zqdxk8bSxFvLKjPXimMjOxZtpJ5NSHqaKYFf7Of71AtyDnNWKKAGIHjbcpUHGKsFnkicM2cY4x71FUq\/cf8AD+dAH\/\/Z",
                "permalink": "https:\/\/neohabitat.slack.com\/files\/U3N3P0V89\/F06QJJDGFSN\/image.png",
                "permalink_public": "https:\/\/slack-files.com\/T3NRU3N8L-F06QJJDGFSN-9d92e11eb3",
                "is_starred": false,
                "has_rich_preview": false,
                "file_access": "visible"
            }
        ],
        "upload": false,
        "user": "U3N3P0V89",
        "display_as_bot": false,
        "type": "message",
        "ts": "1710962858.314389",
        "client_msg_id": "a40398b8-6bea-4f84-b097-8e443c890a50"
    },
    {
        "user": "U3N3P0V89",
        "type": "message",
        "ts": "1710962924.166579",
        "client_msg_id": "027a4e94-9fbb-4637-bad0-180b11079220",
        "text": "Porter name is CC-Library. There's also the Shops porter so the 1994 hatchery sequence can finally link up to the rest of the stuff I built out.\n\nTo the right of this region is the Info region, which I have a beta version of built out but I'm not sure if they are the same region. I've asked a former Cariber if they can verify that for me before linking them up.\n\nThis opens a lot more of the Island up though.",
        "team": "T3NRU3N8L",
        "user_team": "T3NRU3N8L",
        "source_team": "T3NRU3N8L",
        "user_profile": {
            "avatar_hash": "6dcfc9e0d4c7",
            "image_72": "https:\/\/avatars.slack-edge.com\/2017-06-07\/195047001686_6dcfc9e0d4c71e750732_72.png",
            "first_name": "Stu",
            "real_name": "Stu",
            "display_name": "stu",
            "team": "T3NRU3N8L",
            "name": "stu",
            "is_restricted": false,
            "is_ultra_restricted": false
        },
        "blocks": [
            {
                "type": "rich_text",
                "block_id": "Zes3k",
                "elements": [
                    {
                        "type": "rich_text_section",
                        "elements": [
                            {
                                "type": "text",
                                "text": "Porter name is CC-Library. There's also the Shops porter so the 1994 hatchery sequence can finally link up to the rest of the stuff I built out.\n\nTo the right of this region is the Info region, which I have a beta version of built out but I'm not sure if they are the same region. I've asked a former Cariber if they can verify that for me before linking them up.\n\nThis opens a lot more of the Island up though."
                            }
                        ]
                    }
                ]
            }
        ]
    }
]