[
    {
        "subtype": "channel_join",
        "user": "U3N3TBZPT",
        "text": "<@U3N3TBZPT> has joined the channel",
        "type": "message",
        "ts": "1503259326.000067"
    },
    {
        "subtype": "channel_join",
        "user": "U3N3P0V89",
        "text": "<@U3N3P0V89> has joined the channel",
        "inviter": "U3N3TBZPT",
        "type": "message",
        "ts": "1503259327.000069"
    },
    {
        "subtype": "channel_join",
        "user": "U3NS4Q413",
        "text": "<@U3NS4Q413> has joined the channel",
        "inviter": "U3N3TBZPT",
        "type": "message",
        "ts": "1503259327.000083"
    },
    {
        "subtype": "channel_join",
        "user": "U6S2J877H",
        "text": "<@U6S2J877H> has joined the channel",
        "inviter": "U3N3TBZPT",
        "type": "message",
        "ts": "1503259327.000096"
    },
    {
        "subtype": "channel_join",
        "user": "U5N7TPY2F",
        "text": "<@U5N7TPY2F> has joined the channel",
        "inviter": "U3N3TBZPT",
        "type": "message",
        "ts": "1503259327.000110"
    },
    {
        "subtype": "channel_join",
        "user": "U5UH4SM0Q",
        "text": "<@U5UH4SM0Q> has joined the channel",
        "inviter": "U3N3TBZPT",
        "type": "message",
        "ts": "1503259327.000118"
    },
    {
        "subtype": "channel_join",
        "user": "U41BJADGU",
        "text": "<@U41BJADGU> has joined the channel",
        "inviter": "U3N3TBZPT",
        "type": "message",
        "ts": "1503259327.000126"
    },
    {
        "subtype": "channel_join",
        "user": "U42TSUYKS",
        "text": "<@U42TSUYKS> has joined the channel",
        "inviter": "U3N3TBZPT",
        "type": "message",
        "ts": "1503259327.000132"
    },
    {
        "subtype": "channel_join",
        "user": "U3NSHCBNH",
        "text": "<@U3NSHCBNH> has joined the channel",
        "inviter": "U3N3TBZPT",
        "type": "message",
        "ts": "1503259328.000004"
    },
    {
        "user": "U3N3P0V89",
        "type": "message",
        "ts": "1503259533.000049",
        "text": "awesome",
        "team": "T3NRU3N8L",
        "user_team": "T3NRU3N8L",
        "source_team": "T3NRU3N8L",
        "user_profile": {
            "avatar_hash": "6dcfc9e0d4c7",
            "image_72": "https:\/\/avatars.slack-edge.com\/2017-06-07\/195047001686_6dcfc9e0d4c71e750732_72.png",
            "first_name": "Stu",
            "real_name": "Stu",
            "display_name": "stu",
            "team": "T3NRU3N8L",
            "name": "stu",
            "is_restricted": false,
            "is_ultra_restricted": false
        },
        "blocks": [
            {
                "type": "rich_text",
                "block_id": "ayM",
                "elements": [
                    {
                        "type": "rich_text_section",
                        "elements": [
                            {
                                "type": "text",
                                "text": "awesome"
                            }
                        ]
                    }
                ]
            }
        ]
    },
    {
        "user": "U6S2J877H",
        "type": "message",
        "ts": "1503260054.000045",
        "text": "Nice, can't wait to meet up at some point. I plan on inviting my friends here too, they're also pretty interested in coming on and exploring I think.",
        "team": "T3NRU3N8L",
        "user_team": "T3NRU3N8L",
        "source_team": "T3NRU3N8L",
        "user_profile": {
            "avatar_hash": "g4b56c34c67c",
            "image_72": "https:\/\/secure.gravatar.com\/avatar\/a4b56c34c67c5c5a061840f90fa42b95.jpg?s=72&d=https%3A%2F%2Fa.slack-edge.com%2Fdf10d%2Fimg%2Favatars%2Fava_0021-72.png",
            "first_name": "Stig",
            "real_name": "Stig Andr",
            "display_name": "stigandr",
            "team": "T3NRU3N8L",
            "name": "stigandr",
            "is_restricted": false,
            "is_ultra_restricted": false
        },
        "blocks": [
            {
                "type": "rich_text",
                "block_id": "HWPc4",
                "elements": [
                    {
                        "type": "rich_text_section",
                        "elements": [
                            {
                                "type": "text",
                                "text": "Nice, can't wait to meet up at some point. I plan on inviting my friends here too, they're also pretty interested in coming on and exploring I think."
                            }
                        ]
                    }
                ]
            }
        ]
    },
    {
        "user": "U3N3TBZPT",
        "type": "message",
        "ts": "1503261999.000041",
        "text": "hey folks, just wanted to set up a room for discussing some in-world events, keep an eye out for a standup soon",
        "team": "T3NRU3N8L",
        "user_team": "T3NRU3N8L",
        "source_team": "T3NRU3N8L",
        "user_profile": {
            "avatar_hash": "g96f16513098",
            "image_72": "https:\/\/secure.gravatar.com\/avatar\/296f1651309839191e53ca51b0cca0cc.jpg?s=72&d=https%3A%2F%2Fa.slack-edge.com%2Fdf10d%2Fimg%2Favatars%2Fava_0001-72.png",
            "first_name": "Steve",
            "real_name": "Steve Salevan",
            "display_name": "steve",
            "team": "T3NRU3N8L",
            "name": "steve",
            "is_restricted": false,
            "is_ultra_restricted": false
        },
        "blocks": [
            {
                "type": "rich_text",
                "block_id": "Jmq",
                "elements": [
                    {
                        "type": "rich_text_section",
                        "elements": [
                            {
                                "type": "text",
                                "text": "hey folks, just wanted to set up a room for discussing some in-world events, keep an eye out for a standup soon"
                            }
                        ]
                    }
                ]
            }
        ],
        "reactions": [
            {
                "name": "+1::skin-tone-3",
                "users": [
                    "U3N3P0V89",
                    "U6S2J877H",
                    "U62F70NS1"
                ],
                "count": 3
            },
            {
                "name": "+1",
                "users": [
                    "U42TSUYKS",
                    "U6S2J877H"
                ],
                "count": 2
            }
        ]
    }
]