[
    {
        "user": "U9AAG29UZ",
        "type": "message",
        "ts": "1519250494.000331",
        "text": "Do we have enough current users to maybe try setting up Friday night trivia?",
        "team": "T3NRU3N8L",
        "user_team": "T3NRU3N8L",
        "source_team": "T3NRU3N8L",
        "user_profile": {
            "avatar_hash": "gb17af066585",
            "image_72": "https:\/\/secure.gravatar.com\/avatar\/cb17af0665852e16d3b62c0a64a9da39.jpg?s=72&d=https%3A%2F%2Fa.slack-edge.com%2Fdf10d%2Fimg%2Favatars%2Fava_0009-72.png",
            "first_name": "",
            "real_name": "mold",
            "display_name": "mold",
            "team": "T3NRU3N8L",
            "name": "musicalmaxwell",
            "is_restricted": false,
            "is_ultra_restricted": false
        },
        "blocks": [
            {
                "type": "rich_text",
                "block_id": "+AtdQ",
                "elements": [
                    {
                        "type": "rich_text_section",
                        "elements": [
                            {
                                "type": "text",
                                "text": "Do we have enough current users to maybe try setting up Friday night trivia?"
                            }
                        ]
                    }
                ]
            }
        ]
    },
    {
        "user": "U3N3P0V89",
        "type": "message",
        "ts": "1519252804.000050",
        "text": "not sure, we have a few people scattered all over different timezones though",
        "team": "T3NRU3N8L",
        "user_team": "T3NRU3N8L",
        "source_team": "T3NRU3N8L",
        "user_profile": {
            "avatar_hash": "6dcfc9e0d4c7",
            "image_72": "https:\/\/avatars.slack-edge.com\/2017-06-07\/195047001686_6dcfc9e0d4c71e750732_72.png",
            "first_name": "Stu",
            "real_name": "Stu",
            "display_name": "stu",
            "team": "T3NRU3N8L",
            "name": "stu",
            "is_restricted": false,
            "is_ultra_restricted": false
        },
        "blocks": [
            {
                "type": "rich_text",
                "block_id": "G7N8",
                "elements": [
                    {
                        "type": "rich_text_section",
                        "elements": [
                            {
                                "type": "text",
                                "text": "not sure, we have a few people scattered all over different timezones though"
                            }
                        ]
                    }
                ]
            }
        ]
    },
    {
        "text": "<@U3N3P0V89> uploaded a file: <https:\/\/neohabitat.slack.com\/files\/U3N3P0V89\/F9C5W9TUG\/image.png|image.png>",
        "files": [
            {
                "id": "F9C5W9TUG",
                "created": 1519253567,
                "timestamp": 1519253567,
                "name": "image.png",
                "title": "image.png",
                "mimetype": "image\/png",
                "filetype": "png",
                "pretty_type": "PNG",
                "user": "U3N3P0V89",
                "user_team": "T3NRU3N8L",
                "editable": false,
                "size": 24352,
                "mode": "hosted",
                "is_external": false,
                "external_type": "",
                "is_public": true,
                "public_url_shared": false,
                "display_as_bot": false,
                "username": "",
                "url_private": "https:\/\/files.slack.com\/files-pri\/T3NRU3N8L-F9C5W9TUG\/image.png?t=xoxe-124878124292-7467719047090-7480385333457-4296bbd25a5710071a4df099b64b6f19",
                "url_private_download": "https:\/\/files.slack.com\/files-pri\/T3NRU3N8L-F9C5W9TUG\/download\/image.png?t=xoxe-124878124292-7467719047090-7480385333457-4296bbd25a5710071a4df099b64b6f19",
                "media_display_type": "unknown",
                "thumb_64": "https:\/\/files.slack.com\/files-tmb\/T3NRU3N8L-F9C5W9TUG-f4399eea7f\/image_64.png?t=xoxe-124878124292-7467719047090-7480385333457-4296bbd25a5710071a4df099b64b6f19",
                "thumb_80": "https:\/\/files.slack.com\/files-tmb\/T3NRU3N8L-F9C5W9TUG-f4399eea7f\/image_80.png?t=xoxe-124878124292-7467719047090-7480385333457-4296bbd25a5710071a4df099b64b6f19",
                "thumb_360": "https:\/\/files.slack.com\/files-tmb\/T3NRU3N8L-F9C5W9TUG-f4399eea7f\/image_360.png?t=xoxe-124878124292-7467719047090-7480385333457-4296bbd25a5710071a4df099b64b6f19",
                "thumb_360_w": 360,
                "thumb_360_h": 318,
                "thumb_480": "https:\/\/files.slack.com\/files-tmb\/T3NRU3N8L-F9C5W9TUG-f4399eea7f\/image_480.png?t=xoxe-124878124292-7467719047090-7480385333457-4296bbd25a5710071a4df099b64b6f19",
                "thumb_480_w": 480,
                "thumb_480_h": 424,
                "thumb_160": "https:\/\/files.slack.com\/files-tmb\/T3NRU3N8L-F9C5W9TUG-f4399eea7f\/image_160.png?t=xoxe-124878124292-7467719047090-7480385333457-4296bbd25a5710071a4df099b64b6f19",
                "thumb_720": "https:\/\/files.slack.com\/files-tmb\/T3NRU3N8L-F9C5W9TUG-f4399eea7f\/image_720.png?t=xoxe-124878124292-7467719047090-7480385333457-4296bbd25a5710071a4df099b64b6f19",
                "thumb_720_w": 720,
                "thumb_720_h": 636,
                "image_exif_rotation": 1,
                "original_w": 722,
                "original_h": 638,
                "permalink": "https:\/\/neohabitat.slack.com\/files\/U3N3P0V89\/F9C5W9TUG\/image.png",
                "permalink_public": "https:\/\/slack-files.com\/T3NRU3N8L-F9C5W9TUG-8aff6c4b0a",
                "is_starred": false,
                "has_rich_preview": false,
                "file_access": "visible"
            }
        ],
        "upload": true,
        "user": "U3N3P0V89",
        "display_as_bot": false,
        "blocks": [
            {
                "type": "rich_text",
                "block_id": "3CtQ",
                "elements": [
                    {
                        "type": "rich_text_section",
                        "elements": [
                            {
                                "type": "user",
                                "user_id": "U3N3P0V89"
                            },
                            {
                                "type": "text",
                                "text": " uploaded a file: "
                            },
                            {
                                "type": "link",
                                "url": "https:\/\/neohabitat.slack.com\/files\/U3N3P0V89\/F9C5W9TUG\/image.png",
                                "text": "image.png",
                                "unsafe": true
                            }
                        ]
                    }
                ]
            }
        ],
        "type": "message",
        "ts": "1519253571.000481"
    },
    {
        "user": "U3N3P0V89",
        "type": "message",
        "ts": "1519253573.000049",
        "text": "we have the perfect region for it though!",
        "team": "T3NRU3N8L",
        "user_team": "T3NRU3N8L",
        "source_team": "T3NRU3N8L",
        "user_profile": {
            "avatar_hash": "6dcfc9e0d4c7",
            "image_72": "https:\/\/avatars.slack-edge.com\/2017-06-07\/195047001686_6dcfc9e0d4c71e750732_72.png",
            "first_name": "Stu",
            "real_name": "Stu",
            "display_name": "stu",
            "team": "T3NRU3N8L",
            "name": "stu",
            "is_restricted": false,
            "is_ultra_restricted": false
        },
        "blocks": [
            {
                "type": "rich_text",
                "block_id": "CUM",
                "elements": [
                    {
                        "type": "rich_text_section",
                        "elements": [
                            {
                                "type": "text",
                                "text": "we have the perfect region for it though!"
                            }
                        ]
                    }
                ]
            }
        ]
    },
    {
        "user": "U9AAG29UZ",
        "type": "message",
        "ts": "1519253694.000109",
        "text": "Awesome :smile: I think I was near that area the other day",
        "team": "T3NRU3N8L",
        "user_team": "T3NRU3N8L",
        "source_team": "T3NRU3N8L",
        "user_profile": {
            "avatar_hash": "gb17af066585",
            "image_72": "https:\/\/secure.gravatar.com\/avatar\/cb17af0665852e16d3b62c0a64a9da39.jpg?s=72&d=https%3A%2F%2Fa.slack-edge.com%2Fdf10d%2Fimg%2Favatars%2Fava_0009-72.png",
            "first_name": "",
            "real_name": "mold",
            "display_name": "mold",
            "team": "T3NRU3N8L",
            "name": "musicalmaxwell",
            "is_restricted": false,
            "is_ultra_restricted": false
        },
        "blocks": [
            {
                "type": "rich_text",
                "block_id": "DktPm",
                "elements": [
                    {
                        "type": "rich_text_section",
                        "elements": [
                            {
                                "type": "text",
                                "text": "Awesome "
                            },
                            {
                                "type": "emoji",
                                "name": "smile",
                                "unicode": "1f604"
                            },
                            {
                                "type": "text",
                                "text": " I think I was near that area the other day"
                            }
                        ]
                    }
                ]
            }
        ]
    },
    {
        "text": "<@U3N3P0V89> uploaded a file: <https:\/\/neohabitat.slack.com\/files\/U3N3P0V89\/F9CUQKYJ1\/regionnumbers.png|regionnumbers.png>",
        "files": [
            {
                "id": "F9CUQKYJ1",
                "created": 1519253930,
                "timestamp": 1519253930,
                "name": "regionnumbers.png",
                "title": "regionnumbers.png",
                "mimetype": "image\/png",
                "filetype": "png",
                "pretty_type": "PNG",
                "user": "U3N3P0V89",
                "user_team": "T3NRU3N8L",
                "editable": false,
                "size": 586975,
                "mode": "hosted",
                "is_external": false,
                "external_type": "",
                "is_public": true,
                "public_url_shared": false,
                "display_as_bot": false,
                "username": "",
                "url_private": "https:\/\/files.slack.com\/files-pri\/T3NRU3N8L-F9CUQKYJ1\/regionnumbers.png?t=xoxe-124878124292-7467719047090-7480385333457-4296bbd25a5710071a4df099b64b6f19",
                "url_private_download": "https:\/\/files.slack.com\/files-pri\/T3NRU3N8L-F9CUQKYJ1\/download\/regionnumbers.png?t=xoxe-124878124292-7467719047090-7480385333457-4296bbd25a5710071a4df099b64b6f19",
                "media_display_type": "unknown",
                "thumb_64": "https:\/\/files.slack.com\/files-tmb\/T3NRU3N8L-F9CUQKYJ1-4bb8eb1697\/regionnumbers_64.png?t=xoxe-124878124292-7467719047090-7480385333457-4296bbd25a5710071a4df099b64b6f19",
                "thumb_80": "https:\/\/files.slack.com\/files-tmb\/T3NRU3N8L-F9CUQKYJ1-4bb8eb1697\/regionnumbers_80.png?t=xoxe-124878124292-7467719047090-7480385333457-4296bbd25a5710071a4df099b64b6f19",
                "thumb_360": "https:\/\/files.slack.com\/files-tmb\/T3NRU3N8L-F9CUQKYJ1-4bb8eb1697\/regionnumbers_360.png?t=xoxe-124878124292-7467719047090-7480385333457-4296bbd25a5710071a4df099b64b6f19",
                "thumb_360_w": 360,
                "thumb_360_h": 284,
                "thumb_480": "https:\/\/files.slack.com\/files-tmb\/T3NRU3N8L-F9CUQKYJ1-4bb8eb1697\/regionnumbers_480.png?t=xoxe-124878124292-7467719047090-7480385333457-4296bbd25a5710071a4df099b64b6f19",
                "thumb_480_w": 480,
                "thumb_480_h": 379,
                "thumb_160": "https:\/\/files.slack.com\/files-tmb\/T3NRU3N8L-F9CUQKYJ1-4bb8eb1697\/regionnumbers_160.png?t=xoxe-124878124292-7467719047090-7480385333457-4296bbd25a5710071a4df099b64b6f19",
                "thumb_720": "https:\/\/files.slack.com\/files-tmb\/T3NRU3N8L-F9CUQKYJ1-4bb8eb1697\/regionnumbers_720.png?t=xoxe-124878124292-7467719047090-7480385333457-4296bbd25a5710071a4df099b64b6f19",
                "thumb_720_w": 720,
                "thumb_720_h": 568,
                "thumb_800": "https:\/\/files.slack.com\/files-tmb\/T3NRU3N8L-F9CUQKYJ1-4bb8eb1697\/regionnumbers_800.png?t=xoxe-124878124292-7467719047090-7480385333457-4296bbd25a5710071a4df099b64b6f19",
                "thumb_800_w": 800,
                "thumb_800_h": 631,
                "thumb_960": "https:\/\/files.slack.com\/files-tmb\/T3NRU3N8L-F9CUQKYJ1-4bb8eb1697\/regionnumbers_960.png?t=xoxe-124878124292-7467719047090-7480385333457-4296bbd25a5710071a4df099b64b6f19",
                "thumb_960_w": 960,
                "thumb_960_h": 757,
                "thumb_1024": "https:\/\/files.slack.com\/files-tmb\/T3NRU3N8L-F9CUQKYJ1-4bb8eb1697\/regionnumbers_1024.png?t=xoxe-124878124292-7467719047090-7480385333457-4296bbd25a5710071a4df099b64b6f19",
                "thumb_1024_w": 1024,
                "thumb_1024_h": 807,
                "image_exif_rotation": 1,
                "original_w": 1102,
                "original_h": 869,
                "permalink": "https:\/\/neohabitat.slack.com\/files\/U3N3P0V89\/F9CUQKYJ1\/regionnumbers.png",
                "permalink_public": "https:\/\/slack-files.com\/T3NRU3N8L-F9CUQKYJ1-261c61aab6",
                "is_starred": false,
                "has_rich_preview": false,
                "file_access": "visible"
            }
        ],
        "upload": true,
        "user": "U3N3P0V89",
        "display_as_bot": false,
        "blocks": [
            {
                "type": "rich_text",
                "block_id": "nQVi",
                "elements": [
                    {
                        "type": "rich_text_section",
                        "elements": [
                            {
                                "type": "user",
                                "user_id": "U3N3P0V89"
                            },
                            {
                                "type": "text",
                                "text": " uploaded a file: "
                            },
                            {
                                "type": "link",
                                "url": "https:\/\/neohabitat.slack.com\/files\/U3N3P0V89\/F9CUQKYJ1\/regionnumbers.png",
                                "text": "regionnumbers.png",
                                "unsafe": true
                            }
                        ]
                    }
                ]
            }
        ],
        "type": "message",
        "ts": "1519253934.000260"
    },
    {
        "user": "U3N3P0V89",
        "type": "message",
        "ts": "1519253945.000424",
        "text": "a map of downtown if you need it (it's identical in layout but a couple of regions have been tweaked from the originals",
        "team": "T3NRU3N8L",
        "user_team": "T3NRU3N8L",
        "source_team": "T3NRU3N8L",
        "user_profile": {
            "avatar_hash": "6dcfc9e0d4c7",
            "image_72": "https:\/\/avatars.slack-edge.com\/2017-06-07\/195047001686_6dcfc9e0d4c71e750732_72.png",
            "first_name": "Stu",
            "real_name": "Stu",
            "display_name": "stu",
            "team": "T3NRU3N8L",
            "name": "stu",
            "is_restricted": false,
            "is_ultra_restricted": false
        },
        "blocks": [
            {
                "type": "rich_text",
                "block_id": "4RKqr",
                "elements": [
                    {
                        "type": "rich_text_section",
                        "elements": [
                            {
                                "type": "text",
                                "text": "a map of downtown if you need it (it's identical in layout but a couple of regions have been tweaked from the originals"
                            }
                        ]
                    }
                ]
            }
        ]
    },
    {
        "user": "U9AAG29UZ",
        "type": "message",
        "ts": "1519253959.000259",
        "text": "This is uh... a lot easier to read than the other maps I have been looking at. thanks :slightly_smiling_face:",
        "team": "T3NRU3N8L",
        "user_team": "T3NRU3N8L",
        "source_team": "T3NRU3N8L",
        "user_profile": {
            "avatar_hash": "gb17af066585",
            "image_72": "https:\/\/secure.gravatar.com\/avatar\/cb17af0665852e16d3b62c0a64a9da39.jpg?s=72&d=https%3A%2F%2Fa.slack-edge.com%2Fdf10d%2Fimg%2Favatars%2Fava_0009-72.png",
            "first_name": "",
            "real_name": "mold",
            "display_name": "mold",
            "team": "T3NRU3N8L",
            "name": "musicalmaxwell",
            "is_restricted": false,
            "is_ultra_restricted": false
        },
        "blocks": [
            {
                "type": "rich_text",
                "block_id": "J9HE",
                "elements": [
                    {
                        "type": "rich_text_section",
                        "elements": [
                            {
                                "type": "text",
                                "text": "This is uh... a lot easier to read than the other maps I have been looking at. thanks "
                            },
                            {
                                "type": "emoji",
                                "name": "slightly_smiling_face",
                                "unicode": "1f642"
                            }
                        ]
                    }
                ]
            }
        ]
    },
    {
        "user": "U3N3P0V89",
        "type": "message",
        "ts": "1519253991.000324",
        "text": "this is an original one from 1987 :smile: i want to clean it up because this was pieced together from 7 pages of PDF scans lol",
        "team": "T3NRU3N8L",
        "user_team": "T3NRU3N8L",
        "source_team": "T3NRU3N8L",
        "user_profile": {
            "avatar_hash": "6dcfc9e0d4c7",
            "image_72": "https:\/\/avatars.slack-edge.com\/2017-06-07\/195047001686_6dcfc9e0d4c71e750732_72.png",
            "first_name": "Stu",
            "real_name": "Stu",
            "display_name": "stu",
            "team": "T3NRU3N8L",
            "name": "stu",
            "is_restricted": false,
            "is_ultra_restricted": false
        },
        "blocks": [
            {
                "type": "rich_text",
                "block_id": "xVjo",
                "elements": [
                    {
                        "type": "rich_text_section",
                        "elements": [
                            {
                                "type": "text",
                                "text": "this is an original one from 1987 "
                            },
                            {
                                "type": "emoji",
                                "name": "smile",
                                "unicode": "1f604"
                            },
                            {
                                "type": "text",
                                "text": " i want to clean it up because this was pieced together from 7 pages of PDF scans lol"
                            }
                        ]
                    }
                ]
            }
        ]
    },
    {
        "user": "U9AAG29UZ",
        "type": "message",
        "ts": "1519254508.000324",
        "text": "I can quickly try to clean it up for ya.",
        "team": "T3NRU3N8L",
        "user_team": "T3NRU3N8L",
        "source_team": "T3NRU3N8L",
        "user_profile": {
            "avatar_hash": "gb17af066585",
            "image_72": "https:\/\/secure.gravatar.com\/avatar\/cb17af0665852e16d3b62c0a64a9da39.jpg?s=72&d=https%3A%2F%2Fa.slack-edge.com%2Fdf10d%2Fimg%2Favatars%2Fava_0009-72.png",
            "first_name": "",
            "real_name": "mold",
            "display_name": "mold",
            "team": "T3NRU3N8L",
            "name": "musicalmaxwell",
            "is_restricted": false,
            "is_ultra_restricted": false
        },
        "blocks": [
            {
                "type": "rich_text",
                "block_id": "Q47HX",
                "elements": [
                    {
                        "type": "rich_text_section",
                        "elements": [
                            {
                                "type": "text",
                                "text": "I can quickly try to clean it up for ya."
                            }
                        ]
                    }
                ]
            }
        ]
    },
    {
        "user": "U9AAG29UZ",
        "type": "message",
        "ts": "1519255195.000335",
        "text": "looks like the right side was giving you a lot of trouble",
        "team": "T3NRU3N8L",
        "user_team": "T3NRU3N8L",
        "source_team": "T3NRU3N8L",
        "user_profile": {
            "avatar_hash": "gb17af066585",
            "image_72": "https:\/\/secure.gravatar.com\/avatar\/cb17af0665852e16d3b62c0a64a9da39.jpg?s=72&d=https%3A%2F%2Fa.slack-edge.com%2Fdf10d%2Fimg%2Favatars%2Fava_0009-72.png",
            "first_name": "",
            "real_name": "mold",
            "display_name": "mold",
            "team": "T3NRU3N8L",
            "name": "musicalmaxwell",
            "is_restricted": false,
            "is_ultra_restricted": false
        },
        "blocks": [
            {
                "type": "rich_text",
                "block_id": "4Zj",
                "elements": [
                    {
                        "type": "rich_text_section",
                        "elements": [
                            {
                                "type": "text",
                                "text": "looks like the right side was giving you a lot of trouble"
                            }
                        ]
                    }
                ]
            }
        ]
    },
    {
        "text": "<@U9AAG29UZ> uploaded a file: <https:\/\/neohabitat.slack.com\/files\/U9AAG29UZ\/F9CQYL38C\/image.png|i threw it into illustrator for funsies>",
        "files": [
            {
                "id": "F9CQYL38C",
                "created": 1519255707,
                "timestamp": 1519255707,
                "name": "image.png",
                "title": "i threw it into illustrator for funsies",
                "mimetype": "image\/png",
                "filetype": "png",
                "pretty_type": "PNG",
                "user": "U9AAG29UZ",
                "user_team": "T3NRU3N8L",
                "editable": false,
                "size": 69872,
                "mode": "hosted",
                "is_external": false,
                "external_type": "",
                "is_public": true,
                "public_url_shared": false,
                "display_as_bot": false,
                "username": "",
                "url_private": "https:\/\/files.slack.com\/files-pri\/T3NRU3N8L-F9CQYL38C\/image.png?t=xoxe-124878124292-7467719047090-7480385333457-4296bbd25a5710071a4df099b64b6f19",
                "url_private_download": "https:\/\/files.slack.com\/files-pri\/T3NRU3N8L-F9CQYL38C\/download\/image.png?t=xoxe-124878124292-7467719047090-7480385333457-4296bbd25a5710071a4df099b64b6f19",
                "media_display_type": "unknown",
                "thumb_64": "https:\/\/files.slack.com\/files-tmb\/T3NRU3N8L-F9CQYL38C-524b4553b0\/image_64.png?t=xoxe-124878124292-7467719047090-7480385333457-4296bbd25a5710071a4df099b64b6f19",
                "thumb_80": "https:\/\/files.slack.com\/files-tmb\/T3NRU3N8L-F9CQYL38C-524b4553b0\/image_80.png?t=xoxe-124878124292-7467719047090-7480385333457-4296bbd25a5710071a4df099b64b6f19",
                "thumb_360": "https:\/\/files.slack.com\/files-tmb\/T3NRU3N8L-F9CQYL38C-524b4553b0\/image_360.png?t=xoxe-124878124292-7467719047090-7480385333457-4296bbd25a5710071a4df099b64b6f19",
                "thumb_360_w": 360,
                "thumb_360_h": 284,
                "thumb_480": "https:\/\/files.slack.com\/files-tmb\/T3NRU3N8L-F9CQYL38C-524b4553b0\/image_480.png?t=xoxe-124878124292-7467719047090-7480385333457-4296bbd25a5710071a4df099b64b6f19",
                "thumb_480_w": 480,
                "thumb_480_h": 379,
                "thumb_160": "https:\/\/files.slack.com\/files-tmb\/T3NRU3N8L-F9CQYL38C-524b4553b0\/image_160.png?t=xoxe-124878124292-7467719047090-7480385333457-4296bbd25a5710071a4df099b64b6f19",
                "thumb_720": "https:\/\/files.slack.com\/files-tmb\/T3NRU3N8L-F9CQYL38C-524b4553b0\/image_720.png?t=xoxe-124878124292-7467719047090-7480385333457-4296bbd25a5710071a4df099b64b6f19",
                "thumb_720_w": 720,
                "thumb_720_h": 569,
                "thumb_800": "https:\/\/files.slack.com\/files-tmb\/T3NRU3N8L-F9CQYL38C-524b4553b0\/image_800.png?t=xoxe-124878124292-7467719047090-7480385333457-4296bbd25a5710071a4df099b64b6f19",
                "thumb_800_w": 800,
                "thumb_800_h": 632,
                "thumb_960": "https:\/\/files.slack.com\/files-tmb\/T3NRU3N8L-F9CQYL38C-524b4553b0\/image_960.png?t=xoxe-124878124292-7467719047090-7480385333457-4296bbd25a5710071a4df099b64b6f19",
                "thumb_960_w": 960,
                "thumb_960_h": 758,
                "image_exif_rotation": 1,
                "original_w": 1010,
                "original_h": 798,
                "permalink": "https:\/\/neohabitat.slack.com\/files\/U9AAG29UZ\/F9CQYL38C\/image.png",
                "permalink_public": "https:\/\/slack-files.com\/T3NRU3N8L-F9CQYL38C-1efd3a783f",
                "is_starred": false,
                "has_rich_preview": false,
                "file_access": "visible"
            }
        ],
        "upload": true,
        "user": "U9AAG29UZ",
        "display_as_bot": false,
        "blocks": [
            {
                "type": "rich_text",
                "block_id": "MbWY",
                "elements": [
                    {
                        "type": "rich_text_section",
                        "elements": [
                            {
                                "type": "user",
                                "user_id": "U9AAG29UZ"
                            },
                            {
                                "type": "text",
                                "text": " uploaded a file: "
                            },
                            {
                                "type": "link",
                                "url": "https:\/\/neohabitat.slack.com\/files\/U9AAG29UZ\/F9CQYL38C\/image.png",
                                "text": "i threw it into illustrator for funsies"
                            }
                        ]
                    }
                ]
            }
        ],
        "type": "message",
        "ts": "1519255711.000218"
    },
    {
        "user": "U9AAG29UZ",
        "type": "message",
        "ts": "1519255836.000079",
        "text": "i have an illustrator preset i made for old pixelated coloring pages (e.g. from <http:\/\/neopets.com|neopets.com>) to attempt to get them at print resolution, and surprisingly it worked quite well on this although it's not as legible as it could be",
        "team": "T3NRU3N8L",
        "user_team": "T3NRU3N8L",
        "source_team": "T3NRU3N8L",
        "user_profile": {
            "avatar_hash": "gb17af066585",
            "image_72": "https:\/\/secure.gravatar.com\/avatar\/cb17af0665852e16d3b62c0a64a9da39.jpg?s=72&d=https%3A%2F%2Fa.slack-edge.com%2Fdf10d%2Fimg%2Favatars%2Fava_0009-72.png",
            "first_name": "",
            "real_name": "mold",
            "display_name": "mold",
            "team": "T3NRU3N8L",
            "name": "musicalmaxwell",
            "is_restricted": false,
            "is_ultra_restricted": false
        },
        "blocks": [
            {
                "type": "rich_text",
                "block_id": "7yba",
                "elements": [
                    {
                        "type": "rich_text_section",
                        "elements": [
                            {
                                "type": "text",
                                "text": "i have an illustrator preset i made for old pixelated coloring pages (e.g. from "
                            },
                            {
                                "type": "link",
                                "url": "http:\/\/neopets.com",
                                "text": "neopets.com"
                            },
                            {
                                "type": "text",
                                "text": ") to attempt to get them at print resolution, and surprisingly it worked quite well on this although it's not as legible as it could be"
                            }
                        ]
                    }
                ]
            }
        ]
    },
    {
        "user": "U9AAG29UZ",
        "type": "message",
        "ts": "1519255897.000089",
        "text": "i wrote an article on my method here: <https:\/\/mold.digital\/resizing-low-resolution-coloring-pages-with-adobe-and-foss-programs\/> if you're interested",
        "team": "T3NRU3N8L",
        "user_team": "T3NRU3N8L",
        "source_team": "T3NRU3N8L",
        "user_profile": {
            "avatar_hash": "gb17af066585",
            "image_72": "https:\/\/secure.gravatar.com\/avatar\/cb17af0665852e16d3b62c0a64a9da39.jpg?s=72&d=https%3A%2F%2Fa.slack-edge.com%2Fdf10d%2Fimg%2Favatars%2Fava_0009-72.png",
            "first_name": "",
            "real_name": "mold",
            "display_name": "mold",
            "team": "T3NRU3N8L",
            "name": "musicalmaxwell",
            "is_restricted": false,
            "is_ultra_restricted": false
        },
        "attachments": [
            {
                "service_name": "Mold's Creative Code",
                "title": "Resizing Low Resolution Coloring Pages with Adobe and FOSS",
                "title_link": "https:\/\/mold.digital\/resizing-low-resolution-coloring-pages-with-adobe-and-foss-programs\/",
                "text": "Resizing Low Resolution coloring pages with Photoshop and Illustrator Note: this may also be useful for low-resolution penwork or black and white logos and text. The image above is from <http:\/\/Neopets.com|Neopets.com> and was originally 450x550px. This article assumes you're resizing a coloring page intended to be printed on an",
                "fallback": "Mold's Creative Code: Resizing Low Resolution Coloring Pages with Adobe and FOSS",
                "image_url": "http:\/\/mold.digital\/content\/images\/2017\/11\/neo2.png",
                "fields": [
                    {
                        "title": "Written by",
                        "value": "Mold",
                        "short": true
                    },
                    {
                        "title": "Filed under",
                        "value": "Documentation, Digital Art",
                        "short": true
                    }
                ],
                "ts": 1511037459,
                "from_url": "https:\/\/mold.digital\/resizing-low-resolution-coloring-pages-with-adobe-and-foss-programs\/",
                "image_width": 205,
                "image_height": 250,
                "image_bytes": 529899,
                "service_icon": "https:\/\/mold.digital\/favicon.ico",
                "id": 1
            }
        ],
        "blocks": [
            {
                "type": "rich_text",
                "block_id": "l78Gd",
                "elements": [
                    {
                        "type": "rich_text_section",
                        "elements": [
                            {
                                "type": "text",
                                "text": "i wrote an article on my method here: "
                            },
                            {
                                "type": "link",
                                "url": "https:\/\/mold.digital\/resizing-low-resolution-coloring-pages-with-adobe-and-foss-programs\/"
                            },
                            {
                                "type": "text",
                                "text": " if you're interested"
                            }
                        ]
                    }
                ]
            }
        ]
    },
    {
        "user": "U3N3P0V89",
        "type": "message",
        "ts": "1519255900.000132",
        "text": "i'd been thinking about that too lol. yeah the legibility is still a bit funky but it helps",
        "team": "T3NRU3N8L",
        "user_team": "T3NRU3N8L",
        "source_team": "T3NRU3N8L",
        "user_profile": {
            "avatar_hash": "6dcfc9e0d4c7",
            "image_72": "https:\/\/avatars.slack-edge.com\/2017-06-07\/195047001686_6dcfc9e0d4c71e750732_72.png",
            "first_name": "Stu",
            "real_name": "Stu",
            "display_name": "stu",
            "team": "T3NRU3N8L",
            "name": "stu",
            "is_restricted": false,
            "is_ultra_restricted": false
        },
        "blocks": [
            {
                "type": "rich_text",
                "block_id": "XSTwL",
                "elements": [
                    {
                        "type": "rich_text_section",
                        "elements": [
                            {
                                "type": "text",
                                "text": "i'd been thinking about that too lol. yeah the legibility is still a bit funky but it helps"
                            }
                        ]
                    }
                ]
            }
        ]
    },
    {
        "user": "U3N3P0V89",
        "type": "message",
        "ts": "1519255904.000104",
        "text": "i'll take a look at that",
        "team": "T3NRU3N8L",
        "user_team": "T3NRU3N8L",
        "source_team": "T3NRU3N8L",
        "user_profile": {
            "avatar_hash": "6dcfc9e0d4c7",
            "image_72": "https:\/\/avatars.slack-edge.com\/2017-06-07\/195047001686_6dcfc9e0d4c71e750732_72.png",
            "first_name": "Stu",
            "real_name": "Stu",
            "display_name": "stu",
            "team": "T3NRU3N8L",
            "name": "stu",
            "is_restricted": false,
            "is_ultra_restricted": false
        },
        "blocks": [
            {
                "type": "rich_text",
                "block_id": "Q\/28",
                "elements": [
                    {
                        "type": "rich_text_section",
                        "elements": [
                            {
                                "type": "text",
                                "text": "i'll take a look at that"
                            }
                        ]
                    }
                ]
            }
        ]
    },
    {
        "text": "<@U3N3P0V89> uploaded a file: <https:\/\/neohabitat.slack.com\/files\/U3N3P0V89\/F9CNQ3K99\/populopolis1987map.png|Populopolis1987Map.png>",
        "files": [
            {
                "id": "F9CNQ3K99",
                "created": 1519255923,
                "timestamp": 1519255923,
                "name": "Populopolis1987Map.png",
                "title": "Populopolis1987Map.png",
                "mimetype": "image\/png",
                "filetype": "png",
                "pretty_type": "PNG",
                "user": "U3N3P0V89",
                "user_team": "T3NRU3N8L",
                "editable": false,
                "size": 6401898,
                "mode": "hosted",
                "is_external": false,
                "external_type": "",
                "is_public": true,
                "public_url_shared": false,
                "display_as_bot": false,
                "username": "",
                "url_private": "https:\/\/files.slack.com\/files-pri\/T3NRU3N8L-F9CNQ3K99\/populopolis1987map.png?t=xoxe-124878124292-7467719047090-7480385333457-4296bbd25a5710071a4df099b64b6f19",
                "url_private_download": "https:\/\/files.slack.com\/files-pri\/T3NRU3N8L-F9CNQ3K99\/download\/populopolis1987map.png?t=xoxe-124878124292-7467719047090-7480385333457-4296bbd25a5710071a4df099b64b6f19",
                "media_display_type": "unknown",
                "thumb_64": "https:\/\/files.slack.com\/files-tmb\/T3NRU3N8L-F9CNQ3K99-c31b9f70e8\/populopolis1987map_64.png?t=xoxe-124878124292-7467719047090-7480385333457-4296bbd25a5710071a4df099b64b6f19",
                "thumb_80": "https:\/\/files.slack.com\/files-tmb\/T3NRU3N8L-F9CNQ3K99-c31b9f70e8\/populopolis1987map_80.png?t=xoxe-124878124292-7467719047090-7480385333457-4296bbd25a5710071a4df099b64b6f19",
                "thumb_360": "https:\/\/files.slack.com\/files-tmb\/T3NRU3N8L-F9CNQ3K99-c31b9f70e8\/populopolis1987map_360.png?t=xoxe-124878124292-7467719047090-7480385333457-4296bbd25a5710071a4df099b64b6f19",
                "thumb_360_w": 241,
                "thumb_360_h": 360,
                "thumb_480": "https:\/\/files.slack.com\/files-tmb\/T3NRU3N8L-F9CNQ3K99-c31b9f70e8\/populopolis1987map_480.png?t=xoxe-124878124292-7467719047090-7480385333457-4296bbd25a5710071a4df099b64b6f19",
                "thumb_480_w": 322,
                "thumb_480_h": 480,
                "thumb_160": "https:\/\/files.slack.com\/files-tmb\/T3NRU3N8L-F9CNQ3K99-c31b9f70e8\/populopolis1987map_160.png?t=xoxe-124878124292-7467719047090-7480385333457-4296bbd25a5710071a4df099b64b6f19",
                "thumb_720": "https:\/\/files.slack.com\/files-tmb\/T3NRU3N8L-F9CNQ3K99-c31b9f70e8\/populopolis1987map_720.png?t=xoxe-124878124292-7467719047090-7480385333457-4296bbd25a5710071a4df099b64b6f19",
                "thumb_720_w": 482,
                "thumb_720_h": 720,
                "thumb_800": "https:\/\/files.slack.com\/files-tmb\/T3NRU3N8L-F9CNQ3K99-c31b9f70e8\/populopolis1987map_800.png?t=xoxe-124878124292-7467719047090-7480385333457-4296bbd25a5710071a4df099b64b6f19",
                "thumb_800_w": 800,
                "thumb_800_h": 1194,
                "thumb_960": "https:\/\/files.slack.com\/files-tmb\/T3NRU3N8L-F9CNQ3K99-c31b9f70e8\/populopolis1987map_960.png?t=xoxe-124878124292-7467719047090-7480385333457-4296bbd25a5710071a4df099b64b6f19",
                "thumb_960_w": 643,
                "thumb_960_h": 960,
                "thumb_1024": "https:\/\/files.slack.com\/files-tmb\/T3NRU3N8L-F9CNQ3K99-c31b9f70e8\/populopolis1987map_1024.png?t=xoxe-124878124292-7467719047090-7480385333457-4296bbd25a5710071a4df099b64b6f19",
                "thumb_1024_w": 686,
                "thumb_1024_h": 1024,
                "image_exif_rotation": 1,
                "original_w": 2995,
                "original_h": 4470,
                "permalink": "https:\/\/neohabitat.slack.com\/files\/U3N3P0V89\/F9CNQ3K99\/populopolis1987map.png",
                "permalink_public": "https:\/\/slack-files.com\/T3NRU3N8L-F9CNQ3K99-f7522bbd27",
                "is_starred": false,
                "has_rich_preview": false,
                "file_access": "visible"
            }
        ],
        "upload": true,
        "user": "U3N3P0V89",
        "display_as_bot": false,
        "blocks": [
            {
                "type": "rich_text",
                "block_id": "8uM",
                "elements": [
                    {
                        "type": "rich_text_section",
                        "elements": [
                            {
                                "type": "user",
                                "user_id": "U3N3P0V89"
                            },
                            {
                                "type": "text",
                                "text": " uploaded a file: "
                            },
                            {
                                "type": "link",
                                "url": "https:\/\/neohabitat.slack.com\/files\/U3N3P0V89\/F9CNQ3K99\/populopolis1987map.png",
                                "text": "Populopolis1987Map.png",
                                "unsafe": true
                            }
                        ]
                    }
                ]
            }
        ],
        "type": "message",
        "ts": "1519255930.000217"
    },
    {
        "user": "U3NS4Q413",
        "type": "message",
        "ts": "1519255939.000079",
        "text": "NICE!",
        "team": "T3NRU3N8L",
        "user_team": "T3NRU3N8L",
        "source_team": "T3NRU3N8L",
        "user_profile": {
            "avatar_hash": "9a824257f5f9",
            "image_72": "https:\/\/avatars.slack-edge.com\/2017-06-19\/200099674645_9a824257f5f9fea53c25_72.png",
            "first_name": "Randy",
            "real_name": "Randy Farmer",
            "display_name": "randy",
            "team": "T3NRU3N8L",
            "name": "randy",
            "is_restricted": false,
            "is_ultra_restricted": false
        },
        "blocks": [
            {
                "type": "rich_text",
                "block_id": "cNb5m",
                "elements": [
                    {
                        "type": "rich_text_section",
                        "elements": [
                            {
                                "type": "text",
                                "text": "NICE!"
                            }
                        ]
                    }
                ]
            }
        ]
    },
    {
        "user": "U3N3P0V89",
        "type": "message",
        "ts": "1519255971.000092",
        "text": "the full size map if you're interested lol (i also have it in PSD form with layers and whatnot). you can get the pdfs from here: <https:\/\/github.com\/frandallfarmer\/neohabitat-doc\/tree\/master\/docs\/historical\/Maps>",
        "team": "T3NRU3N8L",
        "user_team": "T3NRU3N8L",
        "source_team": "T3NRU3N8L",
        "user_profile": {
            "avatar_hash": "6dcfc9e0d4c7",
            "image_72": "https:\/\/avatars.slack-edge.com\/2017-06-07\/195047001686_6dcfc9e0d4c71e750732_72.png",
            "first_name": "Stu",
            "real_name": "Stu",
            "display_name": "stu",
            "team": "T3NRU3N8L",
            "name": "stu",
            "is_restricted": false,
            "is_ultra_restricted": false
        },
        "attachments": [
            {
                "service_name": "GitHub",
                "title": "frandallfarmer\/neohabitat-doc",
                "title_link": "https:\/\/github.com\/frandallfarmer\/neohabitat-doc\/tree\/master\/docs\/historical\/Maps",
                "text": "neohabitat-doc - Documentation and Binary storage for the NeoHabitat project",
                "fallback": "GitHub: frandallfarmer\/neohabitat-doc",
                "from_url": "https:\/\/github.com\/frandallfarmer\/neohabitat-doc\/tree\/master\/docs\/historical\/Maps",
                "thumb_url": "https:\/\/avatars2.githubusercontent.com\/u\/314896?s=400&v=4",
                "thumb_width": 250,
                "thumb_height": 250,
                "service_icon": "https:\/\/a.slack-edge.com\/bfaba\/img\/unfurl_icons\/github.png",
                "id": 1
            }
        ],
        "blocks": [
            {
                "type": "rich_text",
                "block_id": "7ifXa",
                "elements": [
                    {
                        "type": "rich_text_section",
                        "elements": [
                            {
                                "type": "text",
                                "text": "the full size map if you're interested lol (i also have it in PSD form with layers and whatnot). you can get the pdfs from here: "
                            },
                            {
                                "type": "link",
                                "url": "https:\/\/github.com\/frandallfarmer\/neohabitat-doc\/tree\/master\/docs\/historical\/Maps"
                            }
                        ]
                    }
                ]
            }
        ]
    },
    {
        "user": "U3N3P0V89",
        "type": "message",
        "ts": "1519255999.000001",
        "text": "note: the one named \"Populopolis Map - Overview.pdf\" is actually an earlier map that's missing some streets and some of the place names are different",
        "team": "T3NRU3N8L",
        "user_team": "T3NRU3N8L",
        "source_team": "T3NRU3N8L",
        "user_profile": {
            "avatar_hash": "6dcfc9e0d4c7",
            "image_72": "https:\/\/avatars.slack-edge.com\/2017-06-07\/195047001686_6dcfc9e0d4c71e750732_72.png",
            "first_name": "Stu",
            "real_name": "Stu",
            "display_name": "stu",
            "team": "T3NRU3N8L",
            "name": "stu",
            "is_restricted": false,
            "is_ultra_restricted": false
        },
        "blocks": [
            {
                "type": "rich_text",
                "block_id": "xq3j7",
                "elements": [
                    {
                        "type": "rich_text_section",
                        "elements": [
                            {
                                "type": "text",
                                "text": "note: the one named \"Populopolis Map - Overview.pdf\" is actually an earlier map that's missing some streets and some of the place names are different"
                            }
                        ]
                    }
                ]
            }
        ]
    },
    {
        "user": "U3N3P0V89",
        "type": "message",
        "ts": "1519256014.000217",
        "text": "the ones that are split into pieces are the actual map",
        "team": "T3NRU3N8L",
        "user_team": "T3NRU3N8L",
        "source_team": "T3NRU3N8L",
        "user_profile": {
            "avatar_hash": "6dcfc9e0d4c7",
            "image_72": "https:\/\/avatars.slack-edge.com\/2017-06-07\/195047001686_6dcfc9e0d4c71e750732_72.png",
            "first_name": "Stu",
            "real_name": "Stu",
            "display_name": "stu",
            "team": "T3NRU3N8L",
            "name": "stu",
            "is_restricted": false,
            "is_ultra_restricted": false
        },
        "blocks": [
            {
                "type": "rich_text",
                "block_id": "ZN2X=",
                "elements": [
                    {
                        "type": "rich_text_section",
                        "elements": [
                            {
                                "type": "text",
                                "text": "the ones that are split into pieces are the actual map"
                            }
                        ]
                    }
                ]
            }
        ]
    },
    {
        "user": "U3NS4Q413",
        "type": "message",
        "ts": "1519256018.000089",
        "text": "This belongs copied to @exhibit as a possible physical item.",
        "team": "T3NRU3N8L",
        "user_team": "T3NRU3N8L",
        "source_team": "T3NRU3N8L",
        "user_profile": {
            "avatar_hash": "9a824257f5f9",
            "image_72": "https:\/\/avatars.slack-edge.com\/2017-06-19\/200099674645_9a824257f5f9fea53c25_72.png",
            "first_name": "Randy",
            "real_name": "Randy Farmer",
            "display_name": "randy",
            "team": "T3NRU3N8L",
            "name": "randy",
            "is_restricted": false,
            "is_ultra_restricted": false
        },
        "blocks": [
            {
                "type": "rich_text",
                "block_id": "ZHtE",
                "elements": [
                    {
                        "type": "rich_text_section",
                        "elements": [
                            {
                                "type": "text",
                                "text": "This belongs copied to @exhibit as a possible physical item."
                            }
                        ]
                    }
                ]
            }
        ]
    },
    {
        "user": "U3N3P0V89",
        "type": "message",
        "ts": "1519256033.000086",
        "text": "i wanted to clean it up a bit more but yeah totally",
        "team": "T3NRU3N8L",
        "user_team": "T3NRU3N8L",
        "source_team": "T3NRU3N8L",
        "user_profile": {
            "avatar_hash": "6dcfc9e0d4c7",
            "image_72": "https:\/\/avatars.slack-edge.com\/2017-06-07\/195047001686_6dcfc9e0d4c71e750732_72.png",
            "first_name": "Stu",
            "real_name": "Stu",
            "display_name": "stu",
            "team": "T3NRU3N8L",
            "name": "stu",
            "is_restricted": false,
            "is_ultra_restricted": false
        },
        "blocks": [
            {
                "type": "rich_text",
                "block_id": "3g5Y",
                "elements": [
                    {
                        "type": "rich_text_section",
                        "elements": [
                            {
                                "type": "text",
                                "text": "i wanted to clean it up a bit more but yeah totally"
                            }
                        ]
                    }
                ]
            }
        ]
    },
    {
        "user": "U3N3P0V89",
        "type": "message",
        "ts": "1519256037.000193",
        "text": "it's way easier to navigate using this",
        "team": "T3NRU3N8L",
        "user_team": "T3NRU3N8L",
        "source_team": "T3NRU3N8L",
        "user_profile": {
            "avatar_hash": "6dcfc9e0d4c7",
            "image_72": "https:\/\/avatars.slack-edge.com\/2017-06-07\/195047001686_6dcfc9e0d4c71e750732_72.png",
            "first_name": "Stu",
            "real_name": "Stu",
            "display_name": "stu",
            "team": "T3NRU3N8L",
            "name": "stu",
            "is_restricted": false,
            "is_ultra_restricted": false
        },
        "blocks": [
            {
                "type": "rich_text",
                "block_id": "38JV",
                "elements": [
                    {
                        "type": "rich_text_section",
                        "elements": [
                            {
                                "type": "text",
                                "text": "it's way easier to navigate using this"
                            }
                        ]
                    }
                ]
            }
        ]
    }
]