[
    {
        "user": "U3NS4Q413",
        "type": "message",
        "ts": "1650731251.640229",
        "client_msg_id": "bd6b1507-873a-4b33-a7c2-2cde170a0b59",
        "text": "I think if we registered reenacted the sheriff elections, <@UJLK3K4DS> would be a shoe in.",
        "team": "T3NRU3N8L",
        "user_team": "T3NRU3N8L",
        "source_team": "T3NRU3N8L",
        "user_profile": {
            "avatar_hash": "9a824257f5f9",
            "image_72": "https:\/\/avatars.slack-edge.com\/2017-06-19\/200099674645_9a824257f5f9fea53c25_72.png",
            "first_name": "Randy",
            "real_name": "Randy Farmer",
            "display_name": "randy",
            "team": "T3NRU3N8L",
            "name": "randy",
            "is_restricted": false,
            "is_ultra_restricted": false
        },
        "blocks": [
            {
                "type": "rich_text",
                "block_id": "s2HgD",
                "elements": [
                    {
                        "type": "rich_text_section",
                        "elements": [
                            {
                                "type": "text",
                                "text": "I think if we registered reenacted the sheriff elections, "
                            },
                            {
                                "type": "user",
                                "user_id": "UJLK3K4DS"
                            },
                            {
                                "type": "text",
                                "text": " would be a shoe in."
                            }
                        ]
                    }
                ]
            }
        ]
    },
    {
        "subtype": "channel_join",
        "user": "UJLK3K4DS",
        "text": "<@UJLK3K4DS> has joined the channel",
        "inviter": "U3NS4Q413",
        "type": "message",
        "ts": "1650731256.119059"
    },
    {
        "user": "UJLK3K4DS",
        "type": "message",
        "ts": "1650731909.061469",
        "client_msg_id": "aa66fdac-98e1-4c47-8962-123e87845b41",
        "text": "Remember you all, that I still have the MOST DANGEROUS record, I am not sure if that is a good attitude for a sheriff :sweat_smile:",
        "team": "T3NRU3N8L",
        "user_team": "T3NRU3N8L",
        "source_team": "T3NRU3N8L",
        "user_profile": {
            "avatar_hash": "639e026641d3",
            "image_72": "https:\/\/avatars.slack-edge.com\/2022-03-25\/3296810688003_639e026641d3dc2c2ae2_72.jpg",
            "first_name": "Naibor",
            "real_name": "Naibor",
            "display_name": "Naibor",
            "team": "T3NRU3N8L",
            "name": "pedrouran",
            "is_restricted": false,
            "is_ultra_restricted": false
        },
        "blocks": [
            {
                "type": "rich_text",
                "block_id": "qe7",
                "elements": [
                    {
                        "type": "rich_text_section",
                        "elements": [
                            {
                                "type": "text",
                                "text": "Remember you all, that I still have the MOST DANGEROUS record, I am not sure if that is a good attitude for a sheriff "
                            },
                            {
                                "type": "emoji",
                                "name": "sweat_smile",
                                "unicode": "1f605"
                            }
                        ]
                    }
                ]
            }
        ],
        "reactions": [
            {
                "name": "rolling_on_the_floor_laughing",
                "users": [
                    "U3N3P0V89"
                ],
                "count": 1
            }
        ]
    }
]