[
    {
        "user": "U3NS4Q413",
        "type": "message",
        "ts": "1705264518.314019",
        "client_msg_id": "86fc83a5-fc74-4970-b99c-26f658e67b29",
        "text": "How'd the party go <@U955CDF8D>?",
        "team": "T3NRU3N8L",
        "user_team": "T3NRU3N8L",
        "source_team": "T3NRU3N8L",
        "user_profile": {
            "avatar_hash": "9a824257f5f9",
            "image_72": "https:\/\/avatars.slack-edge.com\/2017-06-19\/200099674645_9a824257f5f9fea53c25_72.png",
            "first_name": "Randy",
            "real_name": "Randy Farmer",
            "display_name": "randy",
            "team": "T3NRU3N8L",
            "name": "randy",
            "is_restricted": false,
            "is_ultra_restricted": false
        },
        "blocks": [
            {
                "type": "rich_text",
                "block_id": "xrrO2",
                "elements": [
                    {
                        "type": "rich_text_section",
                        "elements": [
                            {
                                "type": "text",
                                "text": "How'd the party go "
                            },
                            {
                                "type": "user",
                                "user_id": "U955CDF8D"
                            },
                            {
                                "type": "text",
                                "text": "?"
                            }
                        ]
                    }
                ]
            }
        ]
    },
    {
        "user": "U955CDF8D",
        "type": "message",
        "ts": "1705272861.607879",
        "client_msg_id": "4b37e32f-2e29-48b0-b1eb-32839ae6250a",
        "text": "It went super well! Had around 7-8 people at the start and a nice rotation of about 5 folks coming in and out. It was a ton of fun!",
        "team": "T3NRU3N8L",
        "user_team": "T3NRU3N8L",
        "source_team": "T3NRU3N8L",
        "user_profile": {
            "avatar_hash": "g369f8fa1b1c",
            "image_72": "https:\/\/secure.gravatar.com\/avatar\/7369f8fa1b1c6ca7e9a94d81b98afe07.jpg?s=72&d=https%3A%2F%2Fa.slack-edge.com%2Fdf10d%2Fimg%2Favatars%2Fava_0013-72.png",
            "first_name": "",
            "real_name": "Jonathan Myer",
            "display_name": "BogusMeatFactory",
            "team": "T3NRU3N8L",
            "name": "bogusmeatfactory",
            "is_restricted": false,
            "is_ultra_restricted": false
        },
        "blocks": [
            {
                "type": "rich_text",
                "block_id": "Poocl",
                "elements": [
                    {
                        "type": "rich_text_section",
                        "elements": [
                            {
                                "type": "text",
                                "text": "It went super well! Had around 7-8 people at the start and a nice rotation of about 5 folks coming in and out. It was a ton of fun!"
                            }
                        ]
                    }
                ]
            }
        ]
    },
    {
        "user": "U955CDF8D",
        "type": "message",
        "ts": "1705272960.742449",
        "client_msg_id": "8e32cfc4-6b45-4e01-986c-8a46672075d8",
        "text": "Avg viewers on stream was 18 with a max of 28 which is a decent stream for lil' ol' me. Lots of folks wanting another one soon so we will see what we can do!",
        "team": "T3NRU3N8L",
        "user_team": "T3NRU3N8L",
        "source_team": "T3NRU3N8L",
        "user_profile": {
            "avatar_hash": "g369f8fa1b1c",
            "image_72": "https:\/\/secure.gravatar.com\/avatar\/7369f8fa1b1c6ca7e9a94d81b98afe07.jpg?s=72&d=https%3A%2F%2Fa.slack-edge.com%2Fdf10d%2Fimg%2Favatars%2Fava_0013-72.png",
            "first_name": "",
            "real_name": "Jonathan Myer",
            "display_name": "BogusMeatFactory",
            "team": "T3NRU3N8L",
            "name": "bogusmeatfactory",
            "is_restricted": false,
            "is_ultra_restricted": false
        },
        "blocks": [
            {
                "type": "rich_text",
                "block_id": "jhMR9",
                "elements": [
                    {
                        "type": "rich_text_section",
                        "elements": [
                            {
                                "type": "text",
                                "text": "Avg viewers on stream was 18 with a max of 28 which is a decent stream for lil' ol' me. Lots of folks wanting another one soon so we will see what we can do!"
                            }
                        ]
                    }
                ]
            }
        ]
    },
    {
        "user": "U955CDF8D",
        "type": "message",
        "ts": "1705272999.778259",
        "client_msg_id": "eab6984a-0d41-43a5-8768-08004e45964d",
        "text": "Definitely going to do the battle Royale game for the next one.",
        "team": "T3NRU3N8L",
        "user_team": "T3NRU3N8L",
        "source_team": "T3NRU3N8L",
        "user_profile": {
            "avatar_hash": "g369f8fa1b1c",
            "image_72": "https:\/\/secure.gravatar.com\/avatar\/7369f8fa1b1c6ca7e9a94d81b98afe07.jpg?s=72&d=https%3A%2F%2Fa.slack-edge.com%2Fdf10d%2Fimg%2Favatars%2Fava_0013-72.png",
            "first_name": "",
            "real_name": "Jonathan Myer",
            "display_name": "BogusMeatFactory",
            "team": "T3NRU3N8L",
            "name": "bogusmeatfactory",
            "is_restricted": false,
            "is_ultra_restricted": false
        },
        "blocks": [
            {
                "type": "rich_text",
                "block_id": "dJNAh",
                "elements": [
                    {
                        "type": "rich_text_section",
                        "elements": [
                            {
                                "type": "text",
                                "text": "Definitely going to do the battle Royale game for the next one."
                            }
                        ]
                    }
                ]
            }
        ],
        "reactions": [
            {
                "name": "+1::skin-tone-3",
                "users": [
                    "U3N3P0V89"
                ],
                "count": 1
            }
        ]
    }
]