[
    {
        "user": "U06AXB9P1FC",
        "type": "message",
        "ts": "1708026135.204829",
        "client_msg_id": "fa605756-16ff-4110-9138-b16984528533",
        "text": "<https:\/\/dosgame.club\/@MichaelKlamerus\/111932463413576386>",
        "team": "T3NRU3N8L",
        "user_team": "T3NRU3N8L",
        "source_team": "T3NRU3N8L",
        "user_profile": {
            "avatar_hash": "ga9d5707e8c7",
            "image_72": "https:\/\/secure.gravatar.com\/avatar\/a9d5707e8c7e10ef3836f37865248577.jpg?s=72&d=https%3A%2F%2Fa.slack-edge.com%2Fdf10d%2Fimg%2Favatars%2Fava_0009-72.png",
            "first_name": "Jeremy",
            "real_name": "Jeremy Penner",
            "display_name": "SpindleyQ",
            "team": "T3NRU3N8L",
            "name": "jeremy758",
            "is_restricted": false,
            "is_ultra_restricted": false
        },
        "attachments": [
            {
                "from_url": "https:\/\/dosgame.club\/@MichaelKlamerus\/111932463413576386",
                "ts": 1707953848,
                "service_icon": "https:\/\/dosgame.club\/favicon.ico",
                "id": 1,
                "original_url": "https:\/\/dosgame.club\/@MichaelKlamerus\/111932463413576386",
                "fallback": "DOS Game Club Mastodon: Michael Klamerus (@MichaelKlamerus@dosgame.club)",
                "text": "Habitat meetup this Friday at 8pm EST! Come hang out in the 80s Lucasfilm Games MMO Habitat and talk to other folks. The game is playable in the browser for free through NeoHabitat!\n\n<https:\/\/frandallfarmer.github.io\/neohabitat-doc\/docs\/\/>",
                "title": "Michael Klamerus (@MichaelKlamerus@dosgame.club)",
                "title_link": "https:\/\/dosgame.club\/@MichaelKlamerus\/111932463413576386",
                "service_name": "DOS Game Club Mastodon"
            }
        ],
        "blocks": [
            {
                "type": "rich_text",
                "block_id": "nDCG6",
                "elements": [
                    {
                        "type": "rich_text_section",
                        "elements": [
                            {
                                "type": "link",
                                "url": "https:\/\/dosgame.club\/@MichaelKlamerus\/111932463413576386"
                            }
                        ]
                    }
                ]
            }
        ],
        "reactions": [
            {
                "name": "heart",
                "users": [
                    "U3N3P0V89",
                    "U955CDF8D"
                ],
                "count": 2
            }
        ]
    }
]