[
    {
        "user": "U955CDF8D",
        "type": "message",
        "ts": "1704471100.716879",
        "client_msg_id": "826ce54d-d44a-4e40-924a-c72589c9354f",
        "text": "Hey folks, we are going to have to postpone the big Habitat gathering event I had planned for 7 PM EST on January 5th (tonight). My wife and I both are very sick so we will have to push the event back to Friday January 12th at the same time. I really appreciate your patience and hope to see you then!",
        "team": "T3NRU3N8L",
        "user_team": "T3NRU3N8L",
        "source_team": "T3NRU3N8L",
        "user_profile": {
            "avatar_hash": "g369f8fa1b1c",
            "image_72": "https:\/\/secure.gravatar.com\/avatar\/7369f8fa1b1c6ca7e9a94d81b98afe07.jpg?s=72&d=https%3A%2F%2Fa.slack-edge.com%2Fdf10d%2Fimg%2Favatars%2Fava_0013-72.png",
            "first_name": "",
            "real_name": "Jonathan Myer",
            "display_name": "BogusMeatFactory",
            "team": "T3NRU3N8L",
            "name": "bogusmeatfactory",
            "is_restricted": false,
            "is_ultra_restricted": false
        },
        "thread_ts": "1704471100.716879",
        "reply_count": 1,
        "reply_users_count": 1,
        "latest_reply": "1704471440.073329",
        "reply_users": [
            "U06AXB9P1FC"
        ],
        "replies": [
            {
                "user": "U06AXB9P1FC",
                "ts": "1704471440.073329"
            }
        ],
        "is_locked": false,
        "subscribed": false,
        "blocks": [
            {
                "type": "rich_text",
                "block_id": "g8etR",
                "elements": [
                    {
                        "type": "rich_text_section",
                        "elements": [
                            {
                                "type": "text",
                                "text": "Hey folks, we are going to have to postpone the big Habitat gathering event I had planned for 7 PM EST on January 5th (tonight). My wife and I both are very sick so we will have to push the event back to Friday January 12th at the same time. I really appreciate your patience and hope to see you then!"
                            }
                        ]
                    }
                ]
            }
        ],
        "reactions": [
            {
                "name": "heart",
                "users": [
                    "U3N3P0V89"
                ],
                "count": 1
            }
        ]
    },
    {
        "user": "U06AXB9P1FC",
        "type": "message",
        "ts": "1704471440.073329",
        "client_msg_id": "e14675ff-ef15-4f32-a0d5-f0187e64b791",
        "text": "That sucks! Rest up, and I hope everyone is feeling better soon!",
        "team": "T3NRU3N8L",
        "user_team": "T3NRU3N8L",
        "source_team": "T3NRU3N8L",
        "user_profile": {
            "avatar_hash": "ga9d5707e8c7",
            "image_72": "https:\/\/secure.gravatar.com\/avatar\/a9d5707e8c7e10ef3836f37865248577.jpg?s=72&d=https%3A%2F%2Fa.slack-edge.com%2Fdf10d%2Fimg%2Favatars%2Fava_0009-72.png",
            "first_name": "Jeremy",
            "real_name": "Jeremy Penner",
            "display_name": "SpindleyQ",
            "team": "T3NRU3N8L",
            "name": "jeremy758",
            "is_restricted": false,
            "is_ultra_restricted": false
        },
        "thread_ts": "1704471100.716879",
        "parent_user_id": "U955CDF8D",
        "blocks": [
            {
                "type": "rich_text",
                "block_id": "ZwgTp",
                "elements": [
                    {
                        "type": "rich_text_section",
                        "elements": [
                            {
                                "type": "text",
                                "text": "That sucks! Rest up, and I hope everyone is feeling better soon!"
                            }
                        ]
                    }
                ]
            }
        ]
    },
    {
        "user": "U3NS4Q413",
        "type": "message",
        "ts": "1704482699.223619",
        "client_msg_id": "1f90852d-c363-449c-86af-bf73ab379ec7",
        "text": "I'll tell the twitters and stuff.",
        "team": "T3NRU3N8L",
        "user_team": "T3NRU3N8L",
        "source_team": "T3NRU3N8L",
        "user_profile": {
            "avatar_hash": "9a824257f5f9",
            "image_72": "https:\/\/avatars.slack-edge.com\/2017-06-19\/200099674645_9a824257f5f9fea53c25_72.png",
            "first_name": "Randy",
            "real_name": "Randy Farmer",
            "display_name": "randy",
            "team": "T3NRU3N8L",
            "name": "randy",
            "is_restricted": false,
            "is_ultra_restricted": false
        },
        "blocks": [
            {
                "type": "rich_text",
                "block_id": "otXC8",
                "elements": [
                    {
                        "type": "rich_text_section",
                        "elements": [
                            {
                                "type": "text",
                                "text": "I'll tell the twitters and stuff."
                            }
                        ]
                    }
                ]
            }
        ],
        "reactions": [
            {
                "name": "heart",
                "users": [
                    "U3N3P0V89"
                ],
                "count": 1
            }
        ]
    },
    {
        "user": "U41BJADGU",
        "type": "message",
        "ts": "1704510366.497509",
        "client_msg_id": "6d150e60-53e7-4dbc-ab23-b25933dc8fee",
        "text": "Get well soon!",
        "team": "T3NRU3N8L",
        "user_team": "T3NRU3N8L",
        "source_team": "T3NRU3N8L",
        "user_profile": {
            "avatar_hash": "f3bfb536f4e1",
            "image_72": "https:\/\/avatars.slack-edge.com\/2017-03-06\/151260998854_f3bfb536f4e1f6383a63_48.png",
            "first_name": "Ricky",
            "real_name": "Ricky Derocher",
            "display_name": "ricky_derocher",
            "team": "T3NRU3N8L",
            "name": "ricky_derocher",
            "is_restricted": false,
            "is_ultra_restricted": false
        },
        "blocks": [
            {
                "type": "rich_text",
                "block_id": "pA1di",
                "elements": [
                    {
                        "type": "rich_text_section",
                        "elements": [
                            {
                                "type": "text",
                                "text": "Get well soon!"
                            }
                        ]
                    }
                ]
            }
        ]
    }
]